"Fishery","Country","Species","Scientific.x","Time","N","phi_lower","phi_expected","phi_upper","g_lower","g_expected","g_upper","K_lower","K_expected","K_upper","b0_lower","b0_expected","b0_upper","f0_total_lower","f0_total_expected","f0_total_upper","theta_domestic","theta_legal1_lower","theta_legal1_expected","theta_legal1_upper","theta_legal2_lower","theta_legal2_expected","theta_legal2_upper","p1_lower","p1_expected","p1_upper","p2_lower","p2_expected","p2_upper","beta_lower","beta_expected","beta_upper","c1_lower","c1_expected","c1_upper","c2_lower","c2_expected","c2_upper","disc_lower","disc_expected","disc_upper","gamma_p1","gamma_p2","gamma_c1","gamma_c2","lambda","split"
"Abalones nei single_stock","Japan","Abalones nei","Haliotis spp",50,1,0.188,0.188,0.188,0.0364444069076824,0.0364444069076824,0.0364444069076824,153725.900158494,153725.900158494,153725.900158494,0.702906842425514,0.702906842425514,0.702906842425514,0.828466243861376,0.828466243861376,0.828466243861376,1,1,1,1,0,0,0,45508.29529,52244.7147030769,58098.95341,45508.29529,52244.7147030769,58098.95341,1,1.3,1.5,1399160731.62676,3733310473.21192,7284557795.69237,1399160731.62676,3733310473.21192,7284557795.69237,0.01,0.02,0.03,1.31,1.31,0.77,0.77,0.1,1
"Alaska pollock(=Walleye poll.) pacific_stock","Japan","Alaska pollock(=Walleye poll.)","Theragra chalcogramma",50,1,0.188,0.188,0.188,0.0326146338052567,0.0326146338052567,0.0326146338052567,92985978.2832054,92985978.2832054,92985978.2832054,0.177242791964417,0.177242791964417,0.177242791964417,0.836139236569568,0.836139236569568,0.836139236569568,1,1,1,1,0,0,0,412.0580546,1066.71420654615,2208.619804,412.0580546,1066.71420654615,2208.619804,1,1.3,1.5,7663124263.2911,47668969074.7109,177066114026.742,7663124263.2911,47668969074.7109,177066114026.742,0.01,0.02,0.03,1.31,1.31,0.77,0.77,0.1,1
"Alaska pollock(=Walleye poll.) sea_of_japan_north_stock","Japan","Alaska pollock(=Walleye poll.)","Theragra chalcogramma",50,1,0.188,0.188,0.188,0.0307101900083722,0.0307101900083722,0.0307101900083722,2776001.27201894,2776001.27201894,2776001.27201894,0.378883179520828,0.378883179520828,0.378883179520828,0.0145702667898396,0.0145702667898396,0.0145702667898396,1,1,1,1,0,0,0,3197.428646,4880.28051376923,6284.734176,3197.428646,4880.28051376923,6284.734176,1,1.3,1.5,1775213197.69716,6629391441.74991,15501317267.5679,1775213197.69716,6629391441.74991,15501317267.5679,0.01,0.02,0.03,1.31,1.31,0.77,0.77,0.1,1
"Albacore single_stock","Japan","Albacore","Thunnus alalunga",50,1,0.188,0.188,0.188,0.0404624266921751,0.0404624266921751,0.0404624266921751,2830132.00102912,2830132.00102912,2830132.00102912,0.683617136765729,0.683617136765729,0.683617136765729,1.55824986180707,1.55824986180707,1.55824986180707,0.6,1,1,1,0,0,0,2949.068185,3475.39166484615,4187.851544,2949.068185,3475.39166484615,4187.851544,1,1.3,1.5,1669250448.71707,4430868259.61594,9174349697.98314,1669250448.71707,4430868259.61594,9174349697.98314,0.01,0.02,0.03,1.31,1.31,0.77,0.77,0.1,1
"Amberstripe scad single_stock","Japan","Amberstripe scad","Decapterus muroadsi",50,1,0.188,0.188,0.188,0.0363980640890043,0.0363980640890043,0.0363980640890043,3566405.40652005,3566405.40652005,3566405.40652005,0.374712102072058,0.374712102072058,0.374712102072058,0.76136161215264,0.76136161215264,0.76136161215264,1,1,1,1,0,0,0,1236.477969,1878.68764669231,2480.582426,1236.477969,1878.68764669231,2480.582426,1,1.3,1.5,881956342.736905,3115700985.0517,7220188106.36327,881956342.736905,3115700985.0517,7220188106.36327,0.01,0.02,0.03,1.31,1.31,0.77,0.77,0.1,1
"Antarctic krill nei single_stock","Japan","Antarctic krill nei","Euphausia spp",50,1,0.188,0.188,0.188,0.0408730515708737,0.0408730515708737,0.0408730515708737,1751537.81838979,1751537.81838979,1751537.81838979,0.538322912082824,0.538322912082824,0.538322912082824,1.72955065467983,1.72955065467983,1.72955065467983,0.6,1,1,1,0,0,0,313.814282,1929.84177636923,3936.525788,313.814282,1929.84177636923,3936.525788,1,1.3,1.5,109931516.574768,1518112902.8843,5310279386.86472,109931516.574768,1518112902.8843,5310279386.86472,0.01,0.02,0.03,1.31,1.31,0.77,0.77,0.1,1
"Bastard halibut pacific_central_stock","Japan","Bastard halibut","Paralichthys olivaceus",50,1,0.188,0.188,0.188,0.0409016749839455,0.0409016749839455,0.0409016749839455,35701.4987526182,35701.4987526182,35701.4987526182,0.695629084456648,0.695629084456648,0.695629084456648,2.46851441933991,2.46851441933991,2.46851441933991,1,1,1,1,0,0,0,9843.891755,14021.665909,20018.66674,9843.891755,14021.665909,20018.66674,1,1.3,1.5,70288337.8424083,224780018.849705,550242756.584521,70288337.8424083,224780018.849705,550242756.584521,0.01,0.02,0.03,1.31,1.31,0.77,0.77,0.1,1
"Bastard halibut pacific_north_stock","Japan","Bastard halibut","Paralichthys olivaceus",50,1,0.188,0.188,0.188,0.0360489723223785,0.0360489723223785,0.0360489723223785,170220.604335865,170220.604335865,170220.604335865,0.762650296913284,0.762650296913284,0.762650296913284,1.7495278201655,1.7495278201655,1.7495278201655,1,1,1,1,0,0,0,6356.017079,9485.126392,13776.61197,6356.017079,9485.126392,13776.61197,1,1.3,1.5,216385013.671292,752976377.945049,1923142179.04551,216385013.671292,752976377.945049,1923142179.04551,0.01,0.02,0.03,1.31,1.31,0.77,0.77,0.1,1
"Bastard halibut sea_of_japan_north_central_stock","Japan","Bastard halibut","Paralichthys olivaceus",50,1,0.188,0.188,0.188,0.034791914923347,0.034791914923347,0.034791914923347,116744.245432013,116744.245432013,116744.245432013,0.446427971391125,0.446427971391125,0.446427971391125,2.55338191422059,2.55338191422059,2.55338191422059,1,1,1,1,0,0,0,10002.56875,11850.4645615385,13828.72389,10002.56875,11850.4645615385,13828.72389,1,1.3,1.5,233548468.220116,652110700.448665,1347664239.61917,233548468.220116,652110700.448665,1347664239.61917,0.01,0.02,0.03,1.31,1.31,0.77,0.77,0.1,1
"Bastard halibut sea_of_japan_west_east_china_sea_stock","Japan","Bastard halibut","Paralichthys olivaceus",50,1,0.188,0.188,0.188,0.0318090333485201,0.0318090333485201,0.0318090333485201,82823.7610625975,82823.7610625975,82823.7610625975,0.434420852594719,0.434420852594719,0.434420852594719,2.27828596062867,2.27828596062867,2.27828596062867,1,1,1,1,0,0,0,11472.79753,13032.4308961538,15096.51812,11472.79753,13032.4308961538,15096.51812,1,1.3,1.5,190044048.268856,522647894.877759,1091590601.90309,190044048.268856,522647894.877759,1091590601.90309,0.01,0.02,0.03,1.31,1.31,0.77,0.77,0.1,1
"Bastard halibut seto_inland_sea_stock","Japan","Bastard halibut","Paralichthys olivaceus",50,1,0.188,0.188,0.188,0.0351430099784947,0.0351430099784947,0.0351430099784947,50449.7208960282,50449.7208960282,50449.7208960282,0.594670165415092,0.594670165415092,0.594670165415092,1.7428237657902,1.7428237657902,1.7428237657902,1,1,1,1,0,0,0,12315.92893,14300.6698223077,16731.44402,12315.92893,14300.6698223077,16731.44402,1,1.3,1.5,124267035.418764,339045066.176345,701093591.93609,124267035.418764,339045066.176345,701093591.93609,0.01,0.02,0.03,1.31,1.31,0.77,0.77,0.1,1
"Bigeye tuna single_stock","Japan","Bigeye tuna","Thunnus obesus",50,1,0.188,0.188,0.188,0.0434314462550492,0.0434314462550492,0.0434314462550492,4024908.56993669,4024908.56993669,4024908.56993669,0.794178899569256,0.794178899569256,0.794178899569256,0.893372889696483,0.893372889696483,0.893372889696483,0.6,1,1,1,0,0,0,6541.665855,8276.92848546154,9845.73389,6541.665855,8276.92848546154,9845.73389,1,1.3,1.5,5265921392.29035,14691897938.9442,29607739433.804,5265921392.29035,14691897938.9442,29607739433.804,0.01,0.02,0.03,1.31,1.31,0.77,0.77,0.1,1
"Blackhead seabream, Goldlined seabream single_stock","Japan","Blackhead seabream, Goldlined seabream","Acanthopagrus schlegeli, Rhabdosargus sarba",50,1,0.188,0.188,0.188,0.0399395254519843,0.0399395254519843,0.0399395254519843,169378.258138278,169378.258138278,169378.258138278,0.860224659605095,0.860224659605095,0.860224659605095,1.36377551598238,1.36377551598238,1.36377551598238,1,1,1,1,0,0,0,4678.877709,5090.451238,5567.349998,4678.877709,5090.451238,5567.349998,1,1.3,1.5,158500031.278487,389930352.077389,734696582.419596,158500031.278487,389930352.077389,734696582.419596,0.01,0.02,0.03,1.31,1.31,0.77,0.77,0.1,1
"Blue marlin single_stock","Japan","Blue marlin","Makaira nigricans",50,1,0.188,0.188,0.188,0.0288803102905699,0.0288803102905699,0.0288803102905699,911926.976491803,911926.976491803,911926.976491803,0.336287246592738,0.336287246592738,0.336287246592738,0.786409597830824,0.786409597830824,0.786409597830824,0.6,1,1,1,0,0,0,3252.673597,3749.91569769231,4296.263153,3252.673597,3749.91569769231,4296.263153,1,1.3,1.5,593240159.765385,1704492046.52565,3589659815.10597,593240159.765385,1704492046.52565,3589659815.10597,0.01,0.02,0.03,1.31,1.31,0.77,0.77,0.1,1
"Broadbanded thornyhead hokkaido_east_hokkaido_south","Japan","Broadbanded thornyhead","Sebastolobus macrochir",50,1,0.188,0.188,0.188,0.035978320371745,0.035978320371745,0.035978320371745,100654.799598698,100654.799598698,100654.799598698,0.823461811479256,0.823461811479256,0.823461811479256,0.512226900425559,0.512226900425559,0.512226900425559,1,1,1,1,0,0,0,18775.36232,26020.8246838462,30888.70704,18775.36232,26020.8246838462,30888.70704,1,1.3,1.5,377966066.342508,1222185840,2552213836.3894,377966066.342508,1222185840,2552213836.3894,0.01,0.02,0.03,1.31,1.31,0.77,0.77,0.1,1
"Broadbanded thornyhead pacific_north","Japan","Broadbanded thornyhead","Sebastolobus macrochir",50,1,0.188,0.188,0.188,0.0348134026484616,0.0348134026484616,0.0348134026484616,127150.519497723,127150.519497723,127150.519497723,0.742471743995114,0.742471743995114,0.742471743995114,0.370445588541575,0.370445588541575,0.370445588541575,1,1,1,1,0,0,0,11959.85837,14172.4378053846,17517.11193,11959.85837,14172.4378053846,17517.11193,1,1.3,1.5,304140440.972938,849244464.569516,1858705954.71056,304140440.972938,849244464.569516,1858705954.71056,0.01,0.02,0.03,1.31,1.31,0.77,0.77,0.1,1
"Conger eels nei single_stock","Japan","Conger eels nei","Conger spp",50,1,0.188,0.188,0.188,0.0415745889009051,0.0415745889009051,0.0415745889009051,241083.753042063,241083.753042063,241083.753042063,1.01956282197754,1.01956282197754,1.01956282197754,0.928781411739426,0.928781411739426,0.928781411739426,1,1,1,1,0,0,0,6104.191116,7464.87301276923,8879.892355,6104.191116,7464.87301276923,8879.892355,1,1.3,1.5,294324260.706259,804147927.243585,1634801193.11641,294324260.706259,804147927.243585,1634801193.11641,0.01,0.02,0.03,1.31,1.31,0.77,0.77,0.1,1
"Crison seabream, Yellowback seabream single_stock","Japan","Crison seabream, Yellowback seabream","Evynnis japonica, Dentex tumifrons",50,1,0.188,0.188,0.188,0.0409933772792605,0.0409933772792605,0.0409933772792605,220074.493775392,220074.493775392,220074.493775392,1.06798886471411,1.06798886471411,1.06798886471411,1.73936804328161,1.73936804328161,1.73936804328161,1,1,1,1,0,0,0,3626.427093,4594.37099192308,5814.166434,3626.427093,4594.37099192308,5814.166434,1,1.3,1.5,159616821.341068,453707157.862924,984019272.185106,159616821.341068,453707157.862924,984019272.185106,0.01,0.02,0.03,1.31,1.31,0.77,0.77,0.1,1
"Cuttlefishes nei single_stock","Japan","Cuttlefishes nei","Sepia spp",50,1,0.188,0.188,0.188,0.041148801059312,0.041148801059312,0.041148801059312,529074.39188208,529074.39188208,529074.39188208,1.34961069761848,1.34961069761848,1.34961069761848,0.595579990705512,0.595579990705512,0.595579990705512,1,1,1,1,0,0,0,4532.819309,4982.7011255,5600.759714,4532.819309,4982.7011255,5600.759714,1,1.3,1.5,479639723.884106,1181594311.83779,2274512732.17504,479639723.884106,1181594311.83779,2274512732.17504,0.01,0.02,0.03,1.31,1.31,0.77,0.77,0.1,1
"Daggertooth pike conger single_stock","Japan","Daggertooth pike conger","Muraenesox cinereus",50,1,0.188,0.188,0.188,0.0355121074543593,0.0355121074543593,0.0355121074543593,451219.203448458,451219.203448458,451219.203448458,0.783171098374893,0.783171098374893,0.783171098374893,0.782013620891895,0.782013620891895,0.782013620891895,1,1,1,1,0,0,0,5739.281442,6152.96233775,6444.907636,5739.281442,6152.96233775,6444.907636,1,1.3,1.5,517934800.125151,1300627299.79114,2402809454.37362,517934800.125151,1300627299.79114,2402809454.37362,0.01,0.02,0.03,1.31,1.31,0.77,0.77,0.1,1
"Dolphinfishes nei single_stock","Japan","Dolphinfishes nei","Coryphaenidae",50,1,0.188,0.188,0.188,0.0363989496633346,0.0363989496633346,0.0363989496633346,621145.368678161,621145.368678161,621145.368678161,0.461265700266559,0.461265700266559,0.461265700266559,2.04470339176156,2.04470339176156,2.04470339176156,1,1,1,1,0,0,0,1331.67286,1422.1949245,1480.519044,1331.67286,1422.1949245,1480.519044,1,1.3,1.5,165432485.91668,410789834.907806,750526630.391515,165432485.91668,410789834.907806,750526630.391515,0.01,0.02,0.03,1.31,1.31,0.77,0.77,0.1,1
"Dotted gizzard shad single_stock","Japan","Dotted gizzard shad","Konosirus punctatus",50,1,0.188,0.188,0.188,0.0413276983411327,0.0413276983411327,0.0413276983411327,290523.428174368,290523.428174368,290523.428174368,1.4749134335829,1.4749134335829,1.4749134335829,0.553432758267474,0.553432758267474,0.553432758267474,1,1,1,1,0,0,0,1299.296666,1674.43187207692,2179.525109,1299.296666,1674.43187207692,2179.525109,1,1.3,1.5,75495224.3243693,217756057.299621,484982100.694365,75495224.3243693,217756057.299621,484982100.694365,0.01,0.02,0.03,1.31,1.31,0.77,0.77,0.1,1
"Flyingfishes nei single_stock","Japan","Flyingfishes nei","Exocoetidae",50,1,0.188,0.188,0.188,0.0343487023628091,0.0343487023628091,0.0343487023628091,485223.450339243,485223.450339243,485223.450339243,0.508554805354156,0.508554805354156,0.508554805354156,2.38512267252693,2.38512267252693,2.38512267252693,1,1,1,1,0,0,0,2145.140145,2536.9258465,2946.979899,2145.140145,2536.9258465,2946.979899,1,1.3,1.5,208174460.523625,582465789.207068,1201343134.58191,208174460.523625,582465789.207068,1201343134.58191,0.01,0.02,0.03,1.31,1.31,0.77,0.77,0.1,1
"Frigate and bullet tunas single_stock","Japan","Frigate and bullet tunas","Auxis thazard, A. rochei",50,1,0.188,0.188,0.188,0.0407642950287,0.0407642950287,0.0407642950287,1076920.42073301,1076920.42073301,1076920.42073301,0.911375712736815,0.911375712736815,0.911375712736815,0.972148872111198,0.972148872111198,0.972148872111198,1,1,1,1,0,0,0,732.0826787,1309.29939464167,2700.821558,732.0826787,1309.29939464167,2700.821558,1,1.3,1.5,157678957.271391,633771297.035581,2243069956.91629,157678957.271391,633771297.035581,2243069956.91629,0.01,0.02,0.03,1.31,1.31,0.77,0.77,0.1,1
"Japanese amberjack single_stock","Japan","Japanese amberjack","Seriola quinqueradiata",50,1,0.188,0.188,0.188,0.0378987331855559,0.0378987331855559,0.0378987331855559,3260321.02339809,3260321.02339809,3260321.02339809,0.994545383048452,0.994545383048452,0.994545383048452,2.5054103512858,2.5054103512858,2.5054103512858,1,1,1,1,0,0,0,3022.700079,3765.81834784615,5002.932677,3022.700079,3765.81834784615,5002.932677,1,1.3,1.5,1970994522.99815,5640612838.12048,13045957501.5507,1970994522.99815,5640612838.12048,13045957501.5507,0.01,0.02,0.03,1.31,1.31,0.77,0.77,0.1,1
"Japanese anchovy pacific_stock","Japan","Japanese anchovy","Engraulis japonicus",50,1,0.188,0.188,0.188,0.0396599675560068,0.0396599675560068,0.0396599675560068,7139676.43831558,7139676.43831558,7139676.43831558,0.635949009145094,0.635949009145094,0.635949009145094,0.929960260083591,0.929960260083591,0.929960260083591,1,1,1,1,0,0,0,471.4266016,545.689185038462,628.2333862,471.4266016,545.689185038462,628.2333862,1,1.3,1.5,673166679.96774,1765680573.37115,3506926376.60717,673166679.96774,1765680573.37115,3506926376.60717,0.01,0.02,0.03,1.31,1.31,0.77,0.77,0.1,1
"Japanese anchovy seto_inland_sea_stock","Japan","Japanese anchovy","Engraulis japonicus",50,1,0.188,0.188,0.188,0.0325775482617669,0.0325775482617669,0.0325775482617669,2876979.05238949,2876979.05238949,2876979.05238949,0.370468925449311,0.370468925449311,0.370468925449311,2.8325561088241,2.8325561088241,2.8325561088241,1,1,1,1,0,0,0,1083.89128,1339.29878407692,2251.728121,1083.89128,1339.29878407692,2251.728121,1,1.3,1.5,623666501.525526,1852390833.6671,5588519052.30678,623666501.525526,1852390833.6671,5588519052.30678,0.01,0.02,0.03,1.31,1.31,0.77,0.77,0.1,1
"Japanese anchovy tsushima_current_stock","Japan","Japanese anchovy","Engraulis japonicus",50,1,0.188,0.188,0.188,0.0384840543782451,0.0384840543782451,0.0384840543782451,3439346.09527652,3439346.09527652,3439346.09527652,0.327595008043744,0.327595008043744,0.327595008043744,3.59891456643504,3.59891456643504,3.59891456643504,1,1,1,1,0,0,0,565.4916809,1007.01664893846,1531.151569,565.4916809,1007.01664893846,1531.151569,1,1.3,1.5,388984320.922954,1583879920.85104,4179813815.74936,388984320.922954,1583879920.85104,4179813815.74936,0.01,0.02,0.03,1.31,1.31,0.77,0.77,0.1,1
"Japanese carpet shell single_stock","Japan","Japanese carpet shell","Ruditapes philippinarum",50,1,0.188,0.188,0.188,0.0373087345040736,0.0373087345040736,0.0373087345040736,3306416.36921612,3306416.36921612,3306416.36921612,1.14947281138361,1.14947281138361,1.14947281138361,0.243526112395042,0.243526112395042,0.243526112395042,1,1,1,1,0,0,0,4545.059293,5397.02324130769,6358.127778,4545.059293,5397.02324130769,6358.127778,1,1.3,1.5,3005571689.08662,8236878183.82859,16946687371.8313,3005571689.08662,8236878183.82859,16946687371.8313,0.01,0.02,0.03,1.31,1.31,0.77,0.77,0.1,1
"Japanese flying squid winter_stock","Japan","Japanese flying squid","Todarodes pacificus",50,1,0.188,0.188,0.188,0.0428809372380511,0.0428809372380511,0.0428809372380511,10866597.5498721,10866597.5498721,10866597.5498721,1.20753216821261,1.20753216821261,1.20753216821261,0.574198315992792,0.574198315992792,0.574198315992792,1,1,1,1,0,0,0,2152.476894,2629.019657,3193.953113,2152.476894,2629.019657,3193.953113,1,1.3,1.5,4678020028.49933,12647424736.5685,26097161182.0386,4678020028.49933,12647424736.5685,26097161182.0386,0.01,0.02,0.03,1.31,1.31,0.77,0.77,0.1,1
"Japanese hard clam single_stock","Japan","Japanese hard clam","Meretrix lusoria",50,1,0.188,0.188,0.188,0.036155730441366,0.036155730441366,0.036155730441366,150053.999764151,150053.999764151,150053.999764151,0.941544579477303,0.941544579477303,0.941544579477303,0.424809411956524,0.424809411956524,0.424809411956524,1,1,1,1,0,0,0,10349.82304,11189.555985,12526.46905,10349.82304,11189.555985,12526.46905,1,1.3,1.5,310606468.800633,782350304.37257,1539185484.19257,310606468.800633,782350304.37257,1539185484.19257,0.01,0.02,0.03,1.31,1.31,0.77,0.77,0.1,1
"Japanese jack mackerel pacific_stock","Japan","Japanese jack mackerel","Trachurus japonicus",50,1,0.188,0.188,0.188,0.0403117866502315,0.0403117866502315,0.0403117866502315,2452497.79382221,2452497.79382221,2452497.79382221,0.492335682561715,0.492335682561715,0.492335682561715,1.51434359873881,1.51434359873881,1.51434359873881,1,1,1,1,0,0,0,1959.496779,2573.36459230769,3474.071662,1959.496779,2573.36459230769,3474.071662,1,1.3,1.5,961132305.499844,2846258236.7189,6607461747.64225,961132305.499844,2846258236.7189,6607461747.64225,0.01,0.02,0.03,1.31,1.31,0.77,0.77,0.1,1
"Japanese jack mackerel tsushima_current_stock","Japan","Japanese jack mackerel","Trachurus japonicus",50,1,0.188,0.188,0.188,0.0344493095420304,0.0344493095420304,0.0344493095420304,10519517.8725524,10519517.8725524,10519517.8725524,0.400923309517071,0.400923309517071,0.400923309517071,2.10306032517147,2.10306032517147,2.10306032517147,1,1,1,1,0,0,0,1496.957489,1928.12885092308,2304.937499,1496.957489,1928.12885092308,2304.937499,1,1.3,1.5,3149454211.99732,9588964269.87917,20340799140.675,3149454211.99732,9588964269.87917,20340799140.675,0.01,0.02,0.03,1.31,1.31,0.77,0.77,0.1,1
"Japanese pilchard pacific_stock","Japan","Japanese pilchard","Sardinops melanostictus",50,1,0.188,0.188,0.188,0.0355672161209948,0.0355672161209948,0.0355672161209948,45675913.7234069,45675913.7234069,45675913.7234069,0.48747861965474,0.48747861965474,0.48747861965474,0.847469491864131,0.847469491864131,0.847469491864131,1,1,1,1,0,0,0,1066.038838,1714.79849976923,2445.980275,1066.038838,1714.79849976923,2445.980275,1,1.3,1.5,9738459598.05779,36675778796.5542,92239839880.2623,9738459598.05779,36675778796.5542,92239839880.2623,0.01,0.02,0.03,1.31,1.31,0.77,0.77,0.1,1
"Japanese pilchard tsushima_current_stock","Japan","Japanese pilchard","Sardinops melanostictus",50,1,0.188,0.188,0.188,0.034153555496235,0.034153555496235,0.034153555496235,20371618.6533799,20371618.6533799,20371618.6533799,0.515182129673618,0.515182129673618,0.515182129673618,0.499784107099665,0.499784107099665,0.499784107099665,1,1,1,1,0,0,0,860.3102958,2081.31553806154,3395.015611,860.3102958,2081.31553806154,3395.015611,1,1.3,1.5,3505182653.92282,20096788210.6771,58271022037.261,3505182653.92282,20096788210.6771,58271022037.261,0.01,0.02,0.03,1.31,1.31,0.77,0.77,0.1,1
"Japanese sandfish hokkaido","Japan","Japanese sandfish","Arctoscopus japonicus",50,1,0.188,0.188,0.188,0.0395931764960744,0.0395931764960744,0.0395931764960744,83121.2524189298,83121.2524189298,83121.2524189298,0.778826850007413,0.778826850007413,0.778826850007413,0.574489325995506,0.574489325995506,0.574489325995506,1,1,1,1,0,0,0,3285.229202,4150.79455369231,5774.566474,3285.229202,4150.79455369231,5774.566474,1,1.3,1.5,54614473.1506962,156441215.184251,375599126.297073,54614473.1506962,156441215.184251,375599126.297073,0.01,0.02,0.03,1.31,1.31,0.77,0.77,0.1,1
"Japanese sandfish sea_of_japan_north_stock","Japan","Japanese sandfish","Arctoscopus japonicus",50,1,0.188,0.188,0.188,0.0336119647216817,0.0336119647216817,0.0336119647216817,204262.087729496,204262.087729496,204262.087729496,0.778088917738165,0.778088917738165,0.778088917738165,1.31596527589598,1.31596527589598,1.31596527589598,1,1,1,1,0,0,0,1702.52864,2480.09461761538,3917.955585,1702.52864,2480.09461761538,3917.955585,1,1.3,1.5,69552410.8851321,241269161.336285,679678618.918886,69552410.8851321,241269161.336285,679678618.918886,0.01,0.02,0.03,1.31,1.31,0.77,0.77,0.1,1
"Japanese sandfish sea_of_japan_west_stock","Japan","Japanese sandfish","Arctoscopus japonicus",50,1,0.188,0.188,0.188,0.041225380583077,0.041225380583077,0.041225380583077,266287.884526704,266287.884526704,266287.884526704,1.49029985647552,1.49029985647552,1.49029985647552,0.810959854420553,0.810959854420553,0.810959854420553,1,1,1,1,0,0,0,2060.209076,3391.06472592308,4591.008379,2060.209076,3391.06472592308,4591.008379,1,1.3,1.5,109721743.306151,404512599.012067,937519779.295049,109721743.306151,404512599.012067,937519779.295049,0.01,0.02,0.03,1.31,1.31,0.77,0.77,0.1,1
"Japanese seabass single_stock","Japan","Japanese seabass","Lateolabrax japonicus",50,1,0.188,0.188,0.188,0.0459697754642249,0.0459697754642249,0.0459697754642249,341483.665411128,341483.665411128,341483.665411128,0.71372144144061,0.71372144144061,0.71372144144061,1.59770698481442,1.59770698481442,1.59770698481442,1,1,1,1,0,0,0,5153.258981,5829.77451238462,6251.542643,5153.258981,5829.77451238462,6251.542643,1,1.3,1.5,351950753.128939,863125494.723207,1550330260.56989,351950753.128939,863125494.723207,1550330260.56989,0.01,0.02,0.03,1.31,1.31,0.77,0.77,0.1,1
"Japanese seabream pacific_central_stock","Japan","Japanese seabream","Pagrus major",50,1,0.188,0.188,0.188,0.0337075368347571,0.0337075368347571,0.0337075368347571,84259.1134276958,84259.1134276958,84259.1134276958,0.489809054614527,0.489809054614527,0.489809054614527,3.32506170657247,3.32506170657247,3.32506170657247,1,1,1,1,0,0,0,6800.108107,8488.19852192308,9991.440015,6800.108107,8488.19852192308,9991.440015,1,1.3,1.5,114594216.061661,340336302.417458,713977859.675227,114594216.061661,340336302.417458,713977859.675227,0.01,0.02,0.03,1.31,1.31,0.77,0.77,0.1,1
"Japanese seabream pacific_south_stock","Japan","Japanese seabream","Pagrus major",50,1,0.188,0.188,0.188,0.0390918967718202,0.0390918967718202,0.0390918967718202,23542.1496380668,23542.1496380668,23542.1496380668,0.787839270609735,0.787839270609735,0.787839270609735,1.82400152359463,1.82400152359463,1.82400152359463,1,1,1,1,0,0,0,7136.11934,9439.50445307692,11966.80577,7136.11934,9439.50445307692,11966.80577,1,1.3,1.5,33599917.8674765,101149387.327776,221862687.419496,33599917.8674765,101149387.327776,221862687.419496,0.01,0.02,0.03,1.31,1.31,0.77,0.77,0.1,1
"Japanese seabream sea_of_japan_north_central_stock","Japan","Japanese seabream","Pagrus major",50,1,0.188,0.188,0.188,0.0434758084439655,0.0434758084439655,0.0434758084439655,87758.2717136033,87758.2717136033,87758.2717136033,0.707228723065235,0.707228723065235,0.707228723065235,1.79184673411543,1.79184673411543,1.79184673411543,1,1,1,1,0,0,0,6079.115197,6952.03036115385,8406.307911,6079.115197,6952.03036115385,8406.307911,1,1.3,1.5,106698528.647324,268979628.819784,550900041.34622,106698528.647324,268979628.819784,550900041.34622,0.01,0.02,0.03,1.31,1.31,0.77,0.77,0.1,1
"Japanese seabream sea_of_japan_west_east_china_sea_stock","Japan","Japanese seabream","Pagrus major",50,1,0.188,0.188,0.188,0.03616330708256,0.03616330708256,0.03616330708256,447782.172680877,447782.172680877,447782.172680877,0.542653401560214,0.542653401560214,0.542653401560214,1.91753119118969,1.91753119118969,1.91753119118969,1,1,1,1,0,0,0,6485.756246,7280.53778176923,8576.867225,6485.756246,7280.53778176923,8576.867225,1,1.3,1.5,580841204.66249,1518951074.5414,3144594855.25306,580841204.66249,1518951074.5414,3144594855.25306,0.01,0.02,0.03,1.31,1.31,0.77,0.77,0.1,1
"Japanese seabream seto_inland_sea_central_west_stock","Japan","Japanese seabream","Pagrus major",50,1,0.188,0.188,0.188,0.036371975127517,0.036371975127517,0.036371975127517,156109.214872799,156109.214872799,156109.214872799,0.732720899651488,0.732720899651488,0.732720899651488,1.39710472586929,1.39710472586929,1.39710472586929,1,1,1,1,0,0,0,6648.017229,7531.74304846154,8435.316373,6648.017229,7531.74304846154,8435.316373,1,1.3,1.5,207563350.016006,546874832.310065,1075102212.23562,207563350.016006,546874832.310065,1075102212.23562,0.01,0.02,0.03,1.31,1.31,0.77,0.77,0.1,1
"Japanese seabream seto_inland_sea_east_stock","Japan","Japanese seabream","Pagrus major",50,1,0.188,0.188,0.188,0.0415639335714223,0.0415639335714223,0.0415639335714223,49583.2886307922,49583.2886307922,49583.2886307922,0.989490220901061,0.989490220901061,0.989490220901061,1.96031108523905,1.96031108523905,1.96031108523905,1,1,1,1,0,0,0,6491.916805,8718.26216038461,10990.15111,6491.916805,8718.26216038461,10990.15111,1,1.3,1.5,64378116.9418811,193172022.898188,416182633.396434,64378116.9418811,193172022.898188,416182633.396434,0.01,0.02,0.03,1.31,1.31,0.77,0.77,0.1,1
"Japanese Spanish mackerel east_china_sea_stock","Japan","Japanese Spanish mackerel","Scomberomorus niphonius",50,1,0.188,0.188,0.188,0.0455942970362084,0.0455942970362084,0.0455942970362084,483342.901351221,483342.901351221,483342.901351221,1.66932103841018,1.66932103841018,1.66932103841018,1.02451990774277,1.02451990774277,1.02451990774277,1,1,1,1,0,0,0,3934.015194,4994.72383284615,6333.641303,3934.015194,4994.72383284615,6333.641303,1,1.3,1.5,380295663.565549,1049270917.49534,2232321949.72096,380295663.565549,1049270917.49534,2232321949.72096,0.01,0.02,0.03,1.31,1.31,0.77,0.77,0.1,1
"Japanese Spanish mackerel seto_inland_sea_stock","Japan","Japanese Spanish mackerel","Scomberomorus niphonius",50,1,0.188,0.188,0.188,0.0371675455449719,0.0371675455449719,0.0371675455449719,133268.015759127,133268.015759127,133268.015759127,0.803584785550035,0.803584785550035,0.803584785550035,2.95765272577717,2.95765272577717,2.95765272577717,1,1,1,1,0,0,0,6538.727523,7809.13952069231,8913.848558,6538.727523,7809.13952069231,8913.848558,1,1.3,1.5,174280648.51596,480921194.359656,959428300.160432,174280648.51596,480921194.359656,959428300.160432,0.01,0.02,0.03,1.31,1.31,0.77,0.77,0.1,1
"Japanese spiny lobster single_stock","Japan","Japanese spiny lobster","Panulirus japonicus",50,1,0.188,0.188,0.188,0.0400278919716004,0.0400278919716004,0.0400278919716004,62245.2782877021,62245.2782877021,62245.2782877021,0.559490889711134,0.559490889711134,0.559490889711134,2.11173186509001,2.11173186509001,2.11173186509001,1,1,1,1,0,0,0,31078.49133,35344.3792423077,40283.04767,31078.49133,35344.3792423077,40283.04767,1,1.3,1.5,386897868.319557,994287372.174333,1951419572.63621,386897868.319557,994287372.174333,1951419572.63621,0.01,0.02,0.03,1.31,1.31,0.77,0.77,0.1,1
"Largehead hairtail single_stock","Japan","Largehead hairtail","Trichiurus lepturus",50,1,0.188,0.188,0.188,0.0358616124737684,0.0358616124737684,0.0358616124737684,1135617.68756726,1135617.68756726,1135617.68756726,0.662189730186687,0.662189730186687,0.662189730186687,0.642897995505253,0.642897995505253,0.642897995505253,1,1,1,1,0,0,0,4847.553449,5582.785862,6875.111029,4847.553449,5582.785862,6875.111029,1,1.3,1.5,1100993487.62242,2961339109.36584,6419485772.37577,1100993487.62242,2961339109.36584,6419485772.37577,0.01,0.02,0.03,1.31,1.31,0.77,0.77,0.1,1
"Lizardfishes nei single_stock","Japan","Lizardfishes nei","Synodontidae",50,1,0.188,0.188,0.188,0.0371857672177661,0.0371857672177661,0.0371857672177661,581880.391089319,581880.391089319,581880.391089319,0.487974450982445,0.487974450982445,0.487974450982445,1.00557557781569,1.00557557781569,1.00557557781569,1,1,1,1,0,0,0,1792.60738,2377.964562,2946.783012,1792.60738,2377.964562,2946.783012,1,1.3,1.5,208616616.6688,639322581.455085,1384512207.50098,208616616.6688,639322581.455085,1384512207.50098,0.01,0.02,0.03,1.31,1.31,0.77,0.77,0.1,1
"Mackerels nei pacific_stock","Japan","Mackerels nei","Scombridae",50,1,0.188,0.188,0.188,0.0338844831529965,0.0338844831529965,0.0338844831529965,25019749.5155438,25019749.5155438,25019749.5155438,0.431709656578101,0.431709656578101,0.431709656578101,2.85662770110408,2.85662770110408,2.85662770110408,1,1,1,1,0,0,0,1206.15204,1557.57894346154,1948.811925,1206.15204,1557.57894346154,1948.811925,1,1.3,1.5,6035524383.69242,18515128614.8531,41243521159.1947,6035524383.69242,18515128614.8531,41243521159.1947,0.01,0.02,0.03,1.31,1.31,0.77,0.77,0.1,1
"Mackerels nei tsushima_current_stock","Japan","Mackerels nei","Scombridae",50,1,0.188,0.188,0.188,0.034235962300698,0.034235962300698,0.034235962300698,19028360.2143976,19028360.2143976,19028360.2143976,0.342540852964428,0.342540852964428,0.342540852964428,1.55753076549007,1.55753076549007,1.55753076549007,1,1,1,1,0,0,0,1363.551844,1940.92167015385,2253.171783,1363.551844,1940.92167015385,2253.171783,1,1.3,1.5,5189231131.72761,17492769731.2255,36079264967.8855,5189231131.72761,17492769731.2255,36079264967.8855,0.01,0.02,0.03,1.31,1.31,0.77,0.77,0.1,1
"Neon flying squid single_stock","Japan","Neon flying squid","Ommastrephes bartrami",50,1,0.188,0.188,0.188,0.0426058232347407,0.0426058232347407,0.0426058232347407,1312382.05315609,1312382.05315609,1312382.05315609,1.1054228378888,1.1054228378888,1.1054228378888,0.118225496686723,0.118225496686723,0.118225496686723,1,1,1,1,0,0,0,2355.049608,3819.75293853846,5366.554491,2355.049608,3819.75293853846,5366.554491,1,1.3,1.5,618144967.966296,2223559914.30217,5312814206.7385,618144967.966296,2223559914.30217,5312814206.7385,0.01,0.02,0.03,1.31,1.31,0.77,0.77,0.1,1
"Octopuses nei single_stock","Japan","Octopuses nei","Octopus spp",50,1,0.188,0.188,0.188,0.0419970922487061,0.0419970922487061,0.0419970922487061,2565131.38503272,2565131.38503272,2565131.38503272,1.41142300285852,1.41142300285852,1.41142300285852,0.533348892349696,0.533348892349696,0.533348892349696,1,1,1,1,0,0,0,5350.37039,6170.13332069231,6975.607642,5350.37039,6170.13332069231,6975.607642,1,1.3,1.5,2744880601.78776,7050702071.6375,13595191551.5396,2744880601.78776,7050702071.6375,13595191551.5396,0.01,0.02,0.03,1.31,1.31,0.77,0.77,0.1,1
"Okhotsk atka mackerel hokkaido_north","Japan","Okhotsk atka mackerel","Pleurogrammus azonus",50,1,0.188,0.188,0.188,0.039442482842936,0.039442482842936,0.039442482842936,7839769.32291439,7839769.32291439,7839769.32291439,0.432009191148409,0.432009191148409,0.432009191148409,0.320271527918229,0.320271527918229,0.320271527918229,1,1,1,1,0,0,0,1820.931512,3587.47740676923,4676.072759,1820.931512,3587.47740676923,4676.072759,1,1.3,1.5,2855136601.38114,12767243848.6397,28741253458.8049,2855136601.38114,12767243848.6397,28741253458.8049,0.01,0.02,0.03,1.31,1.31,0.77,0.77,0.1,1
"Pacific bluefin tuna single_stock_exc_sbf_inc_sml","Japan","Pacific bluefin tuna","Thunnus orientalis",50,1,0.188,0.188,0.188,0.0399807805500174,0.0399807805500174,0.0399807805500174,322976.779497555,322976.779497555,322976.779497555,0.932836557749595,0.932836557749595,0.932836557749595,1.56654824387053,1.56654824387053,1.56654824387053,0.6,1,1,1,0,0,0,12944.51871,15285.8823861538,17270.71082,12944.51871,15285.8823861538,17270.71082,1,1.3,1.5,836155793.020331,2232031918.6709,4343693378.18714,836155793.020331,2232031918.6709,4343693378.18714,0.01,0.02,0.03,1.31,1.31,0.77,0.77,0.1,1
"Pacific cod hokkaido","Japan","Pacific cod","Gadus macrocephalus",50,1,0.188,0.188,0.188,0.0310053008623524,0.0310053008623524,0.0310053008623524,2269517.0347051,2269517.0347051,2269517.0347051,0.319672474943966,0.319672474943966,0.319672474943966,2.34235954319679,2.34235954319679,2.34235954319679,1,1,1,1,0,0,0,1693.090834,2563.52001861538,3073.733156,1693.090834,2563.52001861538,3073.733156,1,1.3,1.5,768499697.813212,2838790499.43849,6168575954.79022,768499697.813212,2838790499.43849,6168575954.79022,0.01,0.02,0.03,1.31,1.31,0.77,0.77,0.1,1
"Pacific cod pacific_north_stock","Japan","Pacific cod","Gadus macrocephalus",50,1,0.188,0.188,0.188,0.0326997612938653,0.0326997612938653,0.0326997612938653,2785296.80514673,2785296.80514673,2785296.80514673,0.135385840582341,0.135385840582341,0.135385840582341,4.94014157743864,4.94014157743864,4.94014157743864,1,1,1,1,0,0,0,3087.926913,3836.89510661538,5387.253453,3087.926913,3836.89510661538,5387.253453,1,1.3,1.5,1720158593.0611,5131945089.68291,12920219174.3283,1720158593.0611,5131945089.68291,12920219174.3283,0.01,0.02,0.03,1.31,1.31,0.77,0.77,0.1,1
"Pacific cod sea_of_japan_stock","Japan","Pacific cod","Gadus macrocephalus",50,1,0.188,0.188,0.188,0.0315422650504485,0.0315422650504485,0.0315422650504485,384840.735087355,384840.735087355,384840.735087355,0.246568044717495,0.246568044717495,0.246568044717495,3.65850300102364,3.65850300102364,3.65850300102364,1,1,1,1,0,0,0,3412.857788,4057.08421392308,5520.591059,3412.857788,4057.08421392308,5520.591059,1,1.3,1.5,262681339.976505,757916153.088326,1862616551.16935,262681339.976505,757916153.088326,1862616551.16935,0.01,0.02,0.03,1.31,1.31,0.77,0.77,0.1,1
"Pacific herring single_stock","Japan","Pacific herring","Clupea pallasii",50,1,0.188,0.188,0.188,0.0303285622394199,0.0303285622394199,0.0303285622394199,1065436.29969058,1065436.29969058,1065436.29969058,0.552277350553577,0.552277350553577,0.552277350553577,0.663040365213248,0.663040365213248,0.663040365213248,1,1,1,1,0,0,0,3105.010725,4838.31246792308,5777.602197,3105.010725,4838.31246792308,5777.602197,1,1.3,1.5,661638227.468712,2531977388.89716,5503671411.54434,661638227.468712,2531977388.89716,5503671411.54434,0.01,0.02,0.03,1.31,1.31,0.77,0.77,0.1,1
"Pacific ocean perch single_stock","Japan","Pacific ocean perch","Sebastes alutus",50,1,0.188,0.188,0.188,0.0349801105950739,0.0349801105950739,0.0349801105950739,1048980.69450077,1048980.69450077,1048980.69450077,0.682743543125737,0.682743543125737,0.682743543125737,0.0718499102170608,0.0718499102170608,0.0718499102170608,1,1,1,1,0,0,0,10676.42223,13504.74934,14758.91127,10676.42223,13504.74934,14758.91127,1,1.3,1.5,2239872161.12176,6666557629.51425,12888860140.1366,2239872161.12176,6666557629.51425,12888860140.1366,0.01,0.02,0.03,1.31,1.31,0.77,0.77,0.1,1
"Pacific salmons nei single_stock","Japan","Pacific salmons nei","Oncorhynchus spp",50,1,0.188,0.188,0.188,0.0426082400818054,0.0426082400818054,0.0426082400818054,7708406.54394607,7708406.54394607,7708406.54394607,1.25217415152832,1.25217415152832,1.25217415152832,0.825972167650542,0.825972167650542,0.825972167650542,0.6,1,1,1,0,0,0,3644.680525,4589.53738907692,5358.323245,3644.680525,4589.53738907692,5358.323245,1,1.3,1.5,5618935841.90057,15692040228.0972,31156596181.3478,5618935841.90057,15692040228.0972,31156596181.3478,0.01,0.02,0.03,1.31,1.31,0.77,0.77,0.1,1
"Pacific saury single_stock","Japan","Pacific saury","Cololabis saira",50,1,0.188,0.188,0.188,0.0362081659825472,0.0362081659825472,0.0362081659825472,13934025.4960098,13934025.4960098,13934025.4960098,0.484048978333671,0.484048978333671,0.484048978333671,1.13574334350233,1.13574334350233,1.13574334350233,0.6,1,1,1,0,0,0,1491.783153,2236.85881746154,3652.719225,1491.783153,2236.85881746154,3652.719225,1,1.3,1.5,4157308897.68397,14516676021.1915,41647881057.2727,4157308897.68397,14516676021.1915,41647881057.2727,0.01,0.02,0.03,1.31,1.31,0.77,0.77,0.1,1
"Pufferfishes nei ise_mikawa_bay_stock","Japan","Pufferfishes nei","Takifugu spp",50,1,0.188,0.188,0.188,0.0414552422711615,0.0414552422711615,0.0414552422711615,16099.10579039,16099.10579039,16099.10579039,0.715102152756385,0.715102152756385,0.715102152756385,1.85435967036127,1.85435967036127,1.85435967036127,1,1,1,1,0,0,0,17168.17552,23892.2238661538,29370.31185,17168.17552,23892.2238661538,29370.31185,1,1.3,1.5,55278454.7848929,172019808.690782,361596206.951846,55278454.7848929,172019808.690782,361596206.951846,0.01,0.02,0.03,1.31,1.31,0.77,0.77,0.1,1
"Pufferfishes nei sea_of_japan_east_china_sea_seto_inland_sea_stock","Japan","Pufferfishes nei","Takifugu spp",50,1,0.188,0.188,0.188,0.0417468101646069,0.0417468101646069,0.0417468101646069,188223.015765734,188223.015765734,188223.015765734,0.767396808558577,0.767396808558577,0.767396808558577,1.87863331323472,1.87863331323472,1.87863331323472,1,1,1,1,0,0,0,5801.423734,6925.744254,9180.643581,5801.423734,6925.744254,9180.643581,1,1.3,1.5,218392294.189677,581763080.461167,1316853581.03603,218392294.189677,581763080.461167,1316853581.03603,0.01,0.02,0.03,1.31,1.31,0.77,0.77,0.1,1
"Queen crab okhotsk_stock","Japan","Queen crab","Chionoecetes opilio",50,1,0.188,0.188,0.188,0.031402528417652,0.031402528417652,0.031402528417652,180861.669893379,180861.669893379,180861.669893379,0.588866849372886,0.588866849372886,0.588866849372886,0.730308428057934,0.730308428057934,0.730308428057934,1,1,1,1,0,0,0,3355.400697,4503.71468492308,6844.421699,3355.400697,4503.71468492308,6844.421699,1,1.3,1.5,121372674.644166,395933262.835971,1087687832.0552,121372674.644166,395933262.835971,1087687832.0552,0.01,0.02,0.03,1.31,1.31,0.77,0.77,0.1,1
"Queen crab sea_of_japan_stock","Japan","Queen crab","Chionoecetes opilio",50,1,0.188,0.188,0.188,0.0335222381590491,0.0335222381590491,0.0335222381590491,260343.804221278,260343.804221278,260343.804221278,0.625208512535819,0.625208512535819,0.625208512535819,1.57155285659919,1.57155285659919,1.57155285659919,1,1,1,1,0,0,0,16514.95675,19664.6303407692,29339.21833,16514.95675,19664.6303407692,29339.21833,1,1.3,1.5,859913333.368976,2440209420.16591,6495798803.53584,859913333.368976,2440209420.16591,6495798803.53584,0.01,0.02,0.03,1.31,1.31,0.77,0.77,0.1,1
"Rays and skates nei single_stock","Japan","Rays and skates nei","Rajidae",50,1,0.188,0.188,0.188,0.0409101712356429,0.0409101712356429,0.0409101712356429,282964.915107763,282964.915107763,282964.915107763,1.14685053017234,1.14685053017234,1.14685053017234,0.985040350797871,0.985040350797871,0.985040350797871,1,1,1,1,0,0,0,1714.45459,1792.7128905,1943.477919,1714.45459,1792.7128905,1943.477919,1,1.3,1.5,97026099.5030928,227765483.869716,423350264.624323,97026099.5030928,227765483.869716,423350264.624323,0.01,0.02,0.03,1.31,1.31,0.77,0.77,0.1,1
"Red snow crab single_stock","Japan","Red snow crab","Chionoecetes japonicus",50,1,0.188,0.188,0.188,0.0428402887044988,0.0428402887044988,0.0428402887044988,696537.228478057,696537.228478057,696537.228478057,1.0286657636531,1.0286657636531,1.0286657636531,1.30920143743969,1.30920143743969,1.30920143743969,1,1,1,1,0,0,0,2312.586207,3254.39600084615,4827.223018,2312.586207,3254.39600084615,4827.223018,1,1.3,1.5,322160477.448073,1003813385.23154,2529407405.34431,322160477.448073,1003813385.23154,2529407405.34431,0.01,0.02,0.03,1.31,1.31,0.77,0.77,0.1,1
"Red-eye round herring pacific_stock","Japan","Red-eye round herring","Etrumeus teres",50,1,0.188,0.188,0.188,0.0413548237869478,0.0413548237869478,0.0413548237869478,2931183.91927953,2931183.91927953,2931183.91927953,1.90533588083841,1.90533588083841,1.90533588083841,0.683594188778753,0.683594188778753,0.683594188778753,1,1,1,1,0,0,0,566.1014814,987.976233938462,1888.408527,566.1014814,987.976233938462,1888.408527,1,1.3,1.5,331869511.792001,1296061717.11921,4238178244.50614,331869511.792001,1296061717.11921,4238178244.50614,0.01,0.02,0.03,1.31,1.31,0.77,0.77,0.1,1
"Red-eye round herring tsushima_current_stock","Japan","Red-eye round herring","Etrumeus teres",50,1,0.188,0.188,0.188,0.041556674893887,0.041556674893887,0.041556674893887,1221364.06167079,1221364.06167079,1221364.06167079,1.17222397815563,1.17222397815563,1.17222397815563,1.4341221084084,1.4341221084084,1.4341221084084,1,1,1,1,0,0,0,855.6483297,1510.97033478462,2353.603437,855.6483297,1510.97033478462,2353.603437,1,1.3,1.5,209011623.864844,824712933.611871,2195640909.34638,209011623.864844,824712933.611871,2195640909.34638,0.01,0.02,0.03,1.31,1.31,0.77,0.77,0.1,1
"Righteye flounders nei hokkaido_north_stock","Japan","Righteye flounders nei","Pleuronectidae",50,1,0.188,0.188,0.188,0.0336565892069896,0.0336565892069896,0.0336565892069896,2340710.72873321,2340710.72873321,2340710.72873321,0.46860680104723,0.46860680104723,0.46860680104723,1.28694087618342,1.28694087618342,1.28694087618342,1,1,1,1,0,0,0,2187.552902,2967.559724,3565.346973,2187.552902,2967.559724,3565.346973,1,1.3,1.5,1024085709.47657,3306893064.71269,7083008755.52788,1024085709.47657,3306893064.71269,7083008755.52788,0.01,0.02,0.03,1.31,1.31,0.77,0.77,0.1,1
"Righteye flounders nei pacific_north","Japan","Righteye flounders nei","Pleuronectidae",50,1,0.188,0.188,0.188,0.0321702408994484,0.0321702408994484,0.0321702408994484,4203568.47467804,4203568.47467804,4203568.47467804,0.422502024683694,0.422502024683694,0.422502024683694,0.334821807216919,0.334821807216919,0.334821807216919,1,1,1,1,0,0,0,6347.686465,6905.52421007692,7684.659161,6347.686465,6905.52421007692,7684.659161,1,1.3,1.5,5336586942.2829,14007881289.1726,28042637800.4654,5336586942.2829,14007881289.1726,28042637800.4654,0.01,0.02,0.03,1.31,1.31,0.77,0.77,0.1,1
"Righteye flounders nei sea_of_japan_stock","Japan","Righteye flounders nei","Pleuronectidae",50,1,0.188,0.188,0.188,0.0321948989007475,0.0321948989007475,0.0321948989007475,3722548.08763318,3722548.08763318,3722548.08763318,0.329409309686533,0.329409309686533,0.329409309686533,0.913213103141767,0.913213103141767,0.913213103141767,1,1,1,1,0,0,0,4971.916322,5565.00464238462,6333.36154,4971.916322,5565.00464238462,6333.36154,1,1.3,1.5,3701639519.26666,9994560377.96472,20458997401.9288,3701639519.26666,9994560377.96472,20458997401.9288,0.01,0.02,0.03,1.31,1.31,0.77,0.77,0.1,1
"Rudderfish single_stock","Japan","Rudderfish","Centrolophus niger",50,1,0.188,0.188,0.188,0.0432626903987813,0.0432626903987813,0.0432626903987813,163133.178728492,163133.178728492,163133.178728492,0.892479229637744,0.892479229637744,0.892479229637744,1.79033716203331,1.79033716203331,1.79033716203331,1,1,1,1,0,0,0,4634.82551,5078.57707975,5408.311048,4634.82551,5078.57707975,5408.311048,1,1.3,1.5,151218763.659641,365800468.993989,660466023.522891,151218763.659641,365800468.993989,660466023.522891,0.01,0.02,0.03,1.31,1.31,0.77,0.77,0.1,1
"Sandlances nei ise_mikawa_bay_stock","Japan","Sandlances nei","Ammodytidae",50,1,0.188,0.188,0.188,0.0369926314763859,0.0369926314763859,0.0369926314763859,504739.631320725,504739.631320725,504739.631320725,0.541684995045282,0.541684995045282,0.541684995045282,1.02949816455005,1.02949816455005,1.02949816455005,1,1,1,1,0,0,0,351.2833116,1509.12769643846,4341.454665,351.2833116,1509.12769643846,4341.454665,1,1.3,1.5,35461321.8372215,352494866.007955,1773978477.01441,35461321.8372215,352494866.007955,1773978477.01441,0.01,0.02,0.03,1.31,1.31,0.77,0.77,0.1,1
"Sandlances nei sea_of_japan_stock","Japan","Sandlances nei","Ammodytidae",50,1,0.188,0.188,0.188,0.0316598875221445,0.0316598875221445,0.0316598875221445,179973.44640738,179973.44640738,179973.44640738,0.386947748531155,0.386947748531155,0.386947748531155,0.0240951047195626,0.0240951047195626,0.0240951047195626,1,1,1,1,0,0,0,4750,6308.53776515385,7500,4750,6308.53776515385,7500,1,1.3,1.5,170974774.087011,550526587.92251,1181186013.42361,170974774.087011,550526587.92251,1181186013.42361,0.01,0.02,0.03,1.31,1.31,0.77,0.77,0.1,1
"Sandlances nei sendai_bay_stock","Japan","Sandlances nei","Ammodytidae",50,1,0.188,0.188,0.188,0.0348320079942874,0.0348320079942874,0.0348320079942874,1277772.83119726,1277772.83119726,1277772.83119726,0.420092392427691,0.420092392427691,0.420092392427691,0.577358639349309,0.577358639349309,0.577358639349309,1,1,1,1,0,0,0,1602.272727,2610.81021069231,5165.625,1602.272727,2610.81021069231,5165.625,1,1.3,1.5,409468111.74579,1571916116.83438,5506689031.99709,409468111.74579,1571916116.83438,5506689031.99709,0.01,0.02,0.03,1.31,1.31,0.77,0.77,0.1,1
"Sandlances nei seto_inland_sea_east_stock","Japan","Sandlances nei","Ammodytidae",50,1,0.188,0.188,0.188,0.0348367887973053,0.0348367887973053,0.0348367887973053,1491034.3523109,1491034.3523109,1491034.3523109,0.470331424605311,0.470331424605311,0.470331424605311,1.38600631343832,1.38600631343832,1.38600631343832,1,1,1,1,0,0,0,1541.57591,3249.07784730769,5987.016821,1541.57591,3249.07784730769,5987.016821,1,1.3,1.5,459708527.700987,2282602559.05887,7447017130.55718,459708527.700987,2282602559.05887,7447017130.55718,0.01,0.02,0.03,1.31,1.31,0.77,0.77,0.1,1
"Sandlances nei soya_strait","Japan","Sandlances nei","Ammodytidae",50,1,0.188,0.188,0.188,0.033333427182653,0.033333427182653,0.033333427182653,2413191.07897592,2413191.07897592,2413191.07897592,0.374610789870182,0.374610789870182,0.374610789870182,0.594849639883321,0.594849639883321,0.594849639883321,1,1,1,1,0,0,0,299.4526732,678.443814884615,2457.236842,299.4526732,678.443814884615,2457.236842,1,1.3,1.5,144527303.908346,781691836.164351,5057105667.65962,144527303.908346,781691836.164351,5057105667.65962,0.01,0.02,0.03,1.31,1.31,0.77,0.77,0.1,1
"Sea cucumbers nei single_stock","Japan","Sea cucumbers nei","Holothuroidea",50,1,0.188,0.188,0.188,0.0708116395615678,0.0708116395615678,0.0708116395615678,1205837.10495895,1205837.10495895,1205837.10495895,2.30624818436402,2.30624818436402,2.30624818436402,0.131246491801688,0.131246491801688,0.131246491801688,1,1,1,1,0,0,0,5547.555997,6035.89357525,6867.247413,5547.555997,6035.89357525,6867.247413,1,1.3,1.5,1337889772.60403,2771997218.51225,4845318117.63666,1337889772.60403,2771997218.51225,4845318117.63666,0.01,0.02,0.03,1.31,1.31,0.77,0.77,0.1,1
"Sea urchins nei single_stock","Japan","Sea urchins nei","Strongylocentrotus spp",50,1,0.188,0.188,0.188,0.0387655869110301,0.0387655869110301,0.0387655869110301,842433.32936067,842433.32936067,842433.32936067,1.41286635669889,1.41286635669889,1.41286635669889,0.46400322730397,0.46400322730397,0.46400322730397,1,1,1,1,0,0,0,9466.790316,10578.4520248462,11684.79445,9466.790316,10578.4520248462,11684.79445,1,1.3,1.5,1595027936.85345,4066471382.61339,7784607471.93023,1595027936.85345,4066471382.61339,7784607471.93023,0.01,0.02,0.03,1.31,1.31,0.77,0.77,0.1,1
"Skipjack tuna single_stock","Japan","Skipjack tuna","Katsuwonus pelamis",50,1,0.188,0.188,0.188,0.0422100491830581,0.0422100491830581,0.0422100491830581,12129044.2404548,12129044.2404548,12129044.2404548,0.803908704562642,0.803908704562642,0.803908704562642,1.44452955113665,1.44452955113665,1.44452955113665,0.6,1,1,1,0,0,0,2783.565335,3724.95277330769,5423.452175,2783.565335,3724.95277330769,5423.452175,1,1.3,1.5,6752397418.88227,20096321115.7998,49853740503.7231,6752397418.88227,20096321115.7998,49853740503.7231,0.01,0.02,0.03,1.31,1.31,0.77,0.77,0.1,1
"Smelts nei pacific_stock","Japan","Smelts nei","Osmerus spp, Hypomesus spp",50,1,0.188,0.188,0.188,0.036913841475845,0.036913841475845,0.036913841475845,60926.7205517682,60926.7205517682,60926.7205517682,0.818395287693494,0.818395287693494,0.818395287693494,0.880485825465518,0.880485825465518,0.880485825465518,1,1,1,1,0,0,0,1663.804945,2965.60974884615,4473.752632,1663.804945,2965.60974884615,4473.752632,1,1.3,1.5,20274035.787333,83667924.9597756,220896294.536798,20274035.787333,83667924.9597756,220896294.536798,0.01,0.02,0.03,1.31,1.31,0.77,0.77,0.1,1
"Smelts nei sea_of_japan_stock","Japan","Smelts nei","Osmerus spp, Hypomesus spp",50,1,0.188,0.188,0.188,0.0385903201206868,0.0385903201206868,0.0385903201206868,245216.652974752,245216.652974752,245216.652974752,0.765351399530766,0.765351399530766,0.765351399530766,0.869518755020943,0.869518755020943,0.869518755020943,1,1,1,1,0,0,0,2096.25819,2681.32995046154,3420.834174,2096.25819,2681.32995046154,3420.834174,1,1.3,1.5,102807483.424543,300435102.15574,664884295.061422,102807483.424543,300435102.15574,664884295.061422,0.01,0.02,0.03,1.31,1.31,0.77,0.77,0.1,1
"Southern bluefin tuna single_stock","Japan","Southern bluefin tuna","Thunnus maccoyii",50,1,0.188,0.188,0.188,0.0399442707134018,0.0399442707134018,0.0399442707134018,130006.002596329,130006.002596329,130006.002596329,0.645098947244402,0.645098947244402,0.645098947244402,3.25000428507725,3.25000428507725,3.25000428507725,0.6,1,1,1,0,0,0,15417.74203,19170.5835815385,24763.09134,15417.74203,19170.5835815385,24763.09134,1,1.3,1.5,400879802.076341,1127084189.52399,2508096829.50847,400879802.076341,1127084189.52399,2508096829.50847,0.01,0.02,0.03,1.31,1.31,0.77,0.77,0.1,1
"Striped marlin single_stock","Japan","Striped marlin","Tetrapturus audax",50,1,0.188,0.188,0.188,0.0364085863537168,0.0364085863537168,0.0364085863537168,385740.256740871,385740.256740871,385740.256740871,0.393215162942249,0.393215162942249,0.393215162942249,0.959838226308899,0.959838226308899,0.959838226308899,0.6,1,1,1,0,0,0,4602.016399,5548.91235769231,6837.424096,4602.016399,5548.91235769231,6837.424096,1,1.3,1.5,355036597.455192,995257945.944709,2152230877.87534,355036597.455192,995257945.944709,2152230877.87534,0.01,0.02,0.03,1.31,1.31,0.77,0.77,0.1,1
"Swimming crabs, etc. nei single_stock","Japan","Swimming crabs, etc. nei","Portunidae",50,1,0.188,0.188,0.188,0.0370200264835251,0.0370200264835251,0.0370200264835251,178563.599994391,178563.599994391,178563.599994391,0.814595466330775,0.814595466330775,0.814595466330775,0.980417071198083,0.980417071198083,0.980417071198083,1,1,1,1,0,0,0,9178.399486,9983.28939076923,10936.54751,9178.399486,9983.28939076923,10936.54751,1,1.3,1.5,327785610.881365,824763710.890056,1580367527.28696,327785610.881365,824763710.890056,1580367527.28696,0.01,0.02,0.03,1.31,1.31,0.77,0.77,0.1,1
"Swordfish single_stock","Japan","Swordfish","Xiphias gladius",50,1,0.188,0.188,0.188,0.038360626518832,0.038360626518832,0.038360626518832,518751.062994165,518751.062994165,518751.062994165,0.543201010302913,0.543201010302913,0.543201010302913,1.92539123562428,1.92539123562428,1.92539123562428,0.6,1,1,1,0,0,0,6107.700411,7181.43023938462,8780.103231,6107.700411,7181.43023938462,8780.103231,1,1.3,1.5,633675216.131229,1705289846.70643,3620921077.09183,633675216.131229,1705289846.70643,3620921077.09183,0.01,0.02,0.03,1.31,1.31,0.77,0.77,0.1,1
"Tilefishes nei single_stock","Japan","Tilefishes nei","Branchiostegidae",50,1,0.188,0.188,0.188,0.0379397416674271,0.0379397416674271,0.0379397416674271,72995.7239008443,72995.7239008443,72995.7239008443,0.961567678234397,0.961567678234397,0.961567678234397,1.06482233157284,1.06482233157284,1.06482233157284,1,1,1,1,0,0,0,16966.35706,18402.6371938462,21644.96443,16966.35706,18402.6371938462,21644.96443,1,1.3,1.5,247694303.11098,616940301.202924,1263020485.12589,247694303.11098,616940301.202924,1263020485.12589,0.01,0.02,0.03,1.31,1.31,0.77,0.77,0.1,1
"Trouts nei single_stock","Japan","Trouts nei","Salmo spp",50,1,0.188,0.188,0.188,0.0372574214850227,0.0372574214850227,0.0372574214850227,1052196.50374372,1052196.50374372,1052196.50374372,0.718101646828228,0.718101646828228,0.718101646828228,0.36379556128355,0.36379556128355,0.36379556128355,0.6,1,1,1,0,0,0,8394.349714,11075.1430153846,15288.95851,8394.349714,11075.1430153846,15288.95851,1,1.3,1.5,1766501084.05458,5381165225.28643,12976920437.8729,1766501084.05458,5381165225.28643,12976920437.8729,0.01,0.02,0.03,1.31,1.31,0.77,0.77,0.1,1
"Turbans nei single_stock","Japan","Turbans nei","Turbo spp",50,1,0.188,0.188,0.188,0.039550136934611,0.039550136934611,0.039550136934611,373519.168210718,373519.168210718,373519.168210718,1.11744842688786,1.11744842688786,1.11744842688786,0.923542443814185,0.923542443814185,0.923542443814185,1,1,1,1,0,0,0,6220.27731,7245.22219576923,8603.657736,6220.27731,7245.22219576923,8603.657736,1,1.3,1.5,464678561.374241,1227479289.51747,2516084986.28837,464678561.374241,1227479289.51747,2516084986.28837,0.01,0.02,0.03,1.31,1.31,0.77,0.77,0.1,1
"Whitebait smelt single_stock","Japan","Whitebait smelt","Allosmerus elongatus",50,1,0.188,0.188,0.188,0.040985656060088,0.040985656060088,0.040985656060088,3271576.54372919,3271576.54372919,3271576.54372919,1.42961510142839,1.42961510142839,1.42961510142839,0.84465426642173,0.84465426642173,0.84465426642173,1,1,1,1,0,0,0,3262.1727,4495.726459,5602.04618,3262.1727,4495.726459,5602.04618,1,1.3,1.5,2134489537.38274,6600264885.92747,14095844743.8054,2134489537.38274,6600264885.92747,14095844743.8054,0.01,0.02,0.03,1.31,1.31,0.77,0.77,0.1,1
"Yellowfin tuna single_stock","Japan","Yellowfin tuna","Thunnus albacares",50,1,0.188,0.188,0.188,0.0360690743434885,0.0360690743434885,0.0360690743434885,4369176.29607715,4369176.29607715,4369176.29607715,1.01795517931196,1.01795517931196,1.01795517931196,1.03810353351837,1.03810353351837,1.03810353351837,0.6,1,1,1,0,0,0,4354.333342,5413.392999,6852.340375,4354.333342,5413.392999,6852.340375,1,1.3,1.5,3804970004.61695,11028656102.948,24545635501.2479,3804970004.61695,11028656102.948,24545635501.2479,0.01,0.02,0.03,1.31,1.31,0.77,0.77,0.1,1
"Yesso scallop single_stock","Japan","Yesso scallop","Patinopecten yessoensis",50,1,0.188,0.188,0.188,0.0398880068605725,0.0398880068605725,0.0398880068605725,10727039.9100306,10727039.9100306,10727039.9100306,0.596189457185172,0.596189457185172,0.596189457185172,2.29211455204112,2.29211455204112,2.29211455204112,1,1,1,1,0,0,0,1548.357682,4502.41818815385,5990.846608,1548.357682,4502.41818815385,5990.846608,1,1.3,1.5,3321858929.96329,21850782485.0127,50101440334.9623,3321858929.96329,21850782485.0127,50101440334.9623,0.01,0.02,0.03,1.31,1.31,0.77,0.77,0.1,1
