部門名,耕種農業,畜産,農業サービス,林業,水産業,金属鉱物,石炭・石油・ガス,非金属鉱物,食肉・畜産食料品,水産食料品,精穀・製粉,めん・パン・菓子類,その他の食料品,飲料・たばこ,飼料・有機質肥料（別掲を除く。）,繊維工業製品,衣服・その他の繊維製品,木材・木製品,家具・装備品,パルプ・紙・板紙・加工紙,紙加工品,印刷・製版・製本,化学肥料,無機化学工業製品,有機化学工業製品,合成樹脂・化学繊維,医薬品,化学最終製品（医薬品を除く。）,石油・石炭製品,プラスチック製品,ゴム製品,なめし革・毛皮・同製品,ガラス・ガラス製品,セメント・セメント製品,陶磁器・その他の窯業・土石製品,銑鉄・粗鋼,鉄屑,鋼材,鋳鍛造品・その他の鉄鋼製品,非鉄金属精錬・精製,非鉄金属屑,非鉄金属加工製品,建設・建築用金属製品,その他の金属製品,はん用機械,生産用機械,業務用機械,電子デバイス,その他の電子部品,産業用電気機械,民生用電気機器,電子応用装置・電気計測器,その他の電気機械,通信機械・同関連機器,電子計算機・同附属装置,自動車,船舶・同修理,その他の輸送機械・同修理,その他の製造工業製品,再生資源回収・加工処理,建築,建設補修,土木,電力,ガス・熱供給,水道,廃棄物処理,卸売,小売,金融・保険,不動産仲介及び賃借,住宅賃貸料,住宅賃貸料（帰属家賃）,鉄道輸送,道路輸送（自家輸送を除く。）,自家輸送,水運,航空輸送,貨物利用運送,倉庫,運輸附帯サービス,郵便・信書便,通信,放送,情報サービス,公務,教育,研究,医療・保健衛生,社会保険・社会福祉,介護,その他の非営利団体サービス,物品賃借サービス,広告,自動車整備・機械修理,その他の対事業所サービス,宿泊業,飲食サービス,洗濯・理容・美容・浴場業,娯楽サービス,その他の対個人サービス,事務用品,分類不明, 行和, 感応度係数
耕種農業,1.009201,0.039924,0.005538,0.002981,0.000104,0,0,0.000012,0.016514,0.000376,0.424539,0.031523,0.048325,0.010963,0.150904,0.004992,0.000333,0.001084,0.000039,0.000385,0.000058,0.000013,0.000026,0.000015,0.000011,0.000016,0.002152,0.001064,0.000007,0.000004,0.013963,0.000145,0.000015,0.000009,0.000128,0,0,0.000002,0.000005,0.000003,0,0.00001,0.000005,0.000004,0.00001,0.000012,0.00001,0.00001,0.00001,0.000012,0.00001,0.00001,0.000006,0.00001,0.000009,0.000007,0.00001,0.000009,0.002114,0.000008,0.000368,0.000016,0.001037,0.000004,0.000007,0.000013,0.000011,0.000009,0.000127,0.000009,0.000013,0.000008,0.000005,0.000006,0.00001,0.000021,0.000013,0.000024,0.000012,0.000026,0.000076,0.000004,0.000011,0.000089,0.000031,0.000012,0.00018,0.000062,0.000382,0.004287,0.003327,0.001298,0.00005,0.000044,0.000009,0.000014,0.014531,0.017537,0.000047,0.000931,0.003826,0.000046,0.00002,1.8162,1.397911
畜産,0.007855,1.036599,0.017165,0.00022,0.000015,0,0,0.000004,0.420842,0.000094,0.003305,0.007355,0.016177,0.002251,0.009459,0.001042,0.000187,0.000048,0.000011,0.000196,0.000028,0.00001,0.000438,0.000069,0.000068,0.000053,0.000685,0.000696,0.000003,0.000017,0.000135,0.002961,0.000038,0.000018,0.000024,0,0,0.000006,0.000009,0.000014,0,0.000014,0.000011,0.000007,0.000025,0.000054,0.000057,0.000058,0.000063,0.000077,0.000067,0.00008,0.000027,0.000067,0.000063,0.000047,0.000012,0.000025,0.000277,0.000006,0.000006,0.000003,0.000012,0.000004,0.000008,0.000002,0.000002,0.000005,0.000005,0.000002,0.000002,0.000002,0.000001,0.000005,0.000003,0.000004,0.000005,0.000007,0.000005,0.00001,0.000023,0.000001,0.000018,0.000012,0.000019,0.000009,0.000031,0.000889,0.000161,0.001462,0.00129,0.000016,0.000008,0.000007,0.000004,0.000003,0.006284,0.012672,0.000003,0.000029,0.000564,0.000011,0.00003,1.552773,1.195154
農業サービス,0.052509,0.096108,1.001842,0.000392,0.000007,0,0,0.000002,0.039034,0.000028,0.022089,0.002286,0.003949,0.000767,0.008604,0.000351,0.000034,0.0001,0.000004,0.000039,0.000006,0.000002,0.000041,0.000008,0.000008,0.000007,0.000174,0.000119,0.000001,0.000002,0.000731,0.000277,0.000005,0.000003,0.00001,0,0,0.000001,0.000002,0.000002,0,0.000002,0.000004,0.000002,0.000004,0.000007,0.000007,0.000008,0.00001,0.00001,0.000011,0.00001,0.000005,0.000011,0.000007,0.000005,0.000003,0.000003,0.000135,0.000001,0.000021,0.000002,0.000055,0.000001,0.000002,0.000001,0.000002,0.000002,0.000008,0.000002,0.000002,0.000001,0,0.000008,0.000001,0.000002,0.000002,0.000003,0.000003,0.000003,0.000007,0.000001,0.000015,0.000065,0.000019,0.000002,0.001145,0.000084,0.000035,0.000353,0.000288,0.000069,0.000004,0.000031,0.000001,0.000003,0.001319,0.002052,0.000005,0.000954,0.00025,0.000004,0.000005,1.236623,0.951817
林業,0.00017,0.000101,0.000026,1.162848,0.00018,0,0,0.000091,0.000057,0.000125,0.000075,0.000182,0.001431,0.000074,0.00183,0.000017,0.000011,0.208805,0.005858,0.004516,0.000628,0.000114,0.000044,0.00011,0.000026,0.000019,0.000026,0.000388,0.000018,0.000023,0.000024,0.000851,0.000683,0.000047,0.000304,0,0,0.00001,0.000025,0.000015,0,0.000059,0.000073,0.000051,0.000026,0.000023,0.000077,0.00002,0.000038,0.000034,0.00005,0.00002,0.000027,0.000023,0.00002,0.000014,0.000486,0.000182,0.001022,0.000011,0.003604,0.000942,0.000217,0.000046,0.000044,0.000057,0.000032,0.000086,0.00004,0.000025,0.000033,0.000042,0.000048,0.000044,0.000021,0.000071,0.000063,0.000111,0.000046,0.000098,0.000563,0.000013,0.00003,0.000037,0.000056,0.00005,0.000028,0.000031,0.000028,0.000263,0.000233,0.000048,0.000016,0.000023,0.000012,0.000042,0.00178,0.002024,0.000034,0.000056,0.000216,0.000171,0.000027,1.403459,1.080228
水産業,0.000001,0.000015,0.000001,0.000004,1.012725,0,0,0,0.000015,0.2016,0,0.000225,0.00145,0.000012,0.001156,0.000001,0,0.000001,0.000001,0.000001,0,0,0.000023,0,0,0.000001,0.000075,0.000004,0,0,0,0.000003,0.000001,0,0.000002,0,0,0,0,0,0,0,0,0,0,0,0,0,0,0,0,0,0,0,0,0,0,0,0.001227,0,0,0.000001,0,0,0,0,0,0.000001,0,0,0.000001,0,0,0,0,0.000001,0.000001,0.000001,0.000001,0.000003,0.000006,0,0.000001,0.000003,0.000002,0.000001,0.000001,0.000002,0.000093,0.001047,0.000937,0.000002,0.000001,0.000001,0,0.000001,0.004031,0.006288,0.000001,0.000011,0.000326,0.000011,0.000003,1.231332,0.947744
金属鉱物,0,0,0,0,0,1,0,0,0,0,0,0,0,0,0,0,0,0,0,0,0,0,0,0,0,0,0,0,0,0,0,0,0,0,0,0,0,0,0,0,0,0,0,0,0,0,0,0,0,0,0,0,0,0,0,0,0,0,0,0,0,0,0,0,0,0,0,0,0,0,0,0,0,0,0,0,0,0,0,0,0,0,0,0,0,0,0,0,0,0,0,0,0,0,0,0,0,0,0,0,0,0,0,1,0.76969
石炭・石油・ガス,0,0,0,0,0,0,1,0,0,0,0,0,0,0,0,0,0,0,0,0,0,0,0,0,0,0,0,0,0,0,0,0,0,0,0,0,0,0,0,0,0,0,0,0,0,0,0,0,0,0,0,0,0,0,0,0,0,0,0,0,0,0,0,0,0,0,0,0,0,0,0,0,0,0,0,0,0,0,0,0,0,0,0,0,0,0,0,0,0,0,0,0,0,0,0,0,0,0,0,0,0,0,0,1,0.76969
非金属鉱物,0.000152,0.00005,0.000059,0.001728,0.000125,0,0,1.001656,0.000029,0.000045,0.000074,0.000024,0.000039,0.00004,0.000067,0.000026,0.000007,0.000355,0.000069,0.001947,0.000191,0.000067,0.003193,0.000642,0.001943,0.000067,0.000103,0.000094,0.032733,0.000026,0.000143,0.000035,0.026359,0.053055,0.045305,0,0,0.000039,0.000208,0.000156,0,0.000072,0.000082,0.000059,0.000072,0.000087,0.00008,0.000128,0.000378,0.00006,0.000035,0.000031,0.000087,0.000045,0.000028,0.000036,0.00003,0.000042,0.000394,0.000072,0.001888,0.001367,0.009991,0.000078,0.000191,0.000117,0.000102,0.000049,0.000046,0.000025,0.000052,0.000065,0.000073,0.000068,0.000152,0.000462,0.000199,0.000222,0.000093,0.000074,0.000103,0.000033,0.000035,0.000036,0.000043,0.000091,0.000048,0.000041,0.000024,0.000039,0.000036,0.000033,0.000024,0.000023,0.000026,0.000024,0.000028,0.000031,0.000049,0.000071,0.00009,0.000102,0.000242,1.189256,0.915359
食肉・畜産食料品,0.000005,0.000264,0.000009,0.000035,0.000013,0,0,0.000002,1.023026,0.000085,0.000003,0.011734,0.015174,0.005075,0.006611,0.000001,0.000266,0.000008,0.000003,0.00042,0.000028,0.000011,0.000002,0.000001,0.000001,0.000004,0.00113,0.001543,0.000002,0.000001,0.000001,0.003236,0.000001,0.000001,0.000015,0,0,0,0.000001,0,0,0,0.000001,0.000001,0.000001,0.000001,0.000002,0.000001,0.000001,0.000001,0.000001,0.000001,0.000001,0.000001,0.000001,0.000001,0.000001,0.000001,0.000521,0.000001,0.000001,0.000001,0.000001,0,0.000001,0.000001,0.000001,0.000002,0.000001,0.000001,0.000002,0.000001,0,0.000001,0.000001,0.000003,0.000003,0.000006,0.000002,0.000008,0.000028,0.000001,0.000002,0.000006,0.000006,0.000018,0.000015,0.000004,0.000234,0.001981,0.00174,0.000008,0.000002,0.000003,0.000001,0.000002,0.009747,0.020669,0.000003,0.000009,0.000869,0.000018,0.000013,1.104667,0.850251
水産食料品,0.000001,0.000022,0.000001,0.000005,0.004857,0,0,0,0.000037,1.007141,0,0.000563,0.002254,0.000018,0.001739,0,0,0.000001,0,0.000002,0,0,0,0,0,0,0.000009,0.000007,0,0,0,0,0,0,0.000002,0,0,0,0,0,0,0,0,0,0,0,0,0,0,0,0,0,0,0,0,0,0,0,0.000006,0,0,0,0,0,0,0,0,0,0,0,0,0,0,0,0,0,0,0.000001,0,0.000002,0.000003,0,0,0.000001,0.000001,0.000002,0.000002,0.000001,0.000059,0.000785,0.000645,0.000001,0,0.000001,0,0,0.002453,0.004267,0,0.000002,0.000183,0,0.000002,1.025082,0.788996
精穀・製粉,0.000014,0.001137,0.000029,0.004274,0.000039,0,0,0.000003,0.000554,0.000203,1.000497,0.055341,0.031448,0.020776,0.023572,0.000003,0.000001,0.002009,0.000057,0.00007,0.000009,0.000003,0.000004,0.000004,0.000002,0.000007,0.000074,0.000103,0.000002,0.000001,0.000002,0.000011,0.000009,0.000003,0.000038,0,0,0.000001,0.000001,0.000001,0,0.000001,0.000002,0.000001,0.000003,0.000003,0.000002,0.000002,0.000002,0.000002,0.000002,0.000002,0.000001,0.000002,0.000002,0.000001,0.000006,0.000003,0.000012,0.000002,0.000036,0.000011,0.000003,0.000001,0.000003,0.000005,0.000003,0.000003,0.000002,0.000003,0.000003,0.000003,0.000001,0.000002,0.000003,0.000004,0.000004,0.000008,0.000004,0.000012,0.000039,0.000001,0.000002,0.000008,0.000005,0.000006,0.000002,0.000007,0.000207,0.002652,0.002324,0.000614,0.000003,0.000005,0.000002,0.000004,0.009887,0.012042,0.000003,0.000011,0.000777,0.000003,0.000009,1.16908,0.899829
めん・パン・菓子類,0,0.000003,0.000001,0.000003,0.000002,0,0,0.000001,0.000004,0.000005,0,1.00608,0.000832,0.000007,0.000059,0,0,0.000001,0,0.000001,0.000001,0,0.000001,0.000001,0.000001,0.000001,0.000003,0.000003,0.000001,0,0,0,0.000001,0.000001,0.000001,0,0,0,0,0,0,0,0.000001,0,0.000001,0.000001,0.000001,0.000001,0,0.000001,0,0.000001,0,0,0.000001,0,0,0.000001,0,0.000001,0,0.000001,0.000001,0,0.000001,0.000002,0.000001,0.000001,0.000001,0.000001,0.000001,0.000001,0,0.000001,0.000001,0.000002,0.000002,0.000004,0.000002,0.000004,0.000018,0,0.000001,0.000003,0.000001,0.000017,0,0.000002,0.000072,0.000666,0.000643,0.000281,0.000001,0.000002,0.000001,0.000001,0.002682,0.008053,0.000001,0.000004,0.000212,0,0.000007,1.019723,0.784871
その他の食料品,0.000047,0.003909,0.000095,0.002258,0.0004,0,0,0.000002,0.004577,0.005667,0.000049,0.037958,1.04948,0.008198,0.073806,0.000014,0.000002,0.000409,0.000016,0.00094,0.000071,0.000023,0.00005,0.000037,0.000003,0.000194,0.00232,0.003057,0.000004,0.000008,0.000004,0.000082,0.000011,0.000003,0.000963,0,0,0,0.000006,0.000001,0,0.000001,0.000002,0.000001,0.000002,0.000002,0.000003,0.000004,0.00001,0.000003,0.000003,0.000002,0.000002,0.000003,0.000002,0.000002,0.000003,0.000002,0.000008,0.000001,0.00001,0.000005,0.000002,0,0.000001,0.000002,0.000001,0.000002,0.000001,0.000001,0.000002,0.000002,0.000001,0.000001,0.000001,0.000003,0.000003,0.000005,0.000003,0.000011,0.000024,0.000001,0.000002,0.000006,0.00001,0.000045,0.000003,0.000013,0.000327,0.002744,0.002334,0.000015,0.000002,0.000004,0.000001,0.000003,0.009246,0.017068,0.000003,0.000004,0.000793,0.00003,0.000019,1.227473,0.944774
飲料・たばこ,0.000001,0.000004,0.000002,0.000004,0.000623,0,0,0.000001,0.00008,0.000146,0.000001,0.000062,0.000109,1.001269,0.000009,0,0,0.000002,0,0.000001,0.000001,0,0,0.000001,0.000001,0,0.000003,0.000001,0.000001,0,0.000001,0.000002,0.000001,0.000001,0.000001,0,0,0,0.000001,0,0,0,0,0,0.000001,0.000001,0.000001,0,0,0.000001,0.000001,0,0.000001,0.000001,0,0,0.000001,0.000001,0.000001,0,0.000001,0.000001,0.000001,0,0,0.000001,0,0.00001,0.000004,0.000001,0.000001,0.000002,0,0.000001,0.000001,0.000002,0.000001,0.000003,0.000001,0.000002,0.000013,0,0.000001,0.000001,0.000001,0.000002,0.000001,0.000001,0.000025,0.000131,0.000142,0.000001,0.000001,0.000001,0.000001,0.000002,0.001294,0.003329,0.000001,0.000001,0.00008,0.000001,0.000065,1.007469,0.775439
飼料・有機質肥料（別掲を除く。）,0.000241,0.008505,0.000503,0.000006,0.000405,0,0,0,0.003453,0.000082,0.000102,0.000066,0.000142,0.000021,1.000234,0.00001,0.000002,0.000002,0.000001,0.000003,0.000002,0.000001,0.000012,0.000006,0.000006,0.000004,0.000021,0.000008,0,0.000002,0.000006,0.000026,0.000004,0.000002,0.000001,0,0,0.000001,0.000001,0.000001,0,0.000001,0.000001,0.000001,0.000002,0.000005,0.000005,0.000006,0.000006,0.000007,0.000006,0.000008,0.000003,0.000006,0.000006,0.000004,0.000001,0.000002,0.000005,0.000001,0,0,0.000001,0,0.000001,0,0,0,0.000002,0,0,0,0,0,0,0,0,0,0,0.000001,0,0,0.000002,0.000002,0.000002,0,0.000015,0.000085,0.000002,0.000015,0.000012,0,0.000001,0.000001,0,0,0.000056,0.00011,0,0.000014,0.000006,0,0.000002,1.014291,0.78069
繊維工業製品,0.000028,0.00001,0.000029,0.000287,0.000992,0,0,0.000016,0.000007,0.000202,0.000014,0.000007,0.000009,0.000007,0.000009,1.006897,0.015952,0.000096,0.00047,0.000279,0.000332,0.000064,0.000094,0.000009,0.000013,0.00001,0.000011,0.00002,0.000006,0.000068,0.001996,0.001643,0.000359,0.000012,0.00011,0,0,0.000003,0.000008,0.000005,0,0.000021,0.000013,0.000028,0.00001,0.000131,0.000034,0.000198,0.000018,0.000012,0.000262,0.000014,0.000021,0.000023,0.000015,0.000085,0.000314,0.000078,0.00013,0.000014,0.000039,0.000161,0.000019,0.000005,0.00001,0.00002,0.000023,0.000032,0.000037,0.000013,0.000013,0.000011,0.000009,0.000034,0.000013,0.000018,0.000339,0.000024,0.000109,0.000048,0.000063,0.000015,0.000014,0.000026,0.000038,0.000028,0.000009,0.000016,0.000018,0.000024,0.000019,0.000051,0.000022,0.000016,0.00001,0.000046,0.000073,0.000014,0.000029,0.000164,0.000086,0.001146,0.000035,1.034436,0.796195
衣服・その他の繊維製品,0.000283,0.000095,0.000087,0.00012,0.000509,0,0,0.000315,0.000077,0.000168,0.000142,0.000117,0.000107,0.000061,0.000069,0.000111,1.000212,0.000203,0.000138,0.000152,0.000201,0.000046,0.000279,0.00005,0.000311,0.000163,0.000106,0.000086,0.000056,0.000034,0.00016,0.000128,0.000445,0.000126,0.000181,0,0,0.000031,0.000087,0.000032,0,0.000053,0.000097,0.000089,0.000124,0.000097,0.000102,0.000305,0.000275,0.000196,0.000503,0.000105,0.000196,0.000328,0.000135,0.000166,0.000124,0.000053,0.00024,0.000158,0.000214,0.000137,0.000121,0.000026,0.000042,0.000069,0.000263,0.000278,0.000299,0.000132,0.000053,0.000032,0.000015,0.00011,0.000119,0.000108,0.000409,0.00018,0.000079,0.000126,0.000206,0.000177,0.000079,0.000145,0.000135,0.00048,0.000033,0.000063,0.000149,0.000415,0.000214,0.001647,0.000209,0.000085,0.000083,0.000189,0.000686,0.000088,0.000409,0.000307,0.000387,0.00024,0.000172,1.018243,0.783732
木材・木製品,0.000097,0.000409,0.000122,0.002646,0.000549,0,0,0.000341,0.000225,0.000264,0.000059,0.000104,0.000138,0.000308,0.003297,0.000049,0.000053,1.057928,0.029603,0.020541,0.003013,0.000524,0.000216,0.000135,0.000121,0.00009,0.000109,0.000272,0.000082,0.000111,0.000105,0.001737,0.003452,0.000227,0.00152,0,0,0.000051,0.000117,0.000076,0,0.000298,0.000365,0.000257,0.000132,0.000116,0.000387,0.000098,0.000187,0.000168,0.000247,0.000096,0.000133,0.000115,0.000098,0.000071,0.002199,0.00092,0.004538,0.000055,0.018208,0.004611,0.000825,0.000229,0.000215,0.000278,0.000159,0.000434,0.000197,0.000122,0.000161,0.000205,0.000236,0.000218,0.000103,0.000356,0.000315,0.000557,0.000227,0.000485,0.002836,0.000062,0.000149,0.000181,0.000263,0.000242,0.000134,0.00015,0.000073,0.000161,0.000099,0.000232,0.000079,0.000109,0.000061,0.000209,0.00025,0.000373,0.000169,0.000275,0.000351,0.000791,0.000126,1.174686,0.904144
家具・装備品,0.000099,0.000091,0.00011,0.000359,0.000198,0,0,0.000523,0.000116,0.000149,0.00008,0.000139,0.000158,0.000155,0.000069,0.000129,0.000087,0.000252,1.005693,0.000549,0.000542,0.00019,0.00021,0.00057,0.000366,0.000404,0.000728,0.000379,0.00017,0.000293,0.000447,0.000243,0.000475,0.000405,0.000755,0,0,0.000104,0.000343,0.00015,0,0.000201,0.000208,0.000165,0.000229,0.000301,0.000307,0.000544,0.000482,0.000482,0.000614,0.00046,0.000492,0.000945,0.0008,0.000192,0.002568,0.000512,0.00102,0.000172,0.003373,0.005761,0.00015,0.000294,0.000499,0.000808,0.00184,0.00056,0.00045,0.000952,0.000406,0.000674,0.000384,0.000408,0.000259,0.000387,0.000883,0.00055,0.000388,0.001214,0.001466,0.000196,0.00114,0.000678,0.001286,0.000851,0.000734,0.000961,0.000605,0.002375,0.001006,0.00401,0.000541,0.000444,0.000138,0.000712,0.001156,0.000894,0.000392,0.001838,0.001098,0.000125,0.000398,1.069708,0.823343
パルプ・紙・板紙・加工紙,0.000401,0.000185,0.000885,0.000467,0.000123,0,0,0.000174,0.000262,0.000253,0.000268,0.000551,0.000411,0.000472,0.000164,0.000166,0.000211,0.001891,0.002571,1.066453,0.068832,0.023629,0.00023,0.000398,0.000238,0.000225,0.001198,0.000332,0.000082,0.000728,0.000978,0.000554,0.000493,0.000277,0.000565,0,0,0.000035,0.000101,0.000087,0,0.000257,0.000124,0.000292,0.000218,0.000301,0.00043,0.000524,0.00105,0.000804,0.000954,0.000319,0.000244,0.000754,0.000776,0.000168,0.000131,0.000217,0.001287,0.000196,0.000844,0.000573,0.000186,0.000098,0.000146,0.000253,0.000415,0.000381,0.00022,0.000681,0.000286,0.000165,0.000082,0.000198,0.000259,0.000262,0.000429,0.000476,0.001684,0.001502,0.001794,0.000338,0.000569,0.001044,0.007496,0.000516,0.000655,0.001398,0.000199,0.000691,0.000506,0.001268,0.000192,0.00116,0.000152,0.001206,0.000489,0.000185,0.000344,0.000455,0.000261,0.031263,0.00053,1.245789,0.958871
紙加工品,0.005014,0.001743,0.011146,0.001603,0.000282,0,0,0.000246,0.002087,0.001851,0.002292,0.003703,0.003237,0.005328,0.001352,0.000496,0.000312,0.000586,0.002346,0.000736,1.002027,0.000436,0.001163,0.000287,0.000268,0.00089,0.004917,0.001001,0.000118,0.000536,0.000502,0.003608,0.000594,0.00179,0.002369,0,0,0.000039,0.000115,0.000101,0,0.000104,0.000154,0.00087,0.000354,0.000306,0.001113,0.000378,0.000811,0.00113,0.002007,0.000321,0.000331,0.000477,0.000403,0.000134,0.000166,0.000288,0.001304,0.00042,0.000188,0.000606,0.000289,0.000056,0.0001,0.000183,0.000593,0.001825,0.001709,0.00066,0.000273,0.00015,0.00007,0.000264,0.000335,0.000416,0.000862,0.000675,0.000716,0.001672,0.002508,0.000433,0.000366,0.000397,0.000449,0.000462,0.000373,0.000778,0.00038,0.001804,0.001613,0.000868,0.000159,0.000263,0.00015,0.000689,0.000643,0.001067,0.000404,0.000305,0.000555,0.062416,0.000409,1.16533,0.896943
印刷・製版・製本,0.000481,0.000381,0.000631,0.001028,0.000583,0,0,0.001133,0.002476,0.001862,0.003159,0.006155,0.005333,0.001522,0.000784,0.000326,0.000688,0.001249,0.002228,0.00092,0.020957,1.025877,0.001192,0.002104,0.001543,0.001051,0.004518,0.002368,0.000499,0.000653,0.001216,0.000812,0.004014,0.000964,0.000823,0,0,0.000249,0.001165,0.000708,0,0.000844,0.00074,0.002081,0.001584,0.001734,0.005171,0.004164,0.00223,0.002472,0.009159,0.002655,0.001018,0.004701,0.003584,0.001696,0.001126,0.00235,0.003052,0.002109,0.0007,0.000937,0.000907,0.000872,0.002204,0.001533,0.003526,0.00297,0.004457,0.009898,0.001391,0.001014,0.000617,0.00158,0.001514,0.001292,0.00199,0.001553,0.003517,0.001583,0.004381,0.004956,0.005669,0.003875,0.011463,0.006221,0.004492,0.01375,0.001634,0.005286,0.001189,0.020672,0.001521,0.006556,0.000988,0.003572,0.00123,0.00105,0.001443,0.006888,0.002401,0.001805,0.002444,1.311666,1.009576
化学肥料,0.023204,0.000935,0.000282,0.000551,0.000006,0,0,0.000003,0.000387,0.000035,0.009762,0.000726,0.001113,0.000302,0.003475,0.000143,0.000012,0.00012,0.000007,0.000021,0.000009,0.000005,1.088078,0.00111,0.001448,0.010245,0.000576,0.003201,0.000006,0.000056,0.000361,0.000014,0.00001,0.000004,0.000186,0,0,0.000008,0.000003,0.000006,0,0.000002,0.000002,0.000002,0.000003,0.000008,0.000004,0.000004,0.000006,0.000005,0.000005,0.000002,0.000051,0.000003,0.000002,0.000002,0.000006,0.000003,0.000057,0.000002,0.000013,0.000005,0.000212,0.000009,0.000036,0.000003,0.000003,0.000002,0.000005,0.000002,0.000005,0.000005,0.000001,0.000004,0.000002,0.000002,0.000002,0.000004,0.000003,0.000011,0.000006,0.000001,0.000003,0.000009,0.000004,0.000005,0.000007,0.000004,0.00001,0.000101,0.000078,0.000032,0.000003,0.000005,0.000002,0.000003,0.000337,0.000406,0.000004,0.000098,0.0004,0.000003,0.000176,1.148604,0.884069
無機化学工業製品,0.000161,0.000036,0.000039,0.000036,0.000034,0,0,0.000015,0.000098,0.00007,0.000069,0.000317,0.000112,0.000116,0.000062,0.000356,0.000016,0.000029,0.000033,0.000839,0.000254,0.000026,0.004718,1.008776,0.013568,0.000868,0.001637,0.00354,0.000024,0.000256,0.001151,0.000039,0.001061,0.000038,0.000189,0,0,0.000059,0.000061,0.000073,0,0.000019,0.000398,0.000061,0.00006,0.000063,0.000054,0.000454,0.000157,0.000076,0.000087,0.00018,0.000138,0.00028,0.000112,0.000024,0.000112,0.000033,0.000109,0.000034,0.000015,0.000027,0.000051,0.000004,0.00001,0.000542,0.000648,0.000006,0.000007,0.000005,0.000005,0.000005,0.000002,0.000017,0.000009,0.000017,0.000008,0.00001,0.000009,0.000053,0.000032,0.000003,0.000013,0.000011,0.000014,0.000042,0.000012,0.000218,0.000039,0.000028,0.000025,0.000006,0.000006,0.000009,0.000027,0.000005,0.000041,0.000033,0.00012,0.000013,0.000017,0.000041,0.00013,1.043567,0.803223
有機化学工業製品,0.000007,0.000001,0.000002,0.000003,0.000001,0,0,0.000002,0.000019,0.00001,0.000003,0.000027,0.000015,0.000021,0.000011,0.000098,0.000004,0.00002,0.000014,0.00022,0.000032,0.000015,0.000237,0.00003,1.00193,0.005533,0.000543,0.00193,0.000014,0.000285,0.000829,0.000005,0.000191,0.000004,0.000043,0,0,0,0.000001,0.000006,0,0.000008,0.000002,0.000002,0.000005,0.000004,0.000011,0.000044,0.000017,0.000023,0.000058,0.000011,0.000008,0.000011,0.000007,0.000005,0.000005,0.000002,0.000007,0.000001,0.000002,0.000003,0.000001,0.000001,0.000003,0.000002,0.000001,0.000001,0.000001,0.000001,0,0.000001,0,0.000001,0.000001,0.000002,0.000001,0.000002,0.000001,0.000002,0.000005,0,0.000001,0.000001,0.000003,0.000001,0.000004,0.000047,0.000005,0.000001,0.000001,0.000001,0.000001,0.000001,0.000004,0.000001,0.000001,0.000001,0.000007,0.000001,0.000002,0.00001,0.000013,1.012474,0.779291
合成樹脂・化学繊維,0.000009,0.000004,0.00001,0.00002,0.000015,0,0,0.000003,0.000005,0.000011,0.000005,0.000015,0.000012,0.000015,0.000003,0.002393,0.000357,0.000021,0.000109,0.000454,0.000382,0.000061,0.000008,0.000004,0.000003,1.000188,0.000025,0.000904,0.000033,0.005334,0.000072,0.000308,0.000037,0.000004,0.000063,0,0,0.000001,0.000002,0.000002,0,0.000029,0.000003,0.000011,0.000006,0.000018,0.000129,0.000118,0.0001,0.00026,0.000314,0.00001,0.000198,0.00011,0.000071,0.00005,0.000214,0.000011,0.00015,0.000003,0.000009,0.000013,0.000008,0.000001,0.000002,0.000016,0.000005,0.000004,0.000008,0.000004,0.000003,0.000005,0.000001,0.000004,0.000003,0.000004,0.000005,0.000005,0.000005,0.000008,0.000008,0.000001,0.000003,0.000003,0.000011,0.000003,0.000003,0.000009,0.000006,0.000004,0.000003,0.000006,0.000003,0.000003,0.000007,0.000004,0.000004,0.000003,0.000004,0.000005,0.000003,0.000063,0.000131,1.0131,0.779773
医薬品,0,0,0,0,0,0,0,0,0,0,0,0,0,0,0,0,0,0,0,0,0,0,0,0,0,0,1,0,0,0,0,0,0,0,0,0,0,0,0,0,0,0,0,0,0,0,0,0,0,0,0,0,0,0,0,0,0,0,0,0,0,0,0,0,0,0,0,0,0,0,0,0,0,0,0,0,0,0,0,0,0,0,0,0,0,0,0,0,0,0,0,0,0,0,0,0,0,0,0,0,0,0,0,1,0.76969
化学最終製品（医薬品を除く。）,0.000658,0.000086,0.000148,0.000125,0.000053,0,0,0.000245,0.000049,0.00002,0.000281,0.000107,0.000066,0.000043,0.000107,0.000178,0.000035,0.000591,0.000436,0.000521,0.000319,0.000607,0.000103,0.000114,0.000402,0.000309,0.00029,1.00311,0.000658,0.000123,0.000282,0.000167,0.000053,0.000121,0.000518,0,0,0.000015,0.00008,0.000009,0,0.00007,0.000191,0.000113,0.000071,0.000099,0.000267,0.000058,0.000099,0.000096,0.000099,0.000088,0.000131,0.00016,0.000087,0.000146,0.000307,0.000093,0.000225,0.000016,0.00011,0.000142,0.000052,0.000014,0.00005,0.000029,0.000113,0.000013,0.000014,0.000017,0.000014,0.000013,0.000009,0.000016,0.000023,0.000054,0.000021,0.000031,0.000021,0.000026,0.00004,0.000009,0.000021,0.000041,0.000106,0.000038,0.000013,0.000144,0.000047,0.000077,0.000069,0.000068,0.000071,0.000049,0.000128,0.00007,0.000086,0.000063,0.000384,0.00005,0.000157,0.00025,0.000082,1.016285,0.782224
石油・石炭製品,0.001647,0.0008,0.000767,0.004786,0.003633,0,0,0.008149,0.000476,0.001178,0.000946,0.000452,0.000764,0.000487,0.001189,0.000519,0.00011,0.001808,0.000457,0.001094,0.000709,0.000517,0.004284,0.001282,0.000861,0.000284,0.000417,0.000781,1.012596,0.000218,0.000434,0.000693,0.002068,0.002416,0.002643,0,0,0.000848,0.000982,0.000933,0,0.00038,0.000611,0.000607,0.000397,0.000357,0.000431,0.000501,0.000273,0.000348,0.000297,0.000238,0.000528,0.00021,0.000262,0.000234,0.000298,0.000346,0.000552,0.001994,0.0007,0.000836,0.001985,0.001608,0.004126,0.000876,0.002129,0.000975,0.000838,0.00031,0.000385,0.000261,0.000069,0.000495,0.004379,0.013031,0.005404,0.0062,0.001945,0.000396,0.000464,0.000775,0.000309,0.000403,0.000506,0.000962,0.000467,0.000549,0.000371,0.000484,0.000606,0.000567,0.00041,0.000308,0.00039,0.000359,0.000929,0.000828,0.001065,0.001137,0.000863,0.00029,0.002469,1.13355,0.872482
プラスチック製品,0.000853,0.00033,0.000792,0.00207,0.001738,0,0,0.000223,0.000472,0.001753,0.000545,0.0016,0.002022,0.002335,0.000325,0.000311,0.000349,0.001332,0.00339,0.001703,0.009216,0.005742,0.001226,0.000435,0.000213,0.000865,0.004267,0.001708,0.000084,1.02043,0.006846,0.002639,0.004755,0.000216,0.000556,0,0,0.000048,0.000124,0.000177,0,0.000265,0.000258,0.000444,0.000577,0.001683,0.004423,0.003013,0.001533,0.003134,0.005061,0.000808,0.004374,0.004921,0.004459,0.003653,0.000896,0.000773,0.004462,0.000373,0.001093,0.001683,0.00118,0.000098,0.00015,0.002697,0.000614,0.000286,0.00111,0.000537,0.00023,0.000288,0.000162,0.000163,0.000165,0.000408,0.000207,0.000268,0.000452,0.000727,0.000658,0.000094,0.000193,0.000381,0.00107,0.000391,0.000158,0.001342,0.000221,0.000193,0.000165,0.000539,0.000206,0.00037,0.000878,0.000247,0.000436,0.000305,0.000508,0.000716,0.000237,0.005135,0.001047,1.154808,0.888844
ゴム製品,0.00001,0.000006,0.000016,0.000026,0.000006,0,0,0.000028,0.000004,0.000004,0.000005,0.000003,0.000004,0.000003,0.000003,0.000002,0.000004,0.000011,0.000007,0.000006,0.000005,0.000004,0.000008,0.000008,0.000011,0.000005,0.000007,0.000002,0.000007,0.000004,1.00023,0.000362,0.000005,0.000022,0.000014,0,0,0.000003,0.000004,0.000004,0,0.000002,0.000012,0.000005,0.000041,0.000035,0.000034,0.000026,0.000006,0.000039,0.000036,0.000006,0.000022,0.000064,0.000011,0.000061,0.000028,0.000066,0.000015,0.000022,0.000004,0.000005,0.000016,0.000006,0.000003,0.000007,0.000081,0.000004,0.000003,0.000002,0.000002,0.000001,0,0.000003,0.000015,0.000062,0.000016,0.000006,0.000009,0.000006,0.000004,0.000003,0.000004,0.000005,0.000005,0.00001,0.000002,0.000004,0.000005,0.000007,0.000007,0.00002,0.000016,0.000003,0.000148,0.000002,0.000011,0.000003,0.000005,0.000007,0.000007,0.000037,0.00001,1.001959,0.771198
なめし革・毛皮・同製品,0.000008,0.000005,0.000005,0.000027,0.000028,0,0,0.000171,0.000004,0.000008,0.000004,0.000005,0.000006,0.000004,0.000003,0.000007,0.00008,0.000037,0.000063,0.000011,0.000009,0.000009,0.000013,0.00001,0.000006,0.000004,0.000013,0.000043,0.000063,0.000006,0.000045,1.021259,0.00001,0.000024,0.00003,0,0,0.000001,0.000015,0.000003,0,0.000006,0.000035,0.000006,0.000007,0.000043,0.000114,0.000028,0.000018,0.000013,0.000007,0.000024,0.000005,0.00007,0.000007,0.000012,0.000012,0.000015,0.00017,0.000009,0.000005,0.000009,0.000009,0.000005,0.000156,0.000009,0.000022,0.000012,0.000014,0.000017,0.000006,0.000006,0.000001,0.000013,0.000007,0.000009,0.000015,0.000013,0.000006,0.000008,0.000009,0.000056,0.000238,0.00004,0.000027,0.000036,0.000008,0.000032,0.000006,0.000012,0.000007,0.000109,0.000047,0.00002,0.000005,0.00001,0.000046,0.000007,0.000033,0.000019,0.000101,0.000004,0.000128,1.023983,0.788149
ガラス・ガラス製品,0.000009,0.000006,0.000008,0.000047,0.000004,0,0,0.000016,0.000014,0.000055,0.000005,0.000006,0.000063,0.000474,0.000007,0.000013,0.000009,0.000018,0.000774,0.00002,0.000008,0.000005,0.000006,0.000034,0.000011,0.000008,0.00034,0.000059,0.000007,0.000187,0.000055,0.000007,1.001822,0.000012,0.000052,0,0,0.000003,0.000005,0.000005,0,0.000004,0.000017,0.000044,0.000011,0.000019,0.000511,0.000078,0.000359,0.000023,0.000119,0.000063,0.000387,0.000036,0.000018,0.000513,0.000052,0.000426,0.000264,0.000006,0.00015,0.000086,0.000009,0.00001,0.000007,0.000012,0.000017,0.000006,0.00001,0.000004,0.000005,0.000007,0.000005,0.000009,0.000011,0.000049,0.000011,0.000015,0.000009,0.00001,0.000012,0.000002,0.000007,0.000009,0.00001,0.000017,0.000022,0.000077,0.000021,0.000015,0.000014,0.000018,0.000021,0.000005,0.000196,0.000005,0.000041,0.000022,0.000009,0.00003,0.000009,0.000006,0.000086,1.008218,0.776015
セメント・セメント製品,0.000226,0.000169,0.000195,0.000805,0.000083,0,0,0.000521,0.000115,0.000064,0.000126,0.000062,0.000077,0.000096,0.000069,0.000111,0.000043,0.000278,0.00014,0.000511,0.000313,0.000131,0.000214,0.00037,0.000409,0.000282,0.000171,0.000236,0.000474,0.00018,0.000182,0.000127,0.000295,1.070313,0.001763,0,0,0.000173,0.000306,0.000288,0,0.000155,0.000268,0.0003,0.000168,0.000175,0.000136,0.000139,0.000316,0.00021,0.00013,0.000159,0.000263,0.000153,0.000118,0.000058,0.000131,0.000143,0.000308,0.000099,0.015442,0.022519,0.038937,0.000431,0.000956,0.001199,0.000475,0.000253,0.000273,0.000224,0.000643,0.000923,0.001194,0.000832,0.000144,0.000635,0.00036,0.00031,0.000432,0.000952,0.001382,0.000123,0.000376,0.000326,0.000202,0.000949,0.000413,0.000301,0.000153,0.000251,0.000176,0.000164,0.000143,0.000167,0.000077,0.000147,0.000236,0.000143,0.000205,0.000265,0.000243,0.000072,0.001421,1.178416,0.907015
陶磁器・その他の窯業・土石製品,0.000441,0.000238,0.000439,0.000096,0.000027,0,0,0.00006,0.000103,0.000015,0.00019,0.000039,0.000055,0.000091,0.000277,0.000014,0.000005,0.000056,0.000283,0.000429,0.000065,0.000024,0.000521,0.000585,0.000273,0.000051,0.000147,0.000102,0.001293,0.000035,0.000066,0.000026,0.000708,0.001771,1.002935,0,0,0.000046,0.001205,0.000158,0,0.000267,0.000439,0.000338,0.000914,0.000515,0.000355,0.002241,0.00754,0.000761,0.000275,0.000271,0.00098,0.000586,0.000246,0.000244,0.000208,0.000207,0.000149,0.000025,0.00134,0.001732,0.000943,0.000045,0.000089,0.000458,0.000119,0.000041,0.000046,0.000025,0.000058,0.000079,0.000086,0.000078,0.000027,0.000084,0.000062,0.000044,0.00005,0.000087,0.000123,0.000015,0.000042,0.000039,0.00003,0.000106,0.00017,0.000034,0.000042,0.000143,0.000103,0.000042,0.00002,0.000021,0.000054,0.000022,0.000178,0.000176,0.000035,0.00011,0.000115,0.000639,0.000488,1.037668,0.798683
銑鉄・粗鋼,0,0,0,0,0,0,0,0,0,0,0,0,0,0,0,0,0,0,0,0,0,0,0,0,0,0,0,0,0,0,0,0,0,0,0,1,0,0,0,0,0,0,0,0,0,0,0,0,0,0,0,0,0,0,0,0,0,0,0,0,0,0,0,0,0,0,0,0,0,0,0,0,0,0,0,0,0,0,0,0,0,0,0,0,0,0,0,0,0,0,0,0,0,0,0,0,0,0,0,0,0,0,0,1,0.76969
鉄屑,-0.00001,-0.000007,-0.000008,-0.000016,-0.000038,0,0,-0.000037,-0.000006,-0.000025,-0.000005,-0.000004,-0.000007,-0.000022,-0.000004,-0.000004,-0.000002,-0.000016,-0.000057,-0.00002,-0.000015,-0.000005,-0.000013,-0.000015,-0.000019,-0.000012,-0.000015,-0.000016,-0.000011,-0.00001,-0.000034,-0.000007,-0.000022,-0.000036,-0.000034,0,1,-0.007038,0.002069,-0.000011,0,-0.000007,-0.001127,-0.003471,-0.00112,-0.001323,-0.000713,-0.000015,-0.000041,-0.00137,-0.001029,-0.000027,-0.00024,-0.000201,-0.000038,-0.00037,-0.004645,-0.000923,-0.00035,-0.000005,-0.000037,-0.0008,-0.000184,-0.000017,-0.000035,-0.000044,-0.000014,-0.000012,-0.000011,-0.000008,-0.000023,-0.000031,-0.00004,-0.000036,-0.000007,-0.00003,-0.000039,-0.000023,-0.000017,-0.000036,-0.000053,-0.000005,-0.000014,-0.000012,-0.000008,-0.000037,-0.000015,-0.00001,-0.000006,-0.00001,-0.000007,-0.000008,-0.000009,-0.000006,-0.000034,-0.000006,-0.00001,-0.000008,-0.00001,-0.00001,-0.000013,-0.000007,-0.000018,0.97569,0.750979
鋼材,0.000045,0.000034,0.000037,0.000101,0.000163,0,0,0.000171,0.000025,0.000097,0.000025,0.000017,0.000028,0.000082,0.000018,0.000021,0.000015,0.00014,0.002933,0.000063,0.000048,0.000019,0.000027,0.000089,0.000062,0.000036,0.000055,0.000054,0.000046,0.000167,0.000869,0.000043,0.000086,0.001165,0.000683,0,0,1.005174,0.014722,0.000048,0,0.000038,0.023802,0.01241,0.008175,0.007241,0.001454,0.000067,0.00077,0.005086,0.005154,0.000637,0.002523,0.00094,0.000389,0.004549,0.017468,0.006393,0.000891,0.000022,0.00203,0.002009,0.003204,0.000052,0.000094,0.000126,0.000054,0.000045,0.000039,0.000029,0.000067,0.000097,0.000101,0.000136,0.000039,0.000139,0.000153,0.00016,0.000063,0.000113,0.000354,0.000015,0.00005,0.000041,0.000036,0.000105,0.00005,0.000036,0.000021,0.000041,0.000027,0.000041,0.000048,0.000022,0.000276,0.000027,0.00004,0.00003,0.000035,0.000036,0.000059,0.000023,0.000723,1.136301,0.874599
鋳鍛造品・その他の鉄鋼製品,0.000018,0.000015,0.000017,0.000052,0.000061,0,0,0.000056,0.000011,0.00005,0.00001,0.000008,0.000014,0.000048,0.000008,0.000004,0.000003,0.000041,0.003811,0.000019,0.000018,0.000007,0.000008,0.000042,0.000023,0.000012,0.000029,0.000028,0.000018,0.000016,0.000061,0.000023,0.00005,0.000312,0.000534,0,0,0.000005,1.000673,0.000008,0,0.000076,0.011867,0.007646,0.006522,0.004566,0.000795,0.000058,0.000536,0.0017,0.003032,0.000191,0.001253,0.000538,0.00026,0.001207,0.005518,0.006491,0.000169,0.000009,0.000186,0.000369,0.000414,0.000015,0.000022,0.000069,0.000024,0.000019,0.000015,0.000012,0.000018,0.000028,0.00002,0.000071,0.000016,0.000049,0.000051,0.000096,0.000019,0.000036,0.000045,0.000005,0.000019,0.000013,0.000017,0.00003,0.000017,0.000014,0.000009,0.000022,0.000013,0.000027,0.000023,0.000008,0.000152,0.000013,0.000018,0.000017,0.000015,0.000015,0.000022,0.000011,0.000492,1.061107,0.816723
非鉄金属精錬・精製,0.000003,0.000002,0.000003,0.000008,0.000002,0,0,0.000005,0.000002,0.000004,0.000001,0.000004,0.000004,0.00001,0.000001,0.000001,0,0.000006,0.00004,0.000016,0.000003,0.000004,0.000002,0.000285,0.000006,0.000002,0.000005,0.00032,0.000003,0.000017,0.000008,0.000004,0.000015,0.000004,0.000292,0,0,0.00005,0.000059,1.001382,0,0.014726,0.000111,0.000765,0.000114,0.00012,0.000463,0.001467,0.000796,0.000786,0.000125,0.000113,0.001507,0.00017,0.000074,0.00007,0.000036,0.000023,0.000314,0.000001,0.000014,0.000022,0.000016,0.000001,0.000002,0.000004,0.000002,0.000002,0.000002,0.000001,0.000002,0.000003,0.000001,0.000003,0.000002,0.000004,0.000003,0.000003,0.000002,0.000004,0.000004,0,0.000002,0.000002,0.000005,0.000002,0.000002,0.000004,0.000002,0.000002,0.000002,0.000002,0.000002,0.000001,0.000012,0.000002,0.000002,0.000002,0.000002,0.000001,0.000003,0.000006,0.000103,1.024615,0.788636
非鉄金属屑,-0.000004,-0.000003,-0.000002,-0.000008,-0.000002,0,0,-0.000021,-0.000004,-0.00002,-0.000003,-0.000005,-0.000008,-0.000022,-0.000003,-0.000001,-0.000001,-0.000012,-0.000047,-0.000004,-0.000015,-0.000487,-0.000002,0.000039,-0.000045,-0.000004,-0.000013,0.000009,-0.000003,-0.000009,-0.000057,-0.000005,-0.000016,-0.00001,0.000002,0,0,0.000001,-0.000007,0.065867,1,0.002833,-0.001021,-0.004074,-0.001665,-0.000113,-0.000557,-0.020121,-0.000674,-0.001365,-0.000675,-0.000829,-0.002716,-0.000461,-0.000764,-0.000025,-0.000034,-0.000027,-0.000152,-0.000003,-0.000023,-0.000066,-0.000017,-0.000004,-0.000005,-0.000007,-0.000006,-0.000007,-0.000005,-0.000006,-0.000003,-0.000004,-0.000004,-0.000004,-0.000005,-0.000014,-0.000006,-0.000004,-0.000005,-0.000007,-0.00001,-0.000003,-0.000005,-0.000004,-0.000008,-0.000009,-0.000004,-0.000008,-0.000002,-0.000005,-0.000002,-0.000013,-0.000007,-0.000004,-0.000049,-0.000003,-0.000003,-0.000004,-0.000004,-0.000005,-0.000006,-0.000004,0,1.032271,0.794529
非鉄金属加工製品,0.000018,0.000014,0.000018,0.000046,0.000017,0,0,0.000045,0.000022,0.000024,0.000011,0.000206,0.000149,0.000346,0.000017,0.000006,0.000003,0.000088,0.000748,0.000023,0.000028,0.000162,0.000011,0.000032,0.000021,0.000013,0.000085,0.000354,0.000018,0.00009,0.000095,0.000023,0.000074,0.000053,0.000182,0,0,0.000028,0.000027,0.000167,0,1.003984,0.002405,0.002201,0.002885,0.001501,0.001142,0.001047,0.003245,0.004602,0.003063,0.001438,0.004277,0.004307,0.001109,0.000848,0.001001,0.000929,0.000808,0.00001,0.000417,0.000614,0.000826,0.000032,0.000031,0.000051,0.000026,0.000017,0.000016,0.000013,0.000024,0.000033,0.000031,0.000037,0.000017,0.000068,0.000034,0.000032,0.000023,0.00004,0.000053,0.000006,0.00002,0.000018,0.000028,0.00004,0.000019,0.000025,0.000084,0.000025,0.00003,0.00003,0.000028,0.000012,0.00021,0.000014,0.000061,0.000037,0.00005,0.000015,0.000039,0.000072,0.000338,1.047697,0.806402
建設・建築用金属製品,0.000114,0.000084,0.000096,0.00021,0.000078,0,0,0.00026,0.000057,0.000041,0.000064,0.000032,0.00004,0.000048,0.000035,0.000058,0.000022,0.000112,0.000271,0.000267,0.000163,0.000068,0.000111,0.000192,0.000212,0.000147,0.000086,0.000113,0.000148,0.000094,0.000093,0.000057,0.000148,0.000289,0.00022,0,0,0.000091,0.000164,0.000151,0,0.000081,1.003865,0.000337,0.000141,0.000115,0.000069,0.000071,0.000167,0.000107,0.000066,0.000081,0.000136,0.000101,0.000061,0.00003,0.001175,0.001305,0.000634,0.000053,0.006901,0.011834,0.004978,0.000226,0.000498,0.000627,0.000182,0.00013,0.00014,0.000115,0.000334,0.000476,0.000587,0.000442,0.000073,0.000339,0.000374,0.000172,0.000223,0.000493,0.000719,0.000064,0.000192,0.00017,0.000104,0.000497,0.000212,0.00014,0.00008,0.000129,0.00009,0.000085,0.000091,0.000087,0.000064,0.000073,0.000121,0.000073,0.000105,0.000139,0.000127,0.000041,0.000315,1.045891,0.805012
その他の金属製品,0.000479,0.000447,0.000203,0.001008,0.000378,0,0,0.004236,0.000541,0.004707,0.000255,0.00061,0.001271,0.005373,0.000444,0.000111,0.000233,0.002538,0.011699,0.000894,0.001138,0.000267,0.000215,0.003471,0.001648,0.000635,0.002693,0.002638,0.00038,0.000448,0.006689,0.000898,0.003524,0.001853,0.003586,0,0,0.000129,0.002052,0.000219,0,0.000466,0.010168,1.016385,0.01119,0.007875,0.006666,0.002597,0.005569,0.008317,0.006196,0.004122,0.001611,0.008155,0.006794,0.001391,0.007416,0.002802,0.003455,0.000222,0.003816,0.013448,0.001764,0.000389,0.000767,0.00093,0.000376,0.001101,0.000565,0.000194,0.00042,0.000633,0.00074,0.000605,0.000468,0.000758,0.001084,0.000445,0.000472,0.001279,0.001664,0.000115,0.0004,0.00028,0.000262,0.001137,0.000309,0.000256,0.000196,0.000342,0.000264,0.000669,0.000371,0.000154,0.001176,0.000174,0.000474,0.000784,0.000804,0.000259,0.001169,0.000325,0.001034,1.222181,0.9407
はん用機械,0.000066,0.000035,0.000063,0.000157,0.000026,0,0,0.000217,0.000021,0.000024,0.000038,0.00002,0.000022,0.000025,0.000022,0.000012,0.000005,0.000083,0.000283,0.000034,0.000024,0.000018,0.000033,0.000089,0.000037,0.000021,0.000028,0.000027,0.000043,0.000039,0.000038,0.000019,0.000131,0.00012,0.000137,0,0,0.000014,0.000117,0.000021,0,0.000019,0.000113,0.000054,1.00833,0.002708,0.000606,0.000131,0.000156,0.000701,0.00128,0.000164,0.000104,0.000192,0.000085,0.000191,0.001658,0.001183,0.000452,0.00004,0.000403,0.00008,0.000343,0.000083,0.000031,0.000302,0.000107,0.000027,0.000024,0.000016,0.000019,0.000015,0.000005,0.000031,0.00009,0.000465,0.000026,0.000076,0.000059,0.000045,0.000073,0.000015,0.000027,0.000046,0.000055,0.000071,0.000018,0.000038,0.000016,0.000026,0.000021,0.000031,0.00019,0.000027,0.00198,0.000025,0.000043,0.000022,0.000031,0.000032,0.00003,0.000013,0.000071,1.025428,0.789262
生産用機械,0.000348,0.000183,0.000333,0.000907,0.00008,0,0,0.001014,0.000109,0.000111,0.0002,0.000106,0.000115,0.000126,0.000114,0.000063,0.000025,0.000426,0.000183,0.000167,0.000123,0.000095,0.000163,0.000465,0.000179,0.000104,0.000138,0.000072,0.000241,0.000679,0.000204,0.000095,0.000255,0.000734,0.00058,0,0,0.000071,0.000443,0.000106,0,0.000137,0.000173,0.000191,0.000903,1.025724,0.000489,0.000997,0.000747,0.000708,0.000427,0.000628,0.000238,0.000452,0.000286,0.000204,0.001141,0.00066,0.00041,0.000207,0.000136,0.000249,0.000257,0.000436,0.000153,0.000325,0.000539,0.000134,0.000117,0.00008,0.000089,0.000069,0.000019,0.000083,0.000477,0.002458,0.000145,0.000308,0.000384,0.000199,0.000248,0.00007,0.000131,0.000239,0.000284,0.000332,0.000078,0.000192,0.000077,0.000124,0.000096,0.000152,0.001027,0.000138,0.010591,0.000111,0.000205,0.000098,0.000142,0.000156,0.000135,0.000046,0.000362,1.065772,0.820314
業務用機械,0.000047,0.000036,0.000125,0.000131,0.000014,0,0,0.000087,0.000021,0.000019,0.000028,0.000016,0.00002,0.000019,0.000018,0.00001,0.000005,0.00006,0.000016,0.000026,0.000023,0.000019,0.000023,0.000063,0.000029,0.000017,0.000022,0.000014,0.000036,0.000015,0.000029,0.000018,0.000021,0.000051,0.000041,0,0,0.000009,0.000019,0.000014,0,0.000014,0.000026,0.000018,0.00016,0.000287,1.005437,0.000029,0.000023,0.000077,0.000017,0.000058,0.00002,0.000036,0.000017,0.000028,0.000182,0.000027,0.000028,0.000031,0.000033,0.000029,0.000034,0.000051,0.00002,0.000039,0.000076,0.000125,0.000035,0.000018,0.000016,0.000011,0.000003,0.000013,0.000063,0.000298,0.000023,0.000066,0.000057,0.000049,0.000032,0.000018,0.000025,0.000057,0.000056,0.000108,0.000014,0.000034,0.000624,0.000154,0.000169,0.000028,0.000301,0.000032,0.001178,0.000025,0.000035,0.000017,0.000024,0.000296,0.000039,0.001356,0.000063,1.013417,0.780017
電子デバイス,0.000063,0.000034,0.000062,0.000152,0.000018,0,0,0.000125,0.00002,0.000021,0.000036,0.000019,0.000021,0.000024,0.000021,0.000012,0.000006,0.000074,0.00002,0.00003,0.000022,0.000017,0.00003,0.000085,0.000034,0.00002,0.000027,0.000014,0.000039,0.000018,0.000037,0.000029,0.000027,0.000072,0.000057,0,0,0.000013,0.000026,0.000019,0,0.000018,0.000031,0.000134,0.000143,0.000327,0.01731,1.008638,0.00807,0.004915,0.023618,0.037844,0.059576,0.020168,0.033941,0.000444,0.000057,0.000313,0.004758,0.000038,0.000043,0.000055,0.000053,0.000079,0.000027,0.000054,0.000099,0.000029,0.000023,0.000016,0.000018,0.000014,0.000004,0.000017,0.000086,0.000444,0.000017,0.000057,0.000056,0.000034,0.000041,0.000011,0.000025,0.000049,0.000056,0.000064,0.000018,0.000044,0.000025,0.000026,0.000021,0.00003,0.000188,0.000028,0.001908,0.000024,0.000039,0.000019,0.000027,0.000037,0.000026,0.000078,0.000072,1.225767,0.943461
その他の電子部品,0.000028,0.000015,0.000027,0.00007,0.000007,0,0,0.000055,0.000009,0.000009,0.000016,0.000009,0.00001,0.000011,0.000009,0.000005,0.000002,0.000033,0.000008,0.000014,0.000012,0.000011,0.000014,0.000039,0.000016,0.00001,0.000015,0.000007,0.000017,0.000008,0.000017,0.000009,0.000012,0.000032,0.000025,0,0,0.000006,0.000011,0.000009,0,0.000009,0.000014,0.00007,0.000032,0.00014,0.001079,0.003329,1.004057,0.000381,0.000513,0.003276,0.000258,0.001889,0.001736,0.000036,0.00003,0.000017,0.000154,0.000017,0.000016,0.000021,0.00002,0.000035,0.000012,0.000024,0.000045,0.000012,0.000011,0.000009,0.000009,0.000006,0.000002,0.000007,0.000038,0.000195,0.000009,0.000024,0.000027,0.000016,0.000018,0.000007,0.000014,0.000036,0.000031,0.000033,0.000007,0.000032,0.000008,0.000012,0.00001,0.000015,0.000081,0.000019,0.000839,0.00001,0.000018,0.000009,0.000013,0.000013,0.000012,0.000447,0.000031,1.019896,0.785004
産業用電気機械,0.00002,0.000014,0.000019,0.000047,0.000024,0,0,0.000041,0.000008,0.00001,0.000011,0.000006,0.000007,0.000007,0.000007,0.000004,0.000002,0.000024,0.00001,0.000011,0.000007,0.000005,0.00001,0.000027,0.000011,0.000007,0.000008,0.000005,0.000013,0.000006,0.000012,0.000006,0.000009,0.000024,0.000018,0,0,0.000004,0.000009,0.000007,0,0.000006,0.00004,0.000011,0.000727,0.000605,0.000407,0.000011,0.000045,1.005409,0.000773,0.000664,0.000097,0.000311,0.000485,0.000838,0.000498,0.000326,0.000113,0.000012,0.00006,0.00008,0.000084,0.000025,0.000011,0.00002,0.000031,0.000008,0.000007,0.000005,0.000007,0.000007,0.000004,0.00001,0.000027,0.000138,0.000008,0.00002,0.000018,0.000013,0.000016,0.000004,0.000008,0.000014,0.000016,0.000021,0.000006,0.000011,0.000005,0.000008,0.000006,0.000009,0.000056,0.000008,0.000585,0.000007,0.000012,0.000006,0.000008,0.000009,0.000008,0.000004,0.00003,1.013278,0.77991
民生用電気機器,0.000001,0.000001,0.000001,0.000003,0,0,0,0.000002,0,0,0.000001,0,0,0,0,0,0,0.000001,0,0.000001,0,0,0.000001,0.000002,0.000001,0,0,0,0.000001,0,0.000001,0,0,0.000001,0.000001,0,0,0,0,0,0,0,0.000001,0,0.000001,0,0,0.000001,0.000001,0.000001,1.000533,0,0,0,0,0,0.000004,0.000014,0,0.000001,0.000018,0.000001,0.000001,0.000001,0.000001,0.000001,0.000002,0,0,0,0,0,0,0,0.000002,0.000008,0,0.000001,0.000001,0.000001,0.000001,0,0,0.000001,0.000002,0.000005,0,0.000001,0,0,0,0.000001,0.000004,0.000001,0.000035,0.000001,0.000001,0,0,0.000001,0,0,0.000002,1.000679,0.770213
電子応用装置・電気計測器,0.000002,0.000001,0.000002,0.000005,0.000002,0,0,0.000004,0.000001,0.000001,0.000001,0.000001,0.000001,0.000001,0.000001,0,0,0.000003,0.000001,0.000001,0.000001,0.000001,0.000001,0.000003,0.000001,0.000001,0.000001,0,0.000001,0.000001,0.000001,0.000001,0.000001,0.000003,0.000002,0,0,0,0.000001,0.000001,0,0.000001,0.000001,0.000001,0.000047,0.000086,0.000075,0.000001,0.000001,0.000093,0.000001,1.001253,0.000001,0.00001,0.000002,0.000001,0.000153,0.000005,0.000001,0.000001,0.000003,0.000002,0.000004,0.000003,0.000001,0.000002,0.000003,0.000001,0.000001,0.000001,0.000001,0,0,0.000001,0.000003,0.000015,0.000001,0.000002,0.000002,0.000001,0.000001,0,0.000001,0.000002,0.000002,0.000004,0.000001,0.000001,0.000003,0.000001,0.000001,0.000001,0.000006,0.000001,0.000066,0.000001,0.000001,0.000001,0.000001,0.000001,0.000001,0,0.000003,1.001928,0.771174
その他の電気機械,0.000018,0.000016,0.000017,0.000041,0.000048,0,0,0.000045,0.000009,0.000015,0.00001,0.000006,0.000006,0.000007,0.000006,0.000004,0.000002,0.00002,0.000036,0.000012,0.000009,0.000007,0.000009,0.000023,0.000012,0.000008,0.00001,0.000006,0.000013,0.000007,0.000011,0.00001,0.000011,0.000022,0.00004,0,0,0.000005,0.000009,0.000007,0,0.000006,0.00001,0.00003,0.000048,0.000137,0.000289,0.002255,0.000719,0.000519,0.000823,0.000277,1.001575,0.000926,0.000217,0.001044,0.000105,0.000496,0.000574,0.000011,0.000268,0.0002,0.000089,0.000021,0.000015,0.000029,0.000025,0.00003,0.00002,0.000007,0.000015,0.000014,0.00001,0.000025,0.000023,0.000116,0.000036,0.000027,0.000019,0.00002,0.000042,0.000004,0.000011,0.000069,0.000026,0.000034,0.000046,0.000017,0.000008,0.000009,0.000007,0.000009,0.000043,0.000032,0.000406,0.000012,0.00002,0.00001,0.000011,0.000031,0.000015,0.00001,0.000103,1.012584,0.779375
通信機械・同関連機器,0.000011,0.000007,0.000012,0.000037,0.000017,0,0,0.000023,0.000006,0.000011,0.000008,0.000006,0.000007,0.000011,0.000006,0.000004,0.000002,0.000019,0.000007,0.000011,0.00001,0.000008,0.00001,0.000018,0.000016,0.000007,0.000024,0.000006,0.000011,0.000006,0.000013,0.000012,0.00001,0.000016,0.000017,0,0,0.000003,0.000007,0.000007,0,0.000005,0.000023,0.000008,0.00003,0.00003,0.000022,0.000023,0.000013,0.000017,0.000008,0.000015,0.000014,1.000645,0.000022,0.0022,0.00127,0.000414,0.00001,0.000024,0.00015,0.00006,0.000327,0.000014,0.000011,0.000015,0.00002,0.000056,0.000036,0.000024,0.000038,0.000021,0.000004,0.000018,0.000039,0.000065,0.000026,0.000022,0.000058,0.000016,0.000021,0.000005,0.000013,0.000029,0.000076,0.000046,0.000009,0.000034,0.000009,0.000015,0.000006,0.00002,0.000038,0.000028,0.000249,0.000066,0.000011,0.000031,0.000008,0.000024,0.00001,0.000007,0.000022,1.006997,0.775075
電子計算機・同附属装置,0,0,0,0.000001,0,0,0,0.000001,0,0,0,0,0,0,0,0,0,0.000001,0,0,0,0,0,0.000001,0,0,0,0,0,0,0,0,0,0,0,0,0,0,0,0,0,0,0,0,0,0.000001,0,0,0,0,0,0,0,0.000001,1.000602,0,0,0,0,0,0,0,0,0.000001,0,0,0.000001,0,0,0,0,0,0,0,0.000001,0.000003,0,0,0,0,0,0,0.000001,0.000001,0,0,0,0,0,0,0,0,0.000001,0.000001,0.000013,0,0,0,0,0,0,0,0,1.000644,0.770186
自動車,0.000949,0.000497,0.000907,0.002266,0.000194,0,0,0.001869,0.000296,0.000294,0.000545,0.000288,0.000311,0.000339,0.00031,0.000172,0.000068,0.001101,0.000209,0.000446,0.00032,0.000248,0.000438,0.001265,0.000484,0.000283,0.00037,0.000193,0.000571,0.000259,0.000544,0.000251,0.000371,0.00107,0.000814,0,0,0.000194,0.000363,0.000286,0,0.000262,0.000433,0.000318,0.000403,0.000406,0.000372,0.000487,0.000423,0.000414,0.000234,0.000289,0.000313,0.000254,0.000266,1.111611,0.00019,0.022659,0.000253,0.000559,0.000341,0.000593,0.000598,0.001192,0.0004,0.000799,0.00147,0.000363,0.000316,0.000216,0.000241,0.000186,0.000046,0.00036,0.001293,0.006751,0.000209,0.001036,0.00081,0.000483,0.000581,0.000163,0.000353,0.000649,0.000771,0.000908,0.000209,0.00052,0.000208,0.000336,0.00026,0.000413,0.002765,0.000376,0.028986,0.0003,0.000556,0.000264,0.000385,0.000422,0.000324,0.000106,0.000985,1.218075,0.93754
船舶・同修理,0.000002,0.000004,0.000001,0.000002,0.007661,0,0,0.000006,0.000002,0.001526,0.000003,0.000002,0.000012,0.000001,0.000012,0,0,0.000005,0.000001,0.000004,0.000002,0.000001,0.000005,0.000001,0.000002,0.000001,0.000002,0.000001,0.000002,0.000002,0.000001,0.000001,0.000002,0.000007,0.000006,0,0,0.000001,0.000006,0.000012,0,0.000001,0.000002,0.000001,0.000001,0.000001,0.000001,0.000001,0.000001,0.000001,0.000001,0.000001,0.000001,0.000001,0.000001,0.000002,1.031307,0.000001,0.00001,0.000055,0.000001,0.000001,0.000002,0.000001,0.000003,0.000001,0.000001,0.000001,0.000001,0.000001,0,0.000001,0,0.000001,0.000003,0.000005,0.005088,0.000005,0.000001,0.000001,0.000018,0.000002,0.000001,0.000001,0.000001,0.00007,0.00001,0.000003,0.000001,0.000008,0.000007,0.000001,0.000001,0,0.000001,0.000001,0.000032,0.000048,0,0.000002,0.000003,0.000002,0.000018,1.046037,0.805125
その他の輸送機械・同修理,0.000023,0.000013,0.000024,0.00006,0.000008,0,0,0.000053,0.000009,0.000009,0.000021,0.000011,0.00001,0.000011,0.00001,0.000009,0.000005,0.000031,0.00001,0.000016,0.000019,0.000016,0.000013,0.000032,0.000019,0.000012,0.000025,0.000011,0.000017,0.000011,0.00002,0.00001,0.000015,0.000031,0.000038,0,0,0.000006,0.000012,0.00001,0,0.000009,0.000023,0.000011,0.000018,0.000018,0.00002,0.000017,0.000017,0.000016,0.000013,0.000024,0.000012,0.000024,0.000015,0.000008,0.000008,1.024073,0.00001,0.000022,0.000012,0.000019,0.000018,0.000028,0.000012,0.000022,0.000064,0.000032,0.000014,0.000026,0.00001,0.000008,0.000003,0.007291,0.000036,0.000149,0.000013,0.011907,0.000054,0.000017,0.00003,0.000039,0.000017,0.000034,0.000033,0.000241,0.000018,0.000022,0.00001,0.000011,0.000009,0.000025,0.000067,0.000022,0.000623,0.000015,0.000018,0.000012,0.000014,0.000016,0.000075,0.000008,0.000091,1.046191,0.805243
その他の製造工業製品,0.000029,0.000035,0.000043,0.000237,0.000441,0,0,0.000199,0.000033,0.000114,0.000019,0.000047,0.000046,0.000134,0.000019,0.000031,0.000355,0.000212,0.000585,0.00007,0.000063,0.000042,0.000045,0.000113,0.000089,0.000128,0.00016,0.000079,0.000073,0.000041,0.000068,0.002398,0.000391,0.000111,0.000112,0,0,0.000092,0.000235,0.000027,0,0.000095,0.00004,0.000041,0.000061,0.000191,0.000209,0.000098,0.000148,0.000176,0.000096,0.000204,0.000075,0.000141,0.000147,0.000102,0.000095,0.000109,1.008211,0.000045,0.00012,0.000373,0.000235,0.000033,0.000042,0.000087,0.000274,0.000082,0.000088,0.000097,0.000083,0.000052,0.000025,0.000057,0.00007,0.000114,0.000133,0.000124,0.000117,0.000093,0.000119,0.00006,0.0002,0.000352,0.000489,0.000222,0.000255,0.000648,0.000063,0.000283,0.00023,0.000431,0.000502,0.000228,0.000118,0.000443,0.000189,0.00016,0.000315,0.000447,0.000659,0.009267,0.000133,1.035313,0.79687
再生資源回収・加工処理,0.002236,0.001903,0.000204,0.002206,0.000105,0,0,0.00009,0.000806,0.0001,0.000957,0.000199,0.000278,0.006186,0.025996,0.000415,0.00004,0.037459,0.001451,0.027937,0.002156,0.000801,0.060246,0.002884,0.000246,0.000632,0.000243,0.000362,0.000069,0.025236,0.000383,0.000181,0.011681,0.01854,0.008403,0,0,0.019231,0.039711,0.118609,0,0.007354,0.001029,0.000782,0.000526,0.000446,0.000331,0.001127,0.000371,0.000444,0.000457,0.000132,0.000559,0.00028,0.000227,0.000687,0.000715,0.000521,0.000445,1.000117,0.001042,0.000705,0.000882,0.002965,0.023181,0.000189,0.000254,0.000067,0.000197,0.00007,0.000132,0.000062,0.000042,0.000115,0.000046,0.000079,0.000074,0.000079,0.000107,0.000219,0.000249,0.000049,0.000089,0.000099,0.00026,0.000141,0.000119,0.000124,0.000059,0.000149,0.000116,0.000096,0.000037,0.000075,0.000096,0.000086,0.000384,0.000586,0.000146,0.000129,0.00016,0.000974,0.000184,1.469649,1.131174
建築,0,0,0,0,0,0,0,0,0,0,0,0,0,0,0,0,0,0,0,0,0,0,0,0,0,0,0,0,0,0,0,0,0,0,0,0,0,0,0,0,0,0,0,0,0,0,0,0,0,0,0,0,0,0,0,0,0,0,0,0,1,0,0,0,0,0,0,0,0,0,0,0,0,0,0,0,0,0,0,0,0,0,0,0,0,0,0,0,0,0,0,0,0,0,0,0,0,0,0,0,0,0,0,1,0.76969
建設補修,0.009355,0.006823,0.007819,0.012717,0.002938,0,0,0.021722,0.004655,0.002588,0.005253,0.002666,0.00324,0.003848,0.002831,0.004846,0.001845,0.007541,0.005939,0.022487,0.013671,0.005703,0.009344,0.015965,0.017902,0.012398,0.007118,0.009471,0.012207,0.007907,0.007613,0.004307,0.012255,0.022728,0.018452,0,0,0.007662,0.01323,0.012695,0,0.006775,0.011564,0.009191,0.006716,0.0072,0.005594,0.005844,0.013425,0.008727,0.005393,0.00674,0.01141,0.006426,0.004964,0.00242,0.005292,0.005461,0.00595,0.004168,0.003675,1.00557,0.004179,0.019093,0.042182,0.053075,0.015221,0.010868,0.011702,0.009675,0.028188,0.03872,0.049745,0.036171,0.005956,0.028001,0.015549,0.012885,0.018682,0.041558,0.060764,0.005406,0.016094,0.014304,0.008564,0.042046,0.017744,0.011731,0.006662,0.010674,0.007521,0.006978,0.006005,0.007256,0.003005,0.005903,0.010125,0.006077,0.00879,0.011685,0.010597,0.002985,0.013232,2.217844,1.707052
土木,0,0,0,0,0,0,0,0,0,0,0,0,0,0,0,0,0,0,0,0,0,0,0,0,0,0,0,0,0,0,0,0,0,0,0,0,0,0,0,0,0,0,0,0,0,0,0,0,0,0,0,0,0,0,0,0,0,0,0,0,0,0,1,0,0,0,0,0,0,0,0,0,0,0,0,0,0,0,0,0,0,0,0,0,0,0,0,0,0,0,0,0,0,0,0,0,0,0,0,0,0,0,0,1,0.76969
電力,0.006119,0.009993,0.02313,0.007514,0.002761,0,0,0.015382,0.00678,0.007022,0.004961,0.006362,0.010334,0.007656,0.006981,0.00673,0.002926,0.015259,0.006555,0.071269,0.015661,0.009988,0.02803,0.183839,0.024952,0.007213,0.005578,0.00965,0.012238,0.0096,0.011782,0.005447,0.012529,0.058243,0.021215,0,0,0.012685,0.045058,0.04773,0,0.012113,0.00769,0.013201,0.008377,0.007857,0.008027,0.019518,0.015278,0.006778,0.006732,0.004426,0.009654,0.004958,0.005467,0.005057,0.010274,0.007839,0.006332,0.021826,0.004219,0.003723,0.005541,1.052514,0.01791,0.02144,0.05081,0.003973,0.019715,0.003734,0.018848,0.0051,0.000435,0.022153,0.00459,0.004317,0.003383,0.004609,0.005338,0.040827,0.011237,0.005674,0.009892,0.006968,0.00484,0.008627,0.014945,0.004905,0.004834,0.011587,0.00706,0.003423,0.003731,0.004159,0.002846,0.005258,0.020447,0.01056,0.014732,0.018359,0.01615,0.004191,0.01028,2.41846,1.861464
ガス・熱供給,0.000456,0.000342,0.000725,0.000465,0.000163,0,0,0.000607,0.000516,0.000482,0.000303,0.00182,0.002068,0.001418,0.001476,0.002466,0.000395,0.000576,0.000622,0.003262,0.001701,0.000692,0.00812,0.005634,0.002093,0.000505,0.001683,0.001471,0.000432,0.002769,0.001854,0.000681,0.001177,0.001404,0.002428,0,0,0.001754,0.006094,0.001285,0,0.001623,0.001509,0.002166,0.001304,0.001162,0.001496,0.003207,0.001681,0.001232,0.00049,0.000711,0.002449,0.000757,0.000877,0.001446,0.001013,0.001946,0.001504,0.001928,0.000603,0.000773,0.000589,0.016405,1.016248,0.00096,0.003746,0.000824,0.004491,0.000924,0.002334,0.000475,0.000096,0.000987,0.000695,0.000837,0.001142,0.000689,0.000935,0.001057,0.001125,0.000839,0.001364,0.001357,0.000748,0.002931,0.001994,0.001152,0.001161,0.0031,0.002548,0.001113,0.000382,0.000814,0.001395,0.001104,0.010537,0.006515,0.003367,0.00137,0.002693,0.000495,0.001242,1.192595,0.917928
水道,0.001269,0.003568,0.00344,0.002852,0.000736,0,0,0.008321,0.002975,0.003674,0.001258,0.002239,0.003654,0.004436,0.001029,0.001629,0.000427,0.00233,0.001214,0.010297,0.003333,0.001422,0.008924,0.005569,0.011133,0.0036,0.005994,0.002741,0.001381,0.002384,0.001876,0.00356,0.00338,0.00484,0.002167,0,0,0.002926,0.00145,0.003577,0,0.001778,0.001623,0.001601,0.001918,0.001766,0.001545,0.002581,0.002577,0.001713,0.001871,0.001436,0.002866,0.001432,0.001408,0.001059,0.001809,0.0015,0.001899,0.005845,0.001573,0.002234,0.001736,0.000893,0.007603,1.060268,0.021983,0.002687,0.006282,0.002556,0.004355,0.001112,0.000273,0.006607,0.00251,0.013408,0.002826,0.002387,0.002694,0.003673,0.009757,0.001559,0.006554,0.002124,0.002056,0.007042,0.01234,0.006652,0.005285,0.008229,0.010072,0.003746,0.001108,0.001243,0.001392,0.001837,0.015838,0.012188,0.018619,0.007036,0.00653,0.001031,0.006619,1.46035,1.124016
廃棄物処理,0.000445,0.001006,0.001563,0.001018,0.000304,0,0,0.001303,0.000934,0.000228,0.00032,0.001239,0.000466,0.00039,0.001331,0.000117,0.000101,0.000809,0.000361,0.001112,0.000888,0.000599,0.003613,0.007638,0.000583,0.000338,0.002838,0.000652,0.000401,0.000191,0.000386,0.000625,0.001662,0.002283,0.005087,0,0,0.000097,0.000306,0.000231,0,0.000171,0.000301,0.000219,0.000531,0.000367,0.000416,0.000822,0.000645,0.000605,0.000354,0.000444,0.001615,0.000399,0.000474,0.00023,0.001033,0.004981,0.000297,0.000674,0.00056,0.000455,0.0035,0.001034,0.000872,0.001107,1.000363,0.001474,0.001579,0.002427,0.000548,0.00052,0.000167,0.012378,0.002092,0.000995,0.002566,0.002111,0.003703,0.001718,0.007449,0.001339,0.005209,0.00821,0.00106,0.033057,0.00387,0.001851,0.002337,0.003152,0.00307,0.000486,0.000617,0.003624,0.000721,0.00046,0.030052,0.009762,0.007833,0.006847,0.0098,0.000324,0.012019,1.24936,0.96162
卸売,0.011264,0.009599,0.010883,0.014022,0.011751,0,0,0.012804,0.013368,0.041928,0.019483,0.020474,0.026315,0.012144,0.019557,0.011753,0.007192,0.035411,0.025993,0.034946,0.051286,0.026359,0.01306,0.007737,0.03819,0.015605,0.016579,0.028883,0.015755,0.019196,0.0247,0.034055,0.01676,0.015713,0.015367,0,0,0.004155,0.019102,0.005551,0,0.017991,0.027328,0.018999,0.020294,0.01885,0.022268,0.016528,0.014563,0.023564,0.026373,0.015394,0.021774,0.019061,0.014058,0.012825,0.028434,0.020044,0.020101,0.003185,0.019971,0.025182,0.016641,0.002286,0.005991,0.006916,0.009331,1.010239,0.00443,0.003275,0.002315,0.002291,0.001556,0.002525,0.004194,0.016544,0.007779,0.003882,0.004429,0.005872,0.006877,0.0023,0.00342,0.004092,0.010036,0.005534,0.003222,0.007889,0.017583,0.009635,0.006866,0.010577,0.004538,0.003268,0.017676,0.003943,0.017096,0.022893,0.007182,0.005918,0.00721,0.073722,0.007458,2.483158,1.911262
小売,0.020613,0.013883,0.008018,0.01858,0.007939,0,0,0.022228,0.006446,0.003639,0.009498,0.002913,0.00578,0.002554,0.00483,0.001559,0.003896,0.007808,0.006268,0.002877,0.00312,0.002077,0.0033,0.003423,0.007009,0.00249,0.003899,0.00191,0.002663,0.001148,0.003974,0.023692,0.004181,0.00607,0.004231,0,0,0.001014,0.002551,0.002068,0,0.001706,0.002663,0.002269,0.003306,0.005106,0.005407,0.002841,0.003146,0.003984,0.003114,0.003273,0.003357,0.003849,0.004499,0.002668,0.004615,0.003054,0.03131,0.004549,0.004438,0.005213,0.006049,0.00093,0.001533,0.002619,0.009762,0.007189,1.005953,0.003354,0.003098,0.002895,0.000733,0.002263,0.006648,0.050074,0.004346,0.002753,0.00584,0.003729,0.003415,0.006218,0.00361,0.004936,0.006791,0.008211,0.005218,0.009808,0.003162,0.010492,0.006714,0.015503,0.006174,0.0033,0.003276,0.005914,0.021446,0.030004,0.010661,0.008858,0.014014,0.045756,0.004142,1.689909,1.300706
金融・保険,0.009286,0.008053,0.01031,0.034973,0.009765,0,0,0.052361,0.006344,0.006786,0.006163,0.005742,0.007283,0.008089,0.006184,0.007393,0.005037,0.021345,0.014238,0.014343,0.015118,0.010631,0.011771,0.016766,0.008438,0.006081,0.009387,0.008143,0.008187,0.00379,0.007231,0.009531,0.012274,0.01809,0.018049,0,0,0.003373,0.008683,0.007796,0,0.005925,0.015564,0.009411,0.009478,0.010997,0.012627,0.010019,0.00758,0.009087,0.008747,0.008958,0.014714,0.009202,0.010576,0.00655,0.013651,0.0138,0.016918,0.009558,0.013209,0.009885,0.021856,0.013215,0.008547,0.005186,0.014009,0.024567,0.016523,1.043434,0.083053,0.068726,0.05995,0.042535,0.017998,0.03914,0.038357,0.019216,0.034058,0.013684,0.018726,0.004618,0.012178,0.009585,0.010509,0.043924,0.002746,0.007872,0.008463,0.007524,0.009815,0.062152,0.05041,0.006277,0.00891,0.007095,0.021749,0.008135,0.005821,0.012892,0.009609,0.004405,0.019921,2.560885,1.971087
不動産仲介及び賃借,0.0022,0.002264,0.007429,0.005382,0.001876,0,0,0.007831,0.003779,0.0028,0.002171,0.003227,0.002758,0.002697,0.001762,0.001704,0.001723,0.004526,0.004409,0.00476,0.005052,0.004586,0.002538,0.00591,0.005979,0.002901,0.006569,0.002776,0.003176,0.002866,0.00408,0.004178,0.003673,0.00577,0.003424,0,0,0.001282,0.003469,0.001603,0,0.001831,0.007032,0.002929,0.004642,0.004834,0.004184,0.003338,0.002966,0.004861,0.005259,0.004047,0.005282,0.00426,0.003945,0.002322,0.004777,0.003341,0.003552,0.003819,0.00557,0.003852,0.00336,0.004282,0.008443,0.002369,0.004918,0.023867,0.012985,0.011841,1.025364,0.044774,0.001621,0.003143,0.009501,0.012999,0.040708,0.008579,0.067096,0.05194,0.022607,0.012329,0.010168,0.010248,0.026836,0.003024,0.002113,0.014015,0.014713,0.004822,0.006393,0.013714,0.008422,0.007376,0.003247,0.007791,0.010102,0.008107,0.017536,0.006124,0.019827,0.003009,0.026219,1.816311,1.397996
住宅賃貸料,0,0,0,0,0,0,0,0,0,0,0,0,0,0,0,0,0,0,0,0,0,0,0,0,0,0,0,0,0,0,0,0,0,0,0,0,0,0,0,0,0,0,0,0,0,0,0,0,0,0,0,0,0,0,0,0,0,0,0,0,0,0,0,0,0,0,0,0,0,0,0,1,0,0,0,0,0,0,0,0,0,0,0,0,0,0,0,0,0,0,0,0,0,0,0,0,0,0,0,0,0,0,0,1,0.76969
住宅賃貸料（帰属家賃）,0,0,0,0,0,0,0,0,0,0,0,0,0,0,0,0,0,0,0,0,0,0,0,0,0,0,0,0,0,0,0,0,0,0,0,0,0,0,0,0,0,0,0,0,0,0,0,0,0,0,0,0,0,0,0,0,0,0,0,0,0,0,0,0,0,0,0,0,0,0,0,0,1,0,0,0,0,0,0,0,0,0,0,0,0,0,0,0,0,0,0,0,0,0,0,0,0,0,0,0,0,0,0,1,0.76969
鉄道輸送,0.000195,0.000206,0.000205,0.0006,0.000357,0,0,0.001087,0.000261,0.000212,0.00112,0.000483,0.000312,0.000379,0.000288,0.00052,0.000242,0.000602,0.000417,0.000706,0.001281,0.00107,0.00041,0.000474,0.000825,0.000687,0.001206,0.000648,0.000412,0.000608,0.000725,0.0003,0.000585,0.000725,0.002517,0,0,0.00015,0.000349,0.000395,0,0.000322,0.001319,0.000285,0.000741,0.000827,0.001293,0.000737,0.000833,0.000607,0.000693,0.001536,0.000453,0.002194,0.000988,0.00027,0.000379,0.000575,0.000423,0.001212,0.000408,0.000522,0.00052,0.000138,0.000259,0.000348,0.003176,0.001881,0.000601,0.002489,0.000357,0.000282,0.000169,1.000661,0.000946,0.000459,0.000775,0.000447,0.004148,0.000527,0.000434,0.000914,0.000716,0.001166,0.000539,0.001745,0.001143,0.0009,0.000517,0.000374,0.000369,0.001281,0.000585,0.000842,0.000301,0.000406,0.000537,0.000628,0.000425,0.000476,0.000675,0.000606,0.001483,1.073422,0.826202
道路輸送（自家輸送を除く。）,0.006361,0.027336,0.005652,0.022855,0.005179,0,0,0.009417,0.015088,0.01047,0.033124,0.012427,0.010624,0.008153,0.020763,0.003028,0.00178,0.028396,0.011484,0.021535,0.020211,0.008759,0.023232,0.004875,0.011993,0.007929,0.0078,0.011258,0.02978,0.011517,0.00775,0.012942,0.012335,0.027058,0.02147,0,0,0.006474,0.027345,0.033443,0,0.007539,0.01186,0.007382,0.008119,0.007627,0.008393,0.007374,0.006706,0.007929,0.00799,0.005696,0.006858,0.006482,0.007554,0.009573,0.010049,0.008125,0.007945,0.251121,0.011049,0.012599,0.013737,0.002586,0.016429,0.004255,0.021299,0.004762,0.003546,0.007255,0.002211,0.002338,0.001074,0.00247,1.003451,0.005291,0.004675,0.003882,0.003716,0.003757,0.005098,0.045981,0.005655,0.005084,0.006405,0.00851,0.003209,0.005466,0.005017,0.004768,0.00293,0.008785,0.00316,0.0032,0.005899,0.003061,0.007039,0.009499,0.002731,0.003105,0.011284,0.025558,0.029895,2.275885,1.751726
自家輸送,0.032654,0.014327,0.011837,0.084278,0.01845,0,0,0.237109,0.009348,0.014768,0.018107,0.009222,0.008083,0.006958,0.009636,0.006306,0.002319,0.037561,0.007791,0.008898,0.008538,0.008496,0.005795,0.006418,0.007127,0.005824,0.005125,0.002302,0.009925,0.002643,0.004044,0.018052,0.013237,0.043455,0.017326,0,0,0.003634,0.005428,0.004051,0,0.004714,0.013383,0.008396,0.007314,0.007276,0.010647,0.006442,0.002622,0.005466,0.005933,0.005524,0.006236,0.00234,0.005474,0.00257,0.003192,0.002765,0.015943,0.011605,0.017287,0.019828,0.021784,0.00333,0.00555,0.006153,0.027913,0.04209,0.029758,0.008474,0.006775,0.006107,0.002111,0.00434,0.003336,1.005674,0.008576,0.004886,0.005656,0.005462,0.00816,0.009357,0.009301,0.012258,0.016376,0.013759,0.009312,0.006474,0.005549,0.00837,0.008288,0.011707,0.010933,0.008888,0.004993,0.007937,0.024654,0.005417,0.010982,0.021088,0.022234,0.005235,0.016331,2.329601,1.79307
水運,0.000285,0.000645,0.000112,0.000248,0.000231,0,0,0.000343,0.000323,0.00013,0.000481,0.000106,0.000145,0.000152,0.000726,0.000068,0.000022,0.000918,0.000187,0.000682,0.000297,0.000122,0.000957,0.000177,0.000342,0.000239,0.000127,0.000256,0.000361,0.000332,0.000126,0.000154,0.000337,0.001347,0.001036,0,0,0.000276,0.001133,0.002435,0,0.000175,0.000395,0.000239,0.000204,0.000183,0.00012,0.000119,0.000109,0.00015,0.000147,0.000079,0.00013,0.000096,0.000087,0.000288,0.00026,0.000227,0.000106,0.010981,0.000153,0.000154,0.000274,0.000154,0.000665,0.000077,0.000169,0.000086,0.000071,0.000076,0.000042,0.000041,0.000015,0.00004,0.000385,0.000683,1.015964,0.000199,0.000054,0.000054,0.000065,0.000335,0.000051,0.00006,0.000103,0.000073,0.000062,0.000063,0.000041,0.00006,0.000053,0.000093,0.000051,0.000057,0.000131,0.000051,0.000121,0.000099,0.000058,0.00009,0.000104,0.000324,0.00016,1.051619,0.80942
航空輸送,0.000044,0.000051,0.000165,0.000316,0.000073,0,0,0.000365,0.000063,0.000062,0.00004,0.000067,0.000059,0.000069,0.00005,0.000088,0.000119,0.000175,0.000201,0.000124,0.000224,0.000223,0.000077,0.000125,0.000217,0.000094,0.000639,0.00013,0.000092,0.000117,0.000201,0.000092,0.000155,0.000196,0.000147,0,0,0.000035,0.000085,0.000047,0,0.000059,0.000354,0.000132,0.000254,0.000315,0.000234,0.00013,0.000132,0.000206,0.000257,0.000516,0.000188,0.000184,0.000161,0.000085,0.000098,0.000136,0.000108,0.000048,0.000067,0.000105,0.000094,0.000099,0.000065,0.000119,0.000809,0.000876,0.000193,0.000236,0.000091,0.000073,0.000019,0.000067,0.000097,0.000084,0.000125,1.000634,0.000475,0.000119,0.000128,0.002416,0.000324,0.000903,0.000965,0.000179,0.000375,0.000341,0.000132,0.000084,0.000068,0.000495,0.000226,0.000645,0.000083,0.000376,0.000168,0.000103,0.000158,0.000262,0.000213,0.000097,0.000858,1.022672,0.78714
貨物利用運送,0.000234,0.000934,0.000197,0.000299,0.000255,0,0,0.000224,0.000638,0.000646,0.001188,0.000423,0.000396,0.00023,0.000528,0.000128,0.000089,0.000521,0.000307,0.000592,0.000823,0.000411,0.000391,0.000141,0.000507,0.000298,0.000221,0.000431,0.000964,0.000166,0.000218,0.000363,0.000336,0.00098,0.000897,0,0,0.000059,0.00059,0.000194,0,0.000176,0.000308,0.000215,0.000234,0.000207,0.00023,0.000183,0.000185,0.00022,0.000239,0.000177,0.000203,0.000202,0.000163,0.000306,0.000287,0.000253,0.000205,0.000518,0.000288,0.000337,0.000352,0.000068,0.000444,0.000101,0.000131,0.000074,0.000088,0.000091,0.000055,0.000071,0.000023,0.001255,0.000296,0.000268,0.000197,0.000245,1.001027,0.000097,0.000125,0.002706,0.000101,0.000083,0.000193,0.000108,0.000077,0.000141,0.000175,0.000155,0.000099,0.000166,0.000066,0.00027,0.000197,0.000077,0.000226,0.00033,0.000079,0.000082,0.000099,0.00091,0.000885,1.033192,0.795237
倉庫,0.000106,0.0004,0.000097,0.000127,0.00012,0,0,0.000064,0.000215,0.000337,0.000883,0.000175,0.000268,0.000127,0.001093,0.000058,0.000031,0.000284,0.000131,0.000351,0.000321,0.000152,0.000474,0.000072,0.00018,0.000093,0.000094,0.000156,0.000309,0.000162,0.000107,0.000164,0.000258,0.000371,0.000518,0,0,0.000075,0.000341,0.000473,0,0.000249,0.000142,0.000133,0.000117,0.000106,0.000143,0.000106,0.000099,0.000151,0.000138,0.000116,0.000193,0.000129,0.000112,0.000111,0.000131,0.000109,0.000105,0.002235,0.00009,0.000101,0.000123,0.000076,0.000818,0.000036,0.000039,0.000026,0.000039,0.00003,0.000023,0.000029,0.000007,0.000027,0.000025,0.000081,0.000037,0.000067,0.000035,1.000042,0.000054,0.000019,0.000036,0.000061,0.000092,0.000064,0.000033,0.000062,0.000043,0.000059,0.000039,0.000061,0.000022,0.000039,0.000067,0.000027,0.000103,0.000153,0.000026,0.000031,0.000032,0.000292,0.000048,1.017031,0.782799
運輸附帯サービス,0.002955,0.002024,0.001341,0.007682,0.003125,0,0,0.01915,0.001641,0.002013,0.002461,0.001635,0.001237,0.001583,0.001979,0.000769,0.000364,0.004627,0.002078,0.004697,0.001925,0.002229,0.003563,0.001225,0.001692,0.002383,0.001523,0.001006,0.001821,0.001796,0.002224,0.002914,0.00989,0.004726,0.002655,0,0,0.001477,0.001535,0.001307,0,0.000881,0.001675,0.001366,0.001508,0.001436,0.001786,0.001304,0.000952,0.005768,0.001132,0.002417,0.002625,0.000832,0.00231,0.000938,0.001328,0.001034,0.002685,0.007464,0.001883,0.002166,0.002302,0.000396,0.000969,0.00073,0.002962,0.009418,0.002989,0.000994,0.000706,0.000737,0.000217,0.010848,0.022844,0.077969,0.050313,0.183744,0.036122,0.009497,1.003653,0.002351,0.001081,0.001417,0.002047,0.001445,0.001016,0.000844,0.000741,0.000966,0.000884,0.001375,0.002677,0.001024,0.000763,0.000922,0.023224,0.002588,0.001054,0.002512,0.002118,0.001633,0.009616,1.630448,1.254939
郵便・信書便,0.00044,0.000542,0.000574,0.002799,0.000759,0,0,0.001609,0.000504,0.000497,0.000307,0.000712,0.00041,0.000538,0.000366,0.000347,0.001025,0.001241,0.001059,0.000908,0.001124,0.000689,0.001189,0.001406,0.001426,0.000986,0.003527,0.000702,0.000766,0.000872,0.000758,0.000937,0.000873,0.001073,0.000849,0,0,0.000233,0.000575,0.000757,0,0.000543,0.001473,0.000895,0.000913,0.001251,0.001122,0.000912,0.000958,0.001292,0.001052,0.002203,0.000753,0.001178,0.00102,0.000681,0.00072,0.000716,0.001091,0.001601,0.000798,0.001674,0.001289,0.000902,0.00309,0.002218,0.001744,0.002518,0.002726,0.010237,0.001515,0.002112,0.000671,0.002139,0.001144,0.001143,0.002792,0.001823,0.00295,0.001992,0.00164,1.000319,0.012999,0.005376,0.003045,0.007274,0.002368,0.008166,0.001161,0.007466,0.00113,0.009997,0.001922,0.003206,0.001317,0.001815,0.002188,0.002358,0.001659,0.001665,0.003367,0.000435,0.003106,1.18321,0.910705
通信,0.002094,0.002077,0.003438,0.007831,0.004968,0,0,0.005126,0.002015,0.004108,0.001663,0.002408,0.002519,0.00218,0.001537,0.001462,0.00125,0.004761,0.003522,0.003218,0.004411,0.003146,0.00462,0.003937,0.00444,0.002949,0.022271,0.002773,0.003723,0.00238,0.003448,0.004165,0.003312,0.003915,0.003273,0,0,0.000801,0.002293,0.00239,0,0.001781,0.005877,0.002431,0.004195,0.004834,0.004054,0.003087,0.003281,0.004646,0.00391,0.009316,0.003039,0.00443,0.003645,0.002154,0.00297,0.002864,0.003164,0.002996,0.00254,0.017633,0.007956,0.001455,0.002644,0.007869,0.008597,0.02067,0.016177,0.016028,0.007416,0.008999,0.001801,0.007102,0.005973,0.004204,0.047879,0.006218,0.008309,0.006671,0.008372,0.013236,1.189045,0.049239,0.030479,0.010675,0.002732,0.018916,0.003962,0.013157,0.002482,0.020584,0.004816,0.025912,0.004667,0.007729,0.008333,0.010437,0.007409,0.004841,0.005532,0.002717,0.041826,1.900337,1.462671
放送,0.00034,0.000306,0.000545,0.000757,0.000386,0,0,0.001238,0.001014,0.000437,0.000301,0.003178,0.001481,0.004755,0.000303,0.000199,0.000287,0.00071,0.00164,0.002391,0.002123,0.000487,0.000864,0.001234,0.000653,0.000427,0.008915,0.000898,0.000352,0.000828,0.001065,0.001503,0.00092,0.000616,0.000782,0,0,0.00018,0.000322,0.000306,0,0.000303,0.000699,0.000451,0.001065,0.000977,0.001322,0.001685,0.000745,0.001351,0.002592,0.001416,0.001001,0.001871,0.00148,0.001832,0.000629,0.001462,0.001326,0.00054,0.000746,0.000471,0.000668,0.000717,0.001456,0.001205,0.000883,0.001501,0.003537,0.005984,0.00424,0.003532,0.000373,0.001448,0.001195,0.001058,0.001862,0.002799,0.001743,0.000813,0.003017,0.000522,0.004596,1.04157,0.005816,0.001113,0.001089,0.000782,0.000802,0.000949,0.000916,0.002017,0.002069,0.440554,0.000852,0.00307,0.002328,0.008541,0.00727,0.004668,0.002126,0.000501,0.001681,1.638573,1.261193
情報サービス,0.001742,0.002258,0.00338,0.004444,0.002327,0,0,0.00406,0.002292,0.002403,0.001451,0.003806,0.002626,0.003947,0.002419,0.001283,0.00107,0.004012,0.00468,0.00455,0.004438,0.003404,0.006473,0.005667,0.006261,0.004324,0.013796,0.004079,0.002429,0.002482,0.00537,0.005014,0.004538,0.003979,0.005765,0,0,0.000903,0.00293,0.002843,0,0.002304,0.00367,0.003239,0.004783,0.007072,0.004613,0.005803,0.005916,0.009092,0.003582,0.008703,0.007284,0.008867,0.016496,0.002974,0.003779,0.003773,0.003756,0.002662,0.002707,0.002802,0.003661,0.004034,0.003798,0.014079,0.005543,0.009853,0.012095,0.023222,0.009435,0.004872,0.001486,0.003485,0.005061,0.004132,0.00639,0.007639,0.007348,0.00935,0.014106,0.006472,0.027708,0.108567,1.031726,0.013257,0.00553,0.015443,0.005271,0.009661,0.002445,0.024029,0.007881,0.126704,0.002441,0.010688,0.008284,0.004537,0.004346,0.011159,0.006021,0.001792,0.008823,1.843694,1.419073
公務,0.003379,0.003397,0.004015,0.013879,0.003358,0,0,0.00154,0.002127,0.001078,0.001742,0.00047,0.000722,0.001888,0.000882,0.000364,0.000228,0.004272,0.000676,0.000925,0.001187,0.000616,0.000387,0.001675,0.00111,0.00065,0.000981,0.000517,0.00383,0.000441,0.002001,0.006181,0.003413,0.002626,0.001154,0,0,0.000316,0.001647,0.000745,0,0.000454,0.000491,0.000879,0.002927,0.00211,0.001525,0.000582,0.000506,0.00219,0.001153,0.000841,0.001075,0.001124,0.000716,0.000329,0.002189,0.002345,0.000659,0.001162,0.003382,0.003966,0.003172,0.000579,0.001326,0.002157,0.001119,0.001848,0.00219,0.001495,0.002523,0.005254,0.000301,0.004439,0.002101,0.001285,0.002265,0.004178,0.002663,0.004519,0.004421,0.000377,0.003147,0.000977,0.002058,1.000649,0.003248,0.001164,0.000804,0.002478,0.001353,0.001476,0.00176,0.000737,0.001863,0.003079,0.000897,0.000895,0.001432,0.00056,0.000788,0.000512,0.236592,1.419703,1.092731
教育,0.000101,0.000112,0.000282,0.000257,0.000112,0,0,0.00047,0.000224,0.000298,0.000117,0.000701,0.000341,0.000171,0.000154,0.000056,0.000045,0.000372,0.000141,0.000668,0.000461,0.000161,0.000296,0.000582,0.001121,0.00092,0.000835,0.000665,0.000133,0.00011,0.001472,0.000148,0.000857,0.001095,0.000588,0,0,0.000059,0.000835,0.000109,0,0.000333,0.001984,0.000524,0.001257,0.001097,0.000663,0.001895,0.002968,0.002193,0.003794,0.001762,0.001882,0.003675,0.000854,0.000395,0.000788,0.000425,0.000733,0.000231,0.000491,0.000329,0.000492,0.00073,0.000591,0.000396,0.000632,0.000699,0.000755,0.000818,0.000333,0.000237,0.000066,0.006409,0.000374,0.000638,0.000712,0.000383,0.001182,0.000677,0.000631,0.000704,0.011079,0.002275,0.006206,0.000348,1.000149,0.000374,0.000343,0.000492,0.000164,0.000467,0.000586,0.002163,0.000152,0.001776,0.000672,0.000594,0.001653,0.000445,0.000863,0.000149,0.001029,1.092776,0.841099
研究,0.00143,0.000951,0.001157,0.006271,0.002489,0,0,0.002619,0.004983,0.00315,0.001069,0.004625,0.005542,0.004463,0.002086,0.007444,0.003304,0.004449,0.008809,0.011601,0.016869,0.006353,0.020956,0.0757,0.075485,0.051091,0.194411,0.02751,0.002464,0.0185,0.027136,0.016364,0.041165,0.019504,0.008492,0,0,0.007105,0.009367,0.015035,0,0.015877,0.011402,0.007422,0.028161,0.060598,0.06273,0.064711,0.069736,0.086384,0.074858,0.089219,0.029879,0.074383,0.070709,0.052372,0.012762,0.027878,0.029449,0.006267,0.002191,0.002363,0.00405,0.00472,0.007976,0.001041,0.001158,0.004309,0.003509,0.001367,0.00084,0.000983,0.000203,0.004164,0.002428,0.002228,0.003723,0.003088,0.003394,0.005598,0.002716,0.000574,0.018368,0.007799,0.017032,0.000962,0.000726,1.003424,0.004423,0.00113,0.000684,0.001301,0.006901,0.005077,0.004115,0.001305,0.00107,0.001006,0.000677,0.000826,0.000775,0.002352,0.025671,2.752992,2.11895
医療・保健衛生,0.000131,0.000201,0.001485,0.00022,0.00006,0,0,0.000045,0.000097,0.000033,0.000084,0.000022,0.00003,0.000039,0.000058,0.000011,0.000007,0.000081,0.000022,0.000039,0.000038,0.000039,0.00003,0.000038,0.000033,0.00002,0.000113,0.000019,0.00007,0.000018,0.000043,0.000103,0.000068,0.00006,0.00004,0,0,0.000012,0.000039,0.000031,0,0.000018,0.000022,0.000022,0.000054,0.000044,0.000036,0.000021,0.000019,0.000048,0.000031,0.000032,0.00003,0.000031,0.000025,0.000015,0.000043,0.000045,0.000022,0.000093,0.000059,0.000084,0.000066,0.000016,0.000053,0.000227,0.000035,0.000079,0.000085,0.000178,0.000086,0.000119,0.000015,0.000131,0.000049,0.000058,0.000956,0.000125,0.000067,0.026277,0.000359,0.000066,0.001311,0.000526,0.000194,0.000056,0.000098,0.000068,1.039467,0.002147,0.002397,0.000072,0.000042,0.00025,0.000037,0.00009,0.000046,0.000114,0.000042,0.000037,0.000063,0.000023,0.003427,1.083828,0.834212
社会保険・社会福祉,0,0,0,0,0,0,0,0,0,0,0,0,0,0,0,0,0,0,0,0,0,0,0,0,0,0,0,0,0,0,0,0,0,0,0,0,0,0,0,0,0,0,0,0,0,0,0,0,0,0,0,0,0,0,0,0,0,0,0,0,0,0,0,0,0,0,0,0,0,0,0,0,0,0,0,0,0,0,0,0,0,0,0,0,0,0,0,0,0,1,0,0,0,0,0,0,0,0,0,0,0,0,0,1,0.76969
介護,0,0,0,0,0,0,0,0,0,0,0,0,0,0,0,0,0,0,0,0,0,0,0,0,0,0,0,0,0,0,0,0,0,0,0,0,0,0,0,0,0,0,0,0,0,0,0,0,0,0,0,0,0,0,0,0,0,0,0,0,0,0,0,0,0,0,0,0,0,0,0,0,0,0,0,0,0,0,0,0,0,0,0,0,0,0,0,0,0,0,1,0,0,0,0,0,0,0,0,0,0,0,0,1,0.76969
その他の非営利団体サービス,0.000312,0.000357,0.000628,0.000895,0.005059,0,0,0.002848,0.000842,0.002116,0.000691,0.001124,0.000671,0.001248,0.000579,0.000552,0.000507,0.001359,0.000869,0.00186,0.001686,0.001008,0.001887,0.003631,0.002382,0.001554,0.004524,0.000877,0.001545,0.000681,0.001056,0.000414,0.002729,0.002867,0.001168,0,0,0.000786,0.001044,0.000822,0,0.0006,0.00156,0.001248,0.003691,0.003201,0.001819,0.001442,0.0012,0.00145,0.000678,0.001435,0.000942,0.001131,0.00171,0.000653,0.001338,0.001547,0.001011,0.002724,0.001053,0.002515,0.00177,0.001145,0.003266,0.006992,0.004203,0.000871,0.001244,0.004258,0.001662,0.001939,0.000373,0.000976,0.002356,0.001392,0.002441,0.001457,0.002633,0.007497,0.004209,0.000288,0.002006,0.00632,0.002755,0.000776,0.000854,0.003699,0.0018,0.000442,0.000807,1.000635,0.002766,0.003541,0.001889,0.003148,0.002275,0.001966,0.001884,0.01307,0.002809,0.000344,0.002848,1.193731,0.918803
物品賃借サービス,0.011604,0.031571,0.019359,0.036739,0.004548,0,0,0.038812,0.016738,0.006034,0.008275,0.006329,0.014037,0.012439,0.008253,0.002677,0.004442,0.024489,0.014637,0.009868,0.013609,0.021561,0.007347,0.042714,0.008269,0.003775,0.005841,0.007064,0.054356,0.006647,0.016842,0.007897,0.008055,0.020318,0.027266,0,0,0.002273,0.008932,0.006608,0,0.00592,0.006966,0.009927,0.019293,0.02092,0.009688,0.028228,0.010772,0.037916,0.010588,0.010694,0.009457,0.01037,0.006884,0.010008,0.018032,0.036377,0.009305,0.029104,0.009912,0.006762,0.017606,0.009579,0.010457,0.00504,0.025475,0.012235,0.014735,0.007605,0.006544,0.006131,0.000874,0.006271,0.035048,0.117581,0.009486,0.159806,0.019527,0.014841,0.010786,0.004123,0.017949,0.027197,0.028363,0.018637,0.005455,0.00789,0.01448,0.015152,0.023855,0.008255,1.006926,0.016398,0.017029,0.018999,0.020261,0.006056,0.007285,0.012001,0.009983,0.003578,0.016376,2.653224,2.04216
広告,0.000586,0.000588,0.001165,0.001546,0.000836,0,0,0.002601,0.00224,0.000944,0.000586,0.007158,0.00321,0.010801,0.00061,0.000413,0.000624,0.001503,0.003676,0.005393,0.004716,0.001011,0.001878,0.002732,0.001405,0.000921,0.020291,0.002009,0.000707,0.001859,0.002321,0.003315,0.001992,0.001276,0.001709,0,0,0.000353,0.000688,0.00062,0,0.000634,0.001491,0.000992,0.002346,0.002131,0.002952,0.003787,0.001658,0.002954,0.00578,0.003183,0.002169,0.004206,0.003302,0.004125,0.001301,0.003253,0.002925,0.001042,0.001509,0.000852,0.001294,0.001588,0.003272,0.00267,0.001267,0.003027,0.006948,0.012956,0.009281,0.00776,0.000798,0.002984,0.002565,0.002122,0.003769,0.006072,0.003771,0.001673,0.005913,0.001005,0.010251,0.011384,0.012297,0.002404,0.002241,0.001701,0.001391,0.001467,0.001172,0.003699,0.00429,1.006077,0.00156,0.006762,0.002519,0.005243,0.004113,0.004629,0.004568,0.001051,0.003595,1.320025,1.01601
自動車整備・機械修理,0.033043,0.017304,0.031584,0.078854,0.006729,0,0,0.064825,0.010308,0.010211,0.018977,0.010012,0.01082,0.011796,0.010789,0.005992,0.002356,0.038302,0.007274,0.015529,0.011129,0.008641,0.015258,0.044092,0.016852,0.009835,0.012864,0.006713,0.019899,0.009019,0.018938,0.008736,0.012909,0.037232,0.028337,0,0,0.006741,0.012644,0.009967,0,0.009109,0.015047,0.011063,0.014024,0.013298,0.012936,0.01696,0.014751,0.01441,0.008139,0.010051,0.010901,0.008844,0.009246,0.007836,0.006627,0.008926,0.00878,0.019456,0.011849,0.020643,0.020827,0.041542,0.013949,0.027834,0.051167,0.012574,0.010952,0.007517,0.008395,0.006455,0.001614,0.006995,0.045029,0.23393,0.007281,0.027042,0.028207,0.016832,0.020224,0.005642,0.012292,0.022607,0.026851,0.031183,0.007277,0.018111,0.00725,0.01171,0.009038,0.014362,0.096366,0.013097,1.0104,0.010438,0.019333,0.009185,0.0134,0.014668,0.011213,0.003684,0.03421,2.918092,2.246026
その他の対事業所サービス,0.004689,0.005429,0.010869,0.01159,0.00728,0,0,0.019465,0.008765,0.007954,0.003963,0.014671,0.010848,0.012823,0.005705,0.004816,0.008162,0.011993,0.013278,0.011964,0.014063,0.019131,0.010556,0.042771,0.013638,0.012155,0.026339,0.011933,0.009816,0.012054,0.016698,0.00964,0.032672,0.028681,0.023733,0,0,0.003156,0.008861,0.006773,0,0.007869,0.011673,0.013236,0.022353,0.018894,0.017595,0.020244,0.017978,0.022411,0.020019,0.022028,0.019564,0.025332,0.025075,0.013549,0.010971,0.017426,0.011111,0.015598,0.035862,0.017025,0.047387,0.024389,0.015676,0.054178,0.031432,0.03616,0.044319,0.053229,0.084385,0.041623,0.005068,0.02177,0.016498,0.022295,0.02493,0.034101,0.036952,0.068462,0.09991,0.011136,0.083533,0.073628,0.080282,0.05531,0.03052,0.050014,0.032738,0.027931,0.018067,0.04868,0.037931,0.064992,0.019772,1.065255,0.016622,0.014859,0.019325,0.018398,0.019426,0.006281,0.040162,3.460379,2.663419
宿泊業,0,0,0,0,0,0,0,0,0,0,0,0,0,0,0,0,0,0,0,0,0,0,0,0,0,0,0,0,0,0,0,0,0,0,0,0,0,0,0,0,0,0,0,0,0,0,0,0,0,0,0,0,0,0,0,0,0,0,0,0,0,0,0,0,0,0,0,0,0,0,0,0,0,0,0,0,0,0,0,0,0,0,0,0,0,0,0,0,0,0,0,0,0,0,0,0,1,0,0,0,0,0,0,1,0.76969
飲食サービス,0.000005,0.000028,0.000011,0.00003,0.000007,0,0,0.000002,0.000031,0.000036,0.000003,0.000231,0.006382,0.000052,0.00045,0.000001,0,0.000008,0.000001,0.000007,0.000002,0.000001,0.000001,0.000002,0.000001,0.000002,0.000016,0.000019,0.000005,0.000001,0.000002,0.000008,0.000004,0.000003,0.000007,0,0,0,0.000002,0.000001,0,0.000001,0.000001,0.000001,0.000004,0.000003,0.000002,0.000001,0.000001,0.000003,0.000001,0.000001,0.000001,0.000001,0.000001,0,0.000003,0.000003,0.000001,0.000002,0.000004,0.000005,0.000004,0.000001,0.000002,0.000003,0.000001,0.000002,0.000003,0.000002,0.000003,0.000006,0,0.000006,0.000003,0.000002,0.000007,0.000005,0.000003,0.000116,0.000007,0.000001,0.000009,0.000003,0.000003,0.000001,0.000004,0.000002,0.004373,0.005069,0.015456,0.000002,0.000002,0.000002,0.000002,0.000004,0.007863,1.003887,0.000002,0.000001,0.000006,0.000001,0.000284,1.044555,0.803984
洗濯・理容・美容・浴場業,0.000045,0.000057,0.000232,0.00013,0.000082,0,0,0.000076,0.000148,0.000093,0.000087,0.000145,0.000077,0.000235,0.000067,0.000042,0.000026,0.000117,0.000046,0.000098,0.000096,0.000062,0.000048,0.000112,0.000066,0.00004,0.000128,0.000028,0.000078,0.000045,0.000082,0.000115,0.000045,0.000045,0.000038,0,0,0.000032,0.00006,0.000023,0,0.000028,0.000068,0.000053,0.000087,0.000073,0.000074,0.000181,0.000099,0.000092,0.000114,0.000069,0.000035,0.000063,0.000089,0.000063,0.000075,0.000077,0.000064,0.000059,0.000049,0.000066,0.000112,0.000032,0.000035,0.000069,0.000134,0.000119,0.000102,0.000136,0.000108,0.00009,0.000012,0.002601,0.000157,0.000055,0.000255,0.000264,0.000247,0.00034,0.000128,0.000406,0.000536,0.001264,0.000251,0.000165,0.000161,0.000061,0.009869,0.011947,0.012099,0.000119,0.000088,0.00071,0.000047,0.000125,0.008952,0.003093,1.021189,0.000099,0.000529,0.000028,0.001819,1.083081,0.833637
娯楽サービス,0.000043,0.000046,0.000073,0.000113,0.000053,0,0,0.000116,0.000087,0.000051,0.000035,0.000232,0.000118,0.000334,0.000042,0.000024,0.000028,0.000088,0.000144,0.000191,0.000174,0.000061,0.000111,0.00013,0.000098,0.000066,0.00068,0.000093,0.000051,0.000074,0.000117,0.00015,0.000103,0.000078,0.000101,0,0,0.00002,0.000049,0.000045,0,0.00004,0.000077,0.000058,0.000114,0.000127,0.000126,0.000157,0.000099,0.000168,0.000196,0.000166,0.000128,0.000196,0.000236,0.000141,0.000076,0.000129,0.000118,0.000059,0.000077,0.000063,0.000081,0.000081,0.000127,0.000201,0.000106,0.000186,0.000364,0.000577,0.000354,0.000274,0.000037,0.00013,0.000123,0.000106,0.000181,0.000249,0.000178,0.000141,0.000319,0.000091,0.000668,0.063727,0.009229,0.000187,0.000244,0.000189,0.000099,0.000149,0.000084,0.000341,0.000202,0.028555,0.000079,0.000292,0.00249,0.000777,0.000486,1.005539,0.00174,0.00005,0.000618,1.126219,0.866839
その他の対個人サービス,0.000137,0.000189,0.001025,0.000801,0.001043,0,0,0.000315,0.000189,0.000336,0.000106,0.000232,0.000169,0.000314,0.000146,0.000078,0.000071,0.00032,0.000174,0.000212,0.000245,0.000212,0.000227,0.00038,0.000342,0.00023,0.000645,0.000202,0.000224,0.000145,0.000223,0.000288,0.00026,0.000257,0.000219,0,0,0.000067,0.000155,0.000166,0,0.000157,0.000189,0.000141,0.000296,0.000337,0.000387,0.000346,0.000324,0.000461,0.000385,0.000354,0.00027,0.000381,0.000355,0.000234,0.000189,0.000293,0.000257,0.000284,0.000314,0.000252,0.000477,0.00015,0.000294,0.000403,0.000169,0.00122,0.000819,0.00042,0.002059,0.001025,0.000422,0.000285,0.000493,0.00039,0.000521,0.000493,0.000553,0.000646,0.000758,0.000394,0.000708,0.005039,0.002946,0.000601,0.000452,0.001969,0.000487,0.000349,0.000384,0.00303,0.001109,0.002828,0.000528,0.001381,0.002376,0.000578,0.001789,0.002894,1.009056,0.000157,0.000878,1.068074,0.822086
事務用品,0.000513,0.0008,0.001284,0.009263,0.00137,0,0,0.001611,0.00082,0.001121,0.000405,0.000733,0.001086,0.000795,0.000386,0.000568,0.000415,0.002879,0.00143,0.001221,0.001699,0.00118,0.001473,0.001816,0.002349,0.001995,0.002289,0.001222,0.00069,0.000396,0.000847,0.001708,0.001667,0.001499,0.001086,0,0,0.000192,0.000496,0.000485,0,0.000518,0.000779,0.00076,0.001284,0.002226,0.002004,0.001468,0.001356,0.002372,0.001756,0.001492,0.001956,0.001776,0.001777,0.000752,0.0011,0.002621,0.004055,0.001002,0.001076,0.000403,0.002242,0.000303,0.000581,0.00099,0.005658,0.002349,0.002795,0.004071,0.002671,0.001086,0.000259,0.002009,0.002021,0.001534,0.006038,0.001977,0.007957,0.002847,0.002413,0.004751,0.003306,0.003417,0.002181,0.004874,0.002284,0.007631,0.001573,0.003989,0.005111,0.00552,0.001376,0.001935,0.001424,0.002252,0.002963,0.001292,0.003982,0.001558,0.002925,1.000522,0.001973,1.198961,0.922828
分類不明,0.01432,0.014394,0.017014,0.058816,0.01423,0,0,0.006525,0.009013,0.004567,0.007381,0.001991,0.00306,0.008002,0.003736,0.001543,0.000965,0.018104,0.002866,0.00392,0.00503,0.002611,0.00164,0.007099,0.004704,0.002756,0.004159,0.002191,0.016231,0.001869,0.008481,0.026193,0.014461,0.011128,0.004889,0,0,0.001338,0.006979,0.003156,0,0.001922,0.00208,0.003727,0.012402,0.008941,0.006465,0.002468,0.002146,0.009281,0.004884,0.003564,0.004554,0.004762,0.003033,0.001394,0.009278,0.009937,0.002792,0.004926,0.014331,0.016807,0.013442,0.002454,0.005618,0.009142,0.004743,0.00783,0.009281,0.006337,0.010693,0.022266,0.001275,0.01881,0.008901,0.005444,0.009599,0.017704,0.011284,0.019152,0.018735,0.001597,0.013336,0.004142,0.008723,0.002749,0.013765,0.004933,0.003406,0.010503,0.005734,0.006254,0.007458,0.003121,0.007894,0.013047,0.0038,0.003792,0.006069,0.002373,0.003338,0.002172,1.002614,1.77859,1.368963
列和,1.287135,1.377615,1.23423,1.646751,1.159381,1,1,1.586727,1.653029,1.373959,1.625001,1.29914,1.334042,1.211781,1.436006,1.096747,1.073494,1.609548,1.230182,1.411517,1.338958,1.213371,1.366873,1.528155,1.306947,1.187303,1.429796,1.182855,1.268259,1.182374,1.225861,1.260017,1.299842,1.506606,1.324348,1,1,1.091566,1.260381,1.365746,1,1.145718,1.226409,1.174913,1.237037,1.281539,1.26475,1.25054,1.249166,1.321962,1.283519,1.284565,1.265806,1.268416,1.267055,1.280954,1.23429,1.269901,1.240963,1.437846,1.238325,1.259514,1.300403,1.221529,1.243096,1.315335,1.345568,1.273467,1.265167,1.271915,1.336471,1.294722,1.138534,1.254491,1.227571,1.686807,1.347502,1.552588,1.345359,1.384354,1.379508,1.164024,1.509504,1.527983,1.394506,1.347177,1.169191,1.247983,1.217248,1.240446,1.197397,1.327294,1.293237,1.809168,1.184015,1.212434,1.399215,1.326285,1.221909,1.22301,1.2367,1.314439,1.603834,1.299224,
影響力係数,0.990695,1.060337,0.949975,1.267488,0.892364,0.76969,0.76969,1.221288,1.27232,1.057523,1.250747,0.999935,1.026798,0.932695,1.105279,0.844155,0.826258,1.238853,0.946859,1.08643,1.030583,0.93392,1.052069,1.176206,1.005944,0.913855,1.1005,0.910431,0.976166,0.910061,0.943533,0.969822,1.000475,1.15962,1.019337,0.76969,0.76969,0.840168,0.970102,1.051201,0.76969,0.881848,0.943955,0.904318,0.952135,0.986387,0.973465,0.962528,0.961471,1.017501,0.987912,0.988717,0.974278,0.976287,0.975239,0.985937,0.950021,0.97743,0.955157,1.106695,0.953126,0.969435,1.000907,0.940199,0.956798,1.0124,1.03567,0.980174,0.973787,0.97898,1.028668,0.996534,0.876318,0.965569,0.944849,1.298318,1.037159,1.195012,1.035509,1.065523,1.061793,0.895938,1.16185,1.176073,1.073337,1.036908,0.899915,0.96056,0.936904,0.954759,0.921625,1.021605,0.995392,1.392499,0.911325,0.933198,1.076961,1.020829,0.940492,0.941338,0.951876,1.01171,1.234455,,