部門名,米,耕種農業（米を除く）,畜産,農業サービス,林業,漁業,金属鉱物,石炭・原油・天然ガス,非金属鉱物,食肉・畜産食料品,水産食料品,精穀・製粉,その他の食料品,飲料,飼料・有機質肥料（別掲を除く。）,たばこ,繊維工業製品,衣服・その他の繊維既製品,木材・木製品,家具・装備品,パルプ・紙・板紙・加工紙,紙加工品,印刷・製版・製本,化学肥料,無機化学工業製品,石油化学基礎製品,有機化学工業製品（石油化学基礎製品を除く。）,合成樹脂・化学繊維,化学最終製品,石油製品,石炭製品,プラスチック製品,ゴム製品,なめし革・毛皮・同製品,ガラス・ガラス製品,セメント・セメント製品,陶磁器,その他の窯業・土石製品,銑鉄・粗鋼,鋼材,鋳鍛造品,その他の鉄鋼製品,非鉄金属製錬・精製,非鉄金属加工製品,建設・建築用金属製品,その他の金属製品,はん用機械,生産用機械,業務用機械,電子デバイス,その他の電子部品,産業用電気機器,民生用電気機器,電子応用装置・電気計測器,その他の電気機械,通信機械・同関連機器,電子計算機・同附属装置,自動車（二輪自動車を含む）,自動車部品・同附属品,船舶・同修理,その他の輸送機械・同修理,その他の製造工業製品,再生資源回収・加工処理,建築,建設補修,公共事業,その他の土木建設,電力,ガス・熱供給,水道,廃棄物処理,卸売,小売,金融・保険,不動産仲介及び賃貸,住宅賃貸料,住宅賃貸料（帰属家賃）,鉄道輸送,道路輸送（自家輸送を除く。）,自家輸送,水運,航空輸送,貨物利用運送,倉庫,運輸附帯サービス,郵便・信書便,通信,放送,情報サービス,インターネット附随サービス,映像・音声・文字情報制作,公務,教育,研究,医療,保健衛生,社会保険・社会福祉,介護,その他の非営利団体サービス,物品賃貸サービス,広告,自動車整備・機械修理,その他の対事業所サービス,宿泊業,飲食サービス,洗濯・理容・美容・浴場業,娯楽サービス,その他の対個人サービス,事務用品,分類不明
米,0.008258587,0.004266799,0.014818264,0.007234727,0.001626126,0,0,0,0,0,0,0.800209265,6.00E-05,0,0.005258469,0,0,0,0,0,0,0,0,0,0,0,0,0,0,0,0,0,0,0,0,0,0,0,0,0,0,0,0,0,0,0,0,0,0,0,0,0,0,0,0,0,0,0,0,0,0,0.004610133,0,0,5.90E-06,0,0,0,0,0,0,0,0,0,0,0,0,0,0,0,0,0,0,0,0,0,0,0,0,0,0,0,1.07E-05,0,0,0,0,0,0,0,0,0,0,0,0,0,1.63E-05,0,0,0
耕種農業（米を除く）,0,0.035923693,0.089169794,0.002009646,0,0,0,0,0,0.000846833,0.002649739,0.010607253,0.040928717,0.03139386,0.390104518,0,0.009259259,0.001694306,2.10E-05,0,0.000262498,0,0,0,0,0,0,0,0.002167962,0,0,0,0.11114309,0,0,0,0,8.03E-05,0,0,0,0,0,0.000144207,0,0,0,0,0,0,0,0,0,0,0,0,0,0,0,0,0,0.002770513,0,0.00082093,0,0.001979888,0.001250417,0,0,0,0,0,0.000219865,0,0,0,3.87E-06,0,0,0,0,0,0,0,0.000186269,0,0,0,0,0,0,3.89E-05,0.000110904,0,0.000395942,0,0.005153378,0.003900841,0.001631771,7.40E-05,0,0,0,0.017565065,0.021659944,7.22E-05,0.001537685,0.007472782,0,0
畜産,0.006694378,0.0103229,0.118792626,0.020548633,0,0,0,0,0,0.402763664,0.00132487,0,0.009170231,0,0.000782252,0,0,0,0,0,0,0,0,0.00047824,0,0,0,0,0,0,0,0,0,0,0,0,0,0,0,0,0,0,0,0,0,0,0,0,0,0,0,0,0,0,0,0,0,0,0,0,0,2.22E-05,0,0,0,0,0,0,0,0,0,0,0,0,0,0,0,0,0,0,0,0,0,0,1.96E-05,0,0,0,0,0,0,2.99E-06,2.13E-06,0.001708986,5.18E-05,0,0.000733787,0.000673838,0,0,0,0,0,0.002826786,0.005613204,0,0,0.000285291,0,0
農業サービス,0.096040254,0.042778099,0.050768304,0,0,0,0,0,0,0,0,0,0,0,0,0,0,0,0,0,0,0,0,0,0,0,0,0,0,0,0,0,0,0,0,0,0,0,0,0,0,0,0,0,0,0,0,0,0,0,0,0,0,0,0,0,0,0,0,0,0,0,0,0,0,0,0,0,0,0,0,0,0,0,0,0,0,0,0,0,0,0,0,0,0,0,0,0,0,0,0,0,0.000441485,0,0,0,0,0,0,0,0,0,0,0,0,0,0.000227805,0,0,0
林業,0,0.000357861,0,0,0.10610475,0.000104672,0,0,0,0,0.000116472,0,0.001514213,0,0.000130375,0,0,0,0.115144402,0,0.000219765,0,0,0,0.000314465,0,0,0,0.000477687,0,0,0,0,0.001180638,0,0,0,0,0,0,0,0,0,0,0,0,0,0,0,0,0,0,0,0,0,0,0,0,0,0,0,0.00037679,0,1.22E-05,3.54E-05,4.47E-05,2.83E-05,0,0,0,0,0,0,0,0,0,0,0,0,0,0,0,0,0,0,0,0,0,0,0,0,4.99E-06,0,0,4.32E-06,0,0.000210858,0.00018546,0,0,0,0,0,0.001696072,0.002025296,0,0,0.000174856,0,0
漁業,0,0,0,0,0,0.023673284,0,0,0,0,0.284148152,0,0.003318274,0,0.001999087,0,0,0,0,0,0,0,0,0,0,0,0,0,5.51E-05,0,0,0,0,0,0,0,0,0,0,0,0,0,0,0,0,0,0,0,0,0,0,0,0,0,0,0,0,0,0,0,0,0.001307682,0,0,0,0,0,0,0,0,0,0,0,0,0,0,0,0,0,0,0,0,0,0,1.96E-05,0,0,0,0,0,0,7.98E-06,0,0,9.36E-05,0,0.001391665,0.001273492,0,0,0,0,0,0.005848523,0.009550229,0,2.44E-05,0.000588988,0,0
金属鉱物,0,0,0,0,0,0,0,0,0,0,0,0,0,0,0,0,0,0,0,0,0,0,0,0.00023912,0.02327044,0,0,0,0,0,0,0,0,0,0,0,0.000382922,0.002891102,0.000669142,0,0,0,0.286649521,0,0,0,0,0,0,0,0,0,0,0,0,0,0,0,0,0,0,0,0,0,0,0,0,0,0,0,0,0,0,0,0,0,0,0,0,0,0,0,0,0,0,0,0,0,0,0,0,0,0,0,0,0,0,0,0,0,0,0,0,0,0,0,0,0,0,0
石炭・原油・天然ガス,0,0,0,0,0,0,0,0,0,9.96E-06,0,0,9.00E-05,0,0,0,0,0,0,0,0.013509471,4.18E-05,0,0.072931612,0.000786164,0.000454477,0.00204918,0.000792393,0.00014698,0.722432618,0.001741857,0,0.000215858,0,0.000102103,0.000845352,0.009573042,0.006264054,0.000647557,0.005288117,8.09E-05,0,0,0.000245151,2.23E-05,0.000173956,0,0,0,0,9.55E-05,3.51E-05,0,0,0,0,0,3.34E-05,0.00015109,0,0,0,0,0,0,0,0,0.413695828,0.472061297,0,0,0,0,0,0,0,0,0,0,0,0,0,0,0,0,0,0,0,0,0,0,0,0,0.000104206,0,0,0,0,0,0,0,0,0,0,0,0,0,0,0,0
非金属鉱物,0,0,0,0,0.000203266,0,0,0,0.000387342,0,0,0,0,0,0,0,0,0,0,0,0.002771487,0,0,0.005021521,0.002987421,0,0,0,0.000459314,-0.000814415,0.053881438,0,0.000323788,0,0.043393915,0.059623214,0.034080031,0.048666881,-0.001122431,0,0.000242836,0,0.000233809,2.88E-05,0.000100553,2.49E-05,0,0,7.10E-05,0,0,0,0,0,0,0,0,0,0,0,0,0.001484995,0,0.001846484,0.000247821,0.013613451,0.011801798,-8.25E-06,0,0,0,0,0,0,0,0,0,0,0,0,0,0,0,0,0,0,0,0,0,0,0,8.98E-06,0,0,0,0,0,0,0,0,0,0,0,-4.87E-05,-2.73E-05,0,3.25E-05,4.60E-05,0,9.23E-05
食肉・畜産食料品,0,0,0.000369772,0,0,0,0,0,0,0.145455995,0.002154733,0,0.053437213,0.002032977,0.021837857,0,0,0.000154028,0,0,0.001361325,0,0,0,0,0,0,0,0.003656139,0,0,0,0,0,0,0,0,0,0,0,0,0,0,0,0,0,0,0,0,0,0,0,0,0,0,0,0,0,0,0,0,0.003923046,0,0,0,0,0,0,0,0,0,0,0,0,0,0,0,0,0,0,0,0,0,0,0.000137251,0,0,0,0,0,0,8.48E-05,1.49E-05,0,0.00033691,0,0.004335248,0.003635015,0,0,0,0,0,0.023355103,0.05298789,0,2.44E-05,0.00260443,0,0
水産食料品,0,0,0,0,0,0.03447193,0,0,0,0.000368621,0.090120257,0,0.015476952,0,0.005758241,0,0,0,0,0,0,0,0,0,0,0,0,0,1.84E-05,0,0,0,0,0,0,0,0,0,0,0,0,0,0,0,0,0,0,0,0,0,0,0,0,0,0,0,0,0,0,0,0,0,0,0,0,0,0,0,0,0,0,0,0,0,0,0,0,0,0,0,0,0,0,0,2.94E-05,0,0,0,0,0,0,5.19E-05,6.40E-06,0,0.000207329,0,0.003896663,0.003276459,0,0,0,0,0,0.012847256,0.023845076,0,8.14E-06,0.001187178,0,0
精穀・製粉,0,0,0.002780136,0,0.004336337,0,0,0,0,0,0.000429491,0.000355175,0.081497621,0.00803417,0.040003477,0,0,0,0.003772478,0,0,0,0,0,0,0,0,0,3.67E-05,0,0,0,0,0,0,0,0,0,0,0,0,0,0,0,0,0,0,0,0,0,0,0,0,0,0,0,0,0,0,0,0,0,0,0,0,0,0,0,0,0,0,0,0,0,0,0,0,0,0,0,0,0,0,0,6.86E-05,0,0,0,0,0,0,4.19E-05,0,0,0.000167015,0,0.002825502,0.002571711,0.000628452,0,0,0,0,0.011092699,0.013773276,0,0,0.001076743,0,0
その他の食料品,0,0,0.01110685,0,0.005759198,0.001639859,0,0,0,0.018640285,0.032553941,4.80E-05,0.150216887,0.026174582,0.235718476,0,0,0,0,0,0.004029033,4.18E-05,0,0,0.000314465,0,0.00204918,0.000792393,0.010931672,5.78E-06,0,1.75E-05,0,0,0.000204207,0,0.000765843,0.001606168,0,0,0,0,0,0,0,0,0,0,0,0,0,0,0,0,0,0,0,0,0,0,0,0,0,0,0,0,0,0,0,0,0,0,0,0,0,0,0,0,0,0,0,0,0,0,0.000196073,0,0,0,0,0,0,0.000177625,0,0,0.000796202,0,0.008763274,0.007659496,0.000617427,0,0,0,0,0.032537284,0.071997914,0,0,0.003405086,0,0
飲料,0,0,9.59E-05,0,0,0.0141307,0,0,0,0.00268994,0.001252075,0,0.001299324,0.026790339,0,0,0,0,0,0,0,0,0,0,0,0,0,0,1.84E-05,0,0,0,0,0,0,0,0,0,0,0,0,0,0,0,0,0,0,0,0,0,0,0,0,0,0,0,0,0,0,0,0,0,0,0,0,0,0,0,0,0,0,0.000151153,6.60E-05,0,0,0,0,0,0,0,0,0,0,0,0.000499985,0,0,0,0,0,0,2.59E-05,0,0,0.000214528,0,0.002142321,0.001885509,0,0,0,0,5.87E-06,0.025343601,0.070164001,0,0,0.001941819,0,0.001252918
飼料・有機質肥料（別掲を除く。）,0.00549114,0.008230793,0.30854036,0.016177653,0,0.023411605,0,0,0,-3.99E-05,0,0,0,0,0.008952435,0,0,0,0,0,0,0,0,0.00023912,0,0,0,0,0,0,0,0,0,0,0,0,0,0,0,0,0,0,0,0,0,0,0,0,0,0,0,0,0,0,0,0,0,0,0,0,0,0,0,0,0,2.92E-05,0,0,0,0,0,0,7.01E-05,0,0,0,0,0,0,0,0,0,0,0,0,0,0,0,0,0,0,0,0.000247402,0.003508284,1.01E-05,0,6.75E-05,1.85E-05,0,0,0,0,0,0,0,0,0.000488154,0,0,0
たばこ,0,0,0,0,0,0,0,0,0,0,0,0,0,0,0,0,0,0,0,0,0,0,0,0,0,0,0,0,0,0,0,0,0,0,0,0,0,0,0,0,0,0,0,0,0,0,0,0,0,0,0,0,0,0,0,0,0,0,0,0,0,0,0,0,0,0,0,0,0,0,0,0,0,0,0,0,0,0,0,0,0,0,0,0,0,0,0,0,0,0,0,0,0,0,0,0,0,0,0,0,0,0,0,0,0,0,0,0,0,0
繊維工業製品,0.000393787,0,2.74E-05,0.000100482,0.002032658,0.012246607,0,0,0,0,0,0,0,0.000117287,0,0,0.048611111,0.254145916,0.000251499,0.006224927,0.000689819,0.000626854,0.000400337,0.00071736,0,0,0,0,0,0,0,0.000543107,0.011236629,0.043683589,0.003267307,0,0,0.00048185,0,0,4.05E-05,0,0,0.001052707,0.000256969,0.000323062,6.85E-05,0.002697378,4.06E-05,0.00216224,0.000431328,0,0.002463054,0,0.00099534,0.000154486,0,0.000852536,0.000441648,0.001821968,8.38E-05,0.001861785,0,0.000375143,0.001941266,0.000207957,3.78E-05,0,0,0.000123203,5.29E-05,0.000193375,0.000287199,6.01E-06,0,0,0,0.000263227,6.33E-05,9.49E-06,0.003282334,3.69E-05,0.000717875,0.000298552,0.000264698,8.05E-05,0,0,0.000327964,0,9.06E-05,8.18E-05,4.27E-06,0,4.75E-05,0.002090992,5.90E-05,6.18E-05,0.000143331,0.000157284,0,1.06E-05,0.000414465,0.000575105,0,0.000103107,0.001781763,0.000460147,0.013616949,0.000145075
衣服・その他の繊維既製品,0.004276963,0.00291794,0.000657372,0.001256029,0.000271021,0.007972506,0,0,0.003292404,0.001145715,0.000924497,0.000172788,0.001953984,0.000195479,4.35E-05,0,0.00462963,0.010730605,0.001257493,0.001936644,0.001196501,0.00146266,0.000338746,0.003586801,0.000157233,0,0,0.001584786,0.00079002,5.78E-06,0.000290309,0.000245274,0.001187221,0.002361275,0.005003063,0.000879856,0.003446295,0.002409252,4.32E-05,0.000327582,0.001133236,0.000476122,0,0.000677771,0.000938495,0.00082008,0.001507572,0.000894279,0.000943789,0.003874013,0.003906599,0.0021385,0.004926108,0.000846409,0.000723884,0.003564217,0.001102536,0.002173132,0.000321551,0.000260281,0.000251509,0.002172082,0.001344743,0.003185062,0.001587236,0.001232274,0.001288213,9.90E-05,0.000320367,0.000564682,0.00186766,0.00291413,0.003903985,0.001499424,0.000197841,1.48E-05,0,0.001250329,0.001211982,0.000317932,0.005029382,0.001883796,0.000358938,0.000925511,0.001725439,0.001770766,0.000417187,0.000951972,0.000864059,0.000960984,0.001087104,0.003352919,0.00019195,0.001181007,0.00162408,0.002900408,0.005634135,0.002750989,0.02344017,0.002558184,0.000398872,0.00087268,0.002146615,0.008860513,0.000668789,0.005382165,0.004905949,0.005899081,0.002621897,0.000435224
木材・木製品,0,5.51E-05,0.001588649,0.000100482,0.002506945,0.001849203,0,0,0.000542278,0.000288919,0.001441342,0,0.000239875,0.000283444,0.001216836,0,0,0.000256713,0.232552291,0.128164338,0.030065136,0.000626854,7.19E-05,0.00047824,0,0,0,0,0.000110235,0,0,0.000140157,1.20E-05,0,0.008168266,0.000189773,0.01818878,0.002569868,0,0,8.09E-05,0,0,0.003403273,0.002971901,0.00084493,0.000137052,4.36E-05,0.000223262,9.01E-05,0.000147884,0.000151915,0,6.51E-05,0.000135728,8.83E-05,0,6.69E-05,0.000213076,0.000260281,0.0009222,0.038388226,0,0.054619863,0.014462139,0.001502103,0.003933933,0.001600211,0,0,8.81E-06,0.000839364,0.000336669,8.81E-05,0,0,2.58E-06,0,0,0,0.000132352,0,0,0.000507538,0.001980334,0,3.59E-05,0.000111997,1.26E-05,0,4.53E-05,3.29E-05,2.56E-05,9.03E-05,0,0.000505885,2.53E-05,2.47E-05,0.000110255,3.70E-05,0,8.45E-05,0.000365589,0.000233941,0.000904338,0.000247456,0.000463746,0.000754641,0,2.64E-05
家具・装備品,0,0,0,0,0.000135511,0.000418687,0,0,0.00092962,0.000378584,0.000160149,2.88E-05,0.000514732,5.86E-05,2.17E-05,0,0,0.000770139,0.000482039,0.027320515,0.000970631,0.000794016,0.000328481,0,0.000943396,0,0,0.000792393,0.001010491,0,5.81E-05,0.000893498,0.000683552,0,0.000816827,0.000310538,0.003063374,0.001445551,8.63E-05,0.000155992,0.000971345,0,0,0.000346096,0.000458075,0.00027336,0.000411156,0.000625268,0.000223262,0.001387437,0.001318631,0.000969921,0.001642036,0.001041734,0.000769126,0.002703508,0.004079383,0.000300895,0.000244069,0.001561687,0.000419182,0.007336318,0.000122249,0.011244549,0.021171014,6.02E-05,0.000110238,0.00071762,0.000347065,0.001601643,0.00314507,0.001152648,0.001022374,0.002436314,0.000341725,0.001080361,0.000181804,0.000345486,0.000416054,0,0.002091164,0.000775681,0.000358938,0.002418271,0.002862661,0.000241468,0.002509639,0.000690646,0.003576069,0.003075149,0.001336232,0.000971947,0.001900305,0.00289694,0.001595284,0.000809416,0.008822314,0.003443373,0.012580073,0.001461819,0.000455853,0.000225208,0.001986303,0.003236183,0.002830788,0.000958891,0.005686996,0.003405086,0,0.000171452
パルプ・紙・板紙・加工紙,0,0.000110111,0,0.000150723,0,0.000139562,0,0,0,2.99E-05,0.000189267,0,0.00011494,0.000801462,4.35E-05,0,0,0.002515788,0.012323427,0.014248167,0.333194962,0.395670525,0.126824611,0,0.000157233,0,0,0,0.001469805,0,0,0.003941905,0.001091284,0.001180638,0.001327343,0,0.013785181,0.001044009,0,1.56E-05,0,0.000238061,0,0.001730478,0.000312832,0.00054672,0.000479682,0.000159952,0.000284151,0.001135176,0.006513052,0.00516512,0.001642036,0.000195325,0.005700584,0.001909008,0.001433297,0,0.000337047,0,0,0.01420719,0.000122249,0.003386032,0.002253993,1.72E-06,0,0,0,0,0.000167385,1.69E-06,-0.001074592,0.00040038,0,0,7.61E-05,0,0.000271339,0,7.94E-05,0.000110812,0.004666188,0.004508136,0.001568581,0,0.000107556,0,0.006161939,0.000192197,0.112107623,0.00016565,0.00185765,0.00306367,0,0.001956089,0.001130201,0.001013848,0.001797153,0,0,0.000172425,0.004346016,0.001111219,0,0.000536154,0.000585785,5.52E-05,0.135746606,0.001173786
紙加工品,0.002231459,0.042144961,0.003848366,0.04210209,0.003252253,0.000837375,0,0,0,0.009813298,0.012520747,0.000547161,0.010139727,0.018834361,0.001499316,0,0.00462963,0.003902038,0.000565872,0.011481533,0.003156076,0.00137908,0.0012626,0.004065041,0.000943396,0,0.00102459,0.002377179,0.015929008,0,5.81E-05,0.002400182,0.000215858,0.008264463,0.003573616,0.000103513,0.0361861,0.00449727,0,0,0,9.52E-05,0,0.00021631,6.70E-05,0.001963221,0.000479682,0.000399881,0.001877429,0.000828859,0.00589995,0.001484096,0.006568144,0.000585976,0.00513505,0.000838639,0.000992282,5.85E-05,0.000325425,0,0,0.005962144,0.000855746,1.71E-05,0.001970769,0,0,0,0,0.000174538,0.000510964,0.005537776,0.006275783,0.001309244,2.70E-05,0,0,0.000246775,0.000443188,0,0.001297051,0.000480183,0.000358938,0.004717122,0.003215592,0.000321958,0.000211853,0.000298658,0.000971278,0.000384394,0.0005662,0.000158665,0.000607842,0.001854875,0.000751569,0.002428249,0.005811256,0.00538452,0.001686898,9.25E-06,0.000427363,3.52E-06,0.002021494,0.000701823,0.002851819,0.000494912,0.000545105,0.00106754,0.264515583,0.000712185
印刷・製版・製本,0,0.000192694,0,0.000100482,0,0.000401242,0,0,0.000193671,0.010231733,0.005481466,0.005893985,0.011953784,0.000791688,8.69E-05,0,0,0.00451815,0.001068869,0.004357449,0.000207556,0.005892432,0.056221643,0.00071736,0.000471698,0,0,0,0.003417296,1.16E-05,0.000232248,0.000367911,0.000419725,0.001180638,0.00459465,0.000103513,0.001531687,0.000160617,0,3.12E-05,0.0017808,0,0.000233809,0.000620088,0.000368694,0.001167992,0.00102789,0.000603456,0.004465237,0.006108328,0.004153072,0.00169444,0.013136289,0.001692819,0.001538253,0.007128433,0.004740904,0.001546267,0.00036804,0.001301406,0.002347418,0.008222882,0.002444988,0.000619961,0.000879175,0.000601529,0.000337014,0.001633205,0.003844408,0.002299795,0.003523888,0.003621763,0.007555124,0.016497673,0.000233812,2.96E-05,0,0.001628718,0.001697378,0,0.001641167,0.000664869,0.004307251,0.001104642,0.006225307,0.007405023,0.006795582,0.002613257,0.006981848,0.008841053,0.091429995,0.008082929,0.006684127,0.023731286,0.002151042,0.005598462,0.011048978,0.001737141,0.034553854,0.001147251,0.037266019,0.00118586,0.005804463,0.000536115,0.000536293,0.002041511,0.012146902,0.0034511,0,9.23E-05
化学肥料,0.048031065,0.053238638,0,0.000301447,0.000135511,0,0,0,0,0,3.64E-05,0,0,5.86E-05,0,0,0,0,0,0,0,0,0,0.191296031,0.006603774,0,0.007172131,0.020602219,0.001965864,0,0,0,1.20E-05,0,0.000102103,0,0,0.000321234,0,7.80E-05,0,0,0,0,0,0,0,0,0,0,3.08E-06,0,0,0,0.000746505,0,0,0,0,0,0,2.22E-05,0,0,0,0.00035748,0.000160633,0.00016497,0.000106789,0,0,0,0,0,4.50E-06,0,0,0,0,0,0,0,0,0,0,0,0,0,0,0,0,3.99E-06,0,0,0,0,0,0,0,0,0,0,0,0,0,0,0.000211533,0.000653408,0,0.000342904
無機化学工業製品,0.000984467,0.000770777,0.000506724,0.001105305,6.78E-05,0.000680367,0,0,3.87E-05,0.00374599,0.002344,0,0.004747531,0.001651794,0.000717064,0,0.064814815,0.000821482,0.000125749,0.000345829,0.012807443,0.000501484,1.03E-05,0.078909613,0.150628931,0.009241024,0.021516393,0.011093502,0.034760881,2.31E-05,0.000290309,0.005203315,0.061255816,0,0.014600776,0.000483058,0.013785181,0.002730485,0.00645398,0.001216735,0.001254654,9.52E-05,0.001169044,0.002062153,0.002033406,0.00084493,0.001644624,0.000436234,0.00093364,0.006883131,0.002883736,0.001133522,0.000821018,0.001692819,0.030176899,0.00382905,0.002976847,0.000108657,0.000123971,0.002602811,0.000754527,0.004765282,0.000366748,0.000131544,0.000271423,0.000618715,0.000674028,0,0,0.01087269,0.006113945,0,0,0,0,0,0,1.65E-05,4.52E-05,0,0,0,0,0.000597104,8.82E-05,0,0,0,0,0,0.000158536,0.00014669,8.53E-06,0.002827469,0.000175654,0.005328657,0.000261464,0.000234916,0,0,0.000227927,0.000380038,0,7.80E-05,0.000166146,0.001464114,7.32E-05,4.60E-05,0,0.001767274
石油化学基礎製品,0,0,0,0,0,0,0,0,0,0,0,0,0,0,0,0,0,0,0,0,7.94E-05,0,0.000246361,0.019846963,0.007704403,0.442811695,0.411885246,0.01822504,0.005879219,0.000159803,0,1.75E-05,0.000359764,0,0,0,0,0.000160617,0,0,0,0,0,0,0,0,6.85E-05,0,0,1.80E-05,0.00016945,0,0,0,0,0,0,0,0,0,0,0.000155149,0,0,0,0,0,0,0.000320367,0,0,0,0,0,0,0,0,0,0,0,0,0,0,0,0,0,0,0,0,0,2.26E-05,0,0,0.001319949,7.92E-05,6.75E-05,0,0,0,0,0,0,0,0,0,0,0,0,0,0
有機化学工業製品（石油化学基礎製品を除く。）,0,0,0,0.000301447,6.78E-05,0,0,0,3.87E-05,0.004084723,0.006500597,0,0.002433734,0.001084906,0.001455857,0,0.078703704,0,0.00104791,0.001590815,0.023685833,0.000501484,0.000533782,0.005738881,0.027672956,0.002575367,0.303278689,0.595087163,0.098017601,0.000154027,0.0012193,0.035827537,0.175073152,0,0.017357566,8.63E-05,0.000574383,0.037584324,0,0,4.05E-05,0,0.000935235,0.005523109,3.35E-05,0.000149105,0.000822312,0,0.000142076,0.004630798,0.004947948,0.000677776,0.004926108,0.000520867,0.010270099,0.000364146,0,3.34E-05,0.000209202,0,0,0.000288133,0,4.75E-05,0.000188816,0,0,0,0,9.24E-05,0,0,0,0,0,0,0,0,0,0,0,0,0,2.99E-05,0.00010784,0,0,0,0,0,0.000317072,2.99E-06,0.000362572,0.002994199,0.000259162,0.000472159,8.43E-06,7.42E-05,0,0,0,0.000323736,0,0,0,0.00061864,0,8.28E-05,0,0.001121032
合成樹脂・化学繊維,0,0,0,0,0,0,0,0,0,0,0,0,2.00E-05,0,0,0,0.037037037,0.050264414,0.000125749,0.003319961,0.003009566,0.00142087,0.000554312,0,0,0,0,0.004754358,0.009443495,0,0.000754805,0.177000298,0.000143906,0.015348288,0.002246273,0,0,0.011805332,0,0,0,0,0,0.010310765,5.59E-05,0.000149105,0,0,0.002019505,0.002576669,0.005915355,0.003342137,0.006568144,0,0.008369905,0.002526952,0.001653804,0,0.002432939,0,0,0.009796534,0,0,0,0,0,0,0,0,0,0,0,0,0,0,0,0,0,0,0,0,0,0,0,0,0,0,0,0,4.53E-05,9.98E-07,0,0,9.50E-05,0.000101177,0,1.24E-05,0,0,0,0,0,0,0,0,0,0,0,0.003138889
化学最終製品,0.041358565,0.032785531,0.012873538,0.034113746,0.000542042,0.007239803,0,0,0.009218732,0.00112579,0.000407652,1.92E-05,0.002493703,0.000234574,0.002368484,0,0.0625,0.005853057,0.054952425,0.026767188,0.005720007,0.023360776,0.033987559,0.004543281,0.013050314,0.004090289,0.00307377,0.015055468,0.098734131,0.00066809,0.034604889,0.007726134,0.006619658,0.002361275,0.00245048,0.006003726,0.000574383,0.015740443,0.000129511,0.00037438,0.005099563,0.000142837,0,0.002912971,0.004737166,0.005442346,0.003289248,0.003686174,0.012198216,0.001982053,0.006010863,0.004650945,0.003284072,0.002994987,0.009840293,0.005991856,0.004520397,0.005549844,0.006655716,0.028110359,0.008215962,0.032669888,0.000122249,0.005068086,0.006862288,0.001209932,0.001807908,0.000346437,0.002910003,0.000646817,0.009197347,8.44E-06,1.51E-05,2.60E-05,8.99E-06,1.97E-05,3.22E-05,6.58E-05,0.000400979,9.02E-05,0.000317645,0.000184686,0,0.000208986,0.000470574,0.000804894,0,0.000541317,0.000750533,0,0.011188114,0.00081428,9.81E-05,0.006537219,0.190554419,0.036929615,0.01140322,0.0068682,0.002183045,0.002807988,0.004686743,0.006809017,0.002920804,0.003109465,0.002265051,0.023611412,0.003547253,0.007509594,0.011417939,0.006093138
石油製品,0.020301903,0.041071379,0.008600619,0.012560289,0.03292906,0.101967831,0,0,0.115195414,0.005021221,0.007607082,0.001977461,0.008915364,0.003293814,0.010430021,0,0.053240741,0.004672177,0.0084252,0.006155762,0.00854033,0.004638723,0.004352378,0.067910091,0.024213836,0.389183457,0.008196721,0.002377179,0.00624667,0.050470647,0.331823724,0.00206731,0.006008059,0.00472255,0.041045538,0.027344559,0.053034654,0.032364279,0.00297876,0.005631298,0.006556581,0.003047184,0.010989011,0.004225251,0.008692252,0.006709742,0.0034263,0.002093921,0.003531597,0.004648816,0.002051889,0.002208615,0.000821018,0.001367277,0.004230195,0.001169681,0.00154355,0.001370745,0.003397592,0.004164498,0.0027666,0.012966,0.01405868,0.009611215,0.011240463,0.020362601,0.0113073,0.074954221,0.038337293,0.018655031,0.023883148,0.015585655,0.01526278,0.003032881,0.004928035,0.002525776,0.000239827,0.007666491,0.09866501,0.345221769,0.140293292,0.209581502,0.037688442,0.00292581,0.004392028,0.009578236,0.003119123,0.003882553,0.005524932,0.001537574,0.005480817,0.018966942,0.006221314,0.016610511,0.004571325,0.006104347,0.005634135,0.007560584,0.008445518,0.006841869,0.005470241,0.006386752,0.005489704,0.011628814,0.006197869,0.017827131,0.019981776,0.01320621,0,0.040304393
石炭製品,0,0,0,0,0,0,0,0,0.000271139,0,0,0,0,0,0,0,0,0,0,0,0,0,0,0.005738881,0.000314465,0.000605969,0.00307377,0,5.51E-05,0,0.000116124,5.26E-05,0,0,0,0,0,0.013250883,0.000820238,0.012775715,0.015784361,0,0.008884732,2.88E-05,1.12E-05,2.49E-05,0,2.18E-05,0,5.41E-05,0,0,0,0,0,1.10E-05,0,0,5.81E-05,0,0.000670691,0,0.000244499,0.000890356,4.13E-05,0.016952794,0.011751403,0.028927529,0,0,0.000273101,-1.69E-06,-5.50E-06,0,0,0,0,1.65E-05,0,0,0,0,0,0,0,0,0,0,0,0,0,0,0,0,0,0,2.53E-05,3.09E-05,0.000242561,1.39E-05,0,0,1.96E-06,0,0.00072347,0,0,7.36E-05,0,0
プラスチック製品,0.000689127,0.012662758,0.001766688,0.00477291,0.012534725,0.017672098,0,0,0,0.005828203,0.021474536,0.001401501,0.017011154,0.018648657,2.17E-05,0,0.002314815,0.01160343,0.003919185,0.032507954,0.003736013,0.010949058,0.054846127,0.009325681,0.007232704,0,0.00102459,0.006339144,0.027779309,0.000121296,0,0.237845793,0.012112054,0.113341204,0.034306718,0.000345042,0.001723148,0.00248956,0,3.12E-05,0.000364254,0,0.000467617,0.016699113,0.004133847,0.001714712,0.007674913,0.021986171,0.026933498,0.024955854,0.027081234,0.018171407,0.036124795,0.005078456,0.085463512,0.034913874,0.029106946,0.027164147,0.022923091,0.002602811,0.000754527,0.081009797,0.00195599,0.01035663,0.014851573,0.009694922,0.011017531,0,0,0.029825462,0.001938138,0.001145048,0.008809731,0.002876733,0.000607012,0.00112476,0.000470628,0,0.000379875,2.37E-05,0.000397056,0.000738743,0.001794688,0.003821466,0.000941149,0,2.28E-05,0.000877308,0.008621668,0,0.002083616,0.000761392,0.000179153,0.009059016,0.001154709,3.37E-05,0.000126515,0.000272008,0.0022933,0.000356203,0.003889,0.006763271,0.001133913,0.00186178,0.000820213,0.002856053,0.005190706,0.001012323,0.039920497,0.00739881
ゴム製品,0.001006344,0.001954469,0.000739544,0.00432074,0.00115184,0.001692195,0,0,0.005538986,0.000408472,0.000349416,1.92E-05,0.0003848,0.000205253,2.17E-05,0,0,0.002413103,0.000314373,0.001590815,1.83E-05,0.000376113,0.000615903,0.0011956,0,0,0.00102459,0.000792393,0.000918628,0,0.000754805,0.000683264,0.022928959,0.00472255,0.000510517,0.001035125,0,0.002088018,0.000604386,0.00074876,0.000161891,9.52E-05,0,0.00021631,0.003474666,0.00054672,0.00376893,0.003489868,0.007093638,0.006306534,0.001293984,0.008016454,0.008210181,0.000846409,0.000407185,0.01391479,0.002315325,0.015295504,0.013950659,0.017438834,0.004778672,0.004543641,0.00403423,0.000304499,0.00035403,0.003165759,0.00302053,8.25E-06,2.67E-05,0.000790554,0.011664068,0.000303151,0.000353159,1.80E-05,0,4.93E-06,1.29E-06,0.000115162,0.001664215,0.006306439,0.003599979,0,0.000717875,0.000597104,4.90E-05,0.000482936,0.000211853,3.73E-05,4.41E-05,0.000384394,6.79E-05,0.001233395,0.00011517,0.000576609,0.000999212,0.000944319,0.001248282,0.001446588,0.005005568,0.000508861,7.12E-05,0.044541878,9.58E-05,0.001393898,0.00015563,0.000556776,0.001415647,0.000901888,0.010022413,0.000751751
なめし革・毛皮・同製品,4.38E-05,5.51E-05,0,0,0,0.000401242,0,0,0.002246582,1.99E-05,1.46E-05,0,4.50E-05,0,0,0,0,0.000872824,0.000146707,0.000899156,4.88E-05,0.000167161,9.24E-05,0,0,0.000151492,0,0,0.000110235,0,0.000696743,5.26E-05,0.00016789,0.14403778,0,5.18E-05,0.000574383,8.03E-05,4.32E-05,4.68E-05,0.000242836,0,0,1.44E-05,0.000134071,0,0,0.000559833,0.002354398,0.000306317,0.000348143,4.67E-05,0,0.000195325,2.26E-05,0.000651049,0,0.000100298,6.97E-05,0,0,0.000953056,0,1.22E-06,1.18E-05,8.59E-06,5.04E-05,4.12E-05,0.003230371,7.19E-05,0.000140956,5.24E-05,9.48E-05,0.000110105,0,0,0,9.87E-05,2.41E-05,0,2.65E-05,0,0,0,2.94E-05,0.000563426,0.002747566,0.000298658,6.31E-06,0.001537574,2.26E-05,0.000262446,5.76E-05,0.000750287,2.74E-05,0.000269805,9.28E-05,4.33E-05,0.001466389,0.000582877,1.42E-05,1.06E-05,5.67E-05,0.00051662,1.68E-05,0.000433048,0.00017899,0.001352831,0,0.001437559
ガラス・ガラス製品,0,0,0,0,0.000474287,0,0,0,0,0.000408472,0.000895379,0,0.000569704,0.011924193,0,0,0,0.000924167,2.10E-05,0.019919768,0,0,0,0,0.001257862,0,0,0,0.005364787,0,0,0.005290913,0.000143906,0,0.036552992,1.73E-05,0,0.000562159,0,0,0,0,0,0.003186964,0.000893805,0.000372763,0.000205578,0.000312634,0.027329281,0.001369419,0.006947461,0.000151915,0.002463054,0.000781301,0.011876216,0.000739327,0,0.012579089,1.94E-05,0.000520562,0.007880617,0.010239816,0,0.003790407,0.001776052,4.47E-05,6.61E-05,0,0,2.05E-05,8.81E-05,1.44E-05,0.000130545,6.01E-06,0,0,0,0,1.51E-05,0,0.000132352,3.69E-05,0,0,0,0,0,0,0,0,0,7.78E-05,0.000330581,0.002730209,0.000236125,0.003035311,0.000185555,0.000222552,0.000264612,0,1.42E-05,0.004454892,5.87E-06,0.00075056,0.000368044,0.000103107,0.000480018,7.36E-05,0,0.001648576
セメント・セメント製品,0,0,0,0,6.78E-05,0,0,0,0,0,0,0,0,0,0,0,0,0,0,0,0,0,0,0,0,0,0,0,0,0,0.000290309,0,0,0,0,0.142191705,0,0.001606168,0,0,4.05E-05,0,0,0,0,7.46E-05,0,0,0,0,0,0,0,0,0,0,0,0,0,0,0,0.000709251,0,0.023925118,0.031449695,0.057476914,0.036419586,0,0,0,0.000185004,0,0,0,0,3.95E-05,0.000117335,0,0,0,0,0,0,0,0,0,0,0,0,0,0,4.99E-06,0,3.47E-05,0,0,0,0,0,0,0,0,0,0,0,0,0,0,0,0.001450747
陶磁器,0,0.000165166,0,0,0,0,0,0,0,0,0,0,5.00E-05,5.86E-05,0,0,0,0,0,0.002213308,0,0,0,0,0,0,0,0,3.67E-05,0,0,5.26E-05,0,0,0,6.90E-05,0.006318208,0,0,0,0,0,0,0,0,2.49E-05,0,2.91E-05,0.000284151,0.007423691,0.057209493,0.004732746,0,0.000455759,0.000972719,0.001886938,0,0,0.000135594,0,0,0.000465446,0.000122249,0.004769677,0.000861474,0.000299046,0.000954349,0,0,0,0.00029953,3.21E-05,8.79E-05,4.00E-06,0,0,0,0,1.81E-05,0,0.000158823,0,0,0,9.80E-06,0,0,0,0,0,0,5.39E-05,8.74E-05,0,0.000142539,0.000269805,0.000944645,0.000735658,0.000165382,0,0,0,1.37E-05,0.001198947,0.00129131,0,1.63E-05,0.000174856,0,0.001872783
その他の窯業・土石製品,0.002023627,0.004844881,0.001657126,0.003366158,0,6.98E-05,0,0,0,0,0,0,8.00E-05,2.93E-05,0.002955173,0,0,0,0.000167666,0.000899156,0.002582244,0,1.03E-05,0.004304161,0.01572327,0,0,0,0.001194216,1.16E-05,0.011612379,0.000122637,0.000239843,0,0.00980192,0.014802291,0.022783841,0.045133312,0.031665515,0.000343182,0.014691598,0,0.002104279,0.001009446,0.001955198,0.003156064,0.016377715,0.004609535,0.002192025,0.011063462,0.002988487,0.003517424,0.002463054,0.001041734,0.012758449,0.002107633,0.00154355,0.001805371,0.00145279,0.001561687,0.000754527,0.001307682,0,0.008108207,0.015158399,0.006401983,0.011562423,4.95E-05,5.34E-05,0.003973306,0,6.76E-05,5.36E-05,2.00E-06,0,0,0,0,0,0,0,0,0,0,0,0,0,0,0,0,4.53E-05,4.99E-05,0.001017335,6.95E-06,4.03E-05,0,0,6.18E-06,0,0,0,0.000172425,0,3.90E-05,9.04E-05,3.09E-05,0.000724095,0.000561379,0.005624392,0.002096989
銑鉄・粗鋼,0,0,0,0,0,0,0,0,0,0,0,0,0,0,0,0,0,0,0,0,0,0,0,0,0.000157233,0,0,0,0,0,0,0,0,0,0,0,0,0,0.412212917,0.584079493,0.121580055,-0.008094082,0,0,-0.001228982,-0.002435388,-0.001918728,-0.001388677,-0.00070023,0,-9.24E-06,-0.000257087,-0.000821018,0,-0.002216894,-0.000154486,0,-0.000284179,-0.000306054,-0.000260281,-0.000419182,-2.22E-05,0,0,-0.000761165,-0.000156397,-0.000113388,0,0,0,0,0,0,0,0,0,0,0,0,0,0,0,0,0,0,0,0,0,0,0,0,0,0,0,0,0,0,0,0,0,0,0,0,0,0,0,0,0,0,9.23E-05
鋼材,0,0.000110111,0,0,0,8.72E-05,0,0,0.000348608,0,0,0,0,0,0,0,0,0.00020537,0.000314373,0.019919768,0,0,0,0,0,0,0,0,0,0,0,0.001384047,0.001439056,0,0,0.008557035,0,0.002650177,0,0.104124419,0.105876639,0.579107747,0,0.001427644,0.139020166,0.123707753,0.055300487,0.038817516,0.020682166,3.60E-05,0.006331278,0.037639937,0.032840722,0.003841396,0.01343709,0.008993302,0.003748622,0.035254883,0.019440269,0.059344092,0.007712944,0.002903497,0,0.01795206,0.01271559,0.020292137,0.029606859,0,0,0,0,0,0,0,0,0,0,0,0,0,0,0,0,0,0.000411753,0,0,0,0,0,0,2.00E-06,0,0,0,0,0,0,0,0,0,0.00028151,0,0,0,0,0,7.36E-05,0,0.005169935
鋳鍛造品,0,0,0,0,0,0.000122117,0,0,3.87E-05,0,0,0,0,0,0,0,0,0,0,0.000553327,0,0,0,0,0,0,0,0,0,0,0,0,0,0,0,8.63E-05,0.00229753,0.000321234,0,0,0.008054072,0,0,0,0.007139266,0.009965209,0.024737888,0.010338735,0.017424573,0,0.000459056,0.008261855,0.000821018,0.00162771,0.0026467,0.001070368,0.001984564,0.000459701,0.022946336,0.025507548,0.0027666,0.000886564,0,0.000264305,0.000300926,0.001233993,0.008163934,0,0,0.000390144,0,0,0,0,0,0,0,0,0,0,0,0,0,0,0,0,0,0,0,0,0,2.00E-06,0,0,0,0,0,1.24E-05,0,0,0,0,0,2.92E-05,2.94E-05,0,0,2.76E-05,4.23E-05,0.002479459
その他の鉄鋼製品,0,0,0,0,0,0,0,0,0,0,0,0,0,0,0,0,0,0,2.10E-05,0.032300456,0,0,0,0,0.000314465,0,0,0,0,0,0,7.01E-05,0,0,0.000102103,0.0016562,0.000957304,0.00248956,0,0,0.000849927,0,0,0.000331675,0.096128708,0.06610338,0.016651819,0.008462931,0.006718152,0.000198205,0.004331765,0.008448828,0.024630542,6.51E-05,0.01029272,0.002593161,0.000661521,0.004864472,0.006496877,0.018740239,0.007712944,0.002571036,0,0.000243599,0.000660857,0.000262954,8.19E-05,0,0,0,0,0,0,0,0,0,0,0,0,0,0,0,0,0,0,0,0,0,0,0,0,2.99E-05,0,0,0,0,0,0,0,0,0,0.000429302,0,0,0,0,0,0,0,0.002228875
非鉄金属製錬・精製,0,0,0,0,0,0,0,0,0,0,0,0,0,0,0,0,0,0,0,0.000484161,0,0,-0.000492722,0,0.035849057,0,0.004098361,0,0.001837256,0,0,0.000525587,0,0,0.00061262,0,0.026995979,0.010761323,0.013102228,0.001840701,0.002185527,-0.000238061,0.142389525,0.425221717,-0.002592034,0.020775348,0.001644624,0.001766746,0.003582338,0.018631302,0.019191014,0.01180265,0.000821018,0.000846409,0.131271773,0.002339362,0,0,0.007399544,0.001041124,0.000670691,0.015027262,0,9.26E-05,0,-5.16E-06,-9.45E-06,0,0,2.05E-05,0,0,0,0,0,0,0,0,0,0,0,0,0,0,0,0,0,0,0,0,0.000249128,9.98E-07,0,4.86E-05,0,0,0,0,0,0,0,0,0,0,0,0,0,9.20E-06,0,0.002677288
非鉄金属加工製品,0,0,0,0,0,0,0,0,3.87E-05,0.000438361,0.000575081,0,0.002408747,0.00305924,0,0,0,0,0.00058683,0.010167381,6.10E-06,8.36E-05,0.002792092,0,0.000628931,0,0,0,0.001671903,5.78E-06,0,0.001699399,0.001546985,0.002361275,0.00091893,3.45E-05,0.000957304,0.003132027,0,0,0.000161891,0,0.004676175,0.090215589,0.113524384,0.036555666,0.0476941,0.02300405,0.018226286,0.015514073,0.048379593,0.060964779,0.042692939,0.01959763,0.047844184,0.055416395,0.025468578,0.007246559,0.03490183,0.012233212,0.00528169,0.015670021,0,0.00765024,0.009434909,0.004796761,0.028135965,0.000197964,0,0.000195072,8.81E-06,1.52E-05,9.62E-06,0,0,0,0,0,0,0,0.000211763,0,0,0,9.80E-06,0,0,0,0,0,0.000543552,0.000225524,0,0.000104206,0.001213741,0,0.000126515,0.000315282,0.000209484,0,0,0.002561739,3.13E-05,0.000721318,0.00037856,0.000732057,0,0.000368117,0.000930351,0.005143558
建設・建築用金属製品,0,0,0,0,6.78E-05,0.000279125,0,0,0,0,0,0,0,0,0,0,0,0,4.19E-05,0.001452483,0,0,0,0,0,0,0,0,0,0,0,0,0,0,0,0.000138017,0,0,0,0,4.05E-05,0,0,0,0.007966035,0.001143141,0.00102789,5.09E-05,0.000142076,0,5.24E-05,0,0,0,0,0.000110347,0,0,0,0.009890682,0.003185781,0.012567046,0,0.063511242,0.090696673,0.022766997,0.06163896,0,0,0,0,0,0,0,0,0.000108529,7.74E-06,3.29E-05,0,0,0.001297051,0,0,0,0,0,0,0,0,0,0,0,0,0,0,0,0,0,0,0.000120276,0,0.000207613,0,0,0,0,0,0,0,0.001121032
その他の金属製品,0.002045504,0.001073582,0.000739544,5.02E-05,0.000542042,0.001360734,0,0,0.019018476,0.003506884,0.008720846,9.60E-06,0.002118898,0.045057813,0.001673149,0,0,0.00451815,0.005889257,0.056093512,0.00158109,0.000710435,0.000677493,0,0.016037736,0.000151492,0.00204918,0.002377179,0.010784692,0.000354261,5.81E-05,0.001786997,0.013922867,0.021251476,0.012150296,0.005882962,0.016848554,0.012367491,4.32E-05,4.68E-05,0.011979926,4.76E-05,0,0.002523614,0.052868555,0.039289264,0.023435894,0.032172225,0.028283218,0.011423835,0.027318465,0.034625003,0.02545156,0.017188619,0.021286703,0.03467111,0.02370452,0.004179099,0.01093273,0.03071317,0.003772636,0.021742985,0,0.020278434,0.067607994,0.007462392,0.006204842,0.000321692,0.001254772,0.001026694,0.000140956,0.003630207,0.001793277,9.41E-05,2.70E-05,0.000325588,0.000376502,0.000296131,0.001290369,0,0.003361745,7.39E-05,0.000358938,0.002567547,0.001225454,0,0.000541039,7.47E-05,0.000182903,0.000192197,0.000294424,0.004948549,0.000119436,0.000159783,0.000226047,3.37E-05,0.000522929,0.000482196,0.002282274,0.000809552,0,0.00473992,0.000199412,0.000926016,0.002837097,0.003722148,0.000146446,0.004757917,0.000338309,0.003086135
はん用機械,0,0,0,0,0,0,0,0,0.001510633,0,0,0,0,0,0,0,0,0,8.38E-05,0.007400747,0,0,0,0,0,0,0,0,3.67E-05,0,0,0.00042047,0,0,0.00581989,1.73E-05,0.004403599,0.001686476,0,0,0.002306945,0,0,2.88E-05,0.000446902,0.000994036,0.14273967,0.034215252,0.016886715,0.001819885,0.002470893,0.013835978,0.020525452,0.002343903,2.26E-05,0.003597321,0.000551268,0.000451343,0.009944833,0.0330557,0.002515091,0.000421118,0,0.00921902,0.000678558,0.008263284,0.006636346,0,0,0.004928131,0,4.22E-06,4.12E-06,0,0,0,0,0.000115162,6.03E-06,0,0,7.39E-05,0,0.000119421,0.000382342,8.05E-05,0,0,0,0,0,0.000325313,0,0,0,0,0,0,0,4.63E-06,0,0.037134653,5.87E-05,0,0,0,0,7.36E-05,0,0
生産用機械,0,0,0,0,0.000135511,0,0,0,0.001626835,0,0,0,0,0,0,0,0,0,2.10E-05,0.000553327,0,0,0,0,0,0,0,0,0,1.16E-05,0.000116124,0.003714151,0,0,0.000408413,1.73E-05,0.00229753,0.001445551,0,0,0.002064109,0.000380898,0,8.65E-05,5.59E-05,0.001466203,0.003220722,0.089747784,0.002009357,0.003928069,0.002735852,0.002080071,0.000821018,0.002278794,0.000452427,0.001555896,0.000661521,0.000384477,0.000844555,0.007287871,0.000251509,0.000132985,0,2.44E-05,0.00011211,7.73E-05,1.26E-05,0,2.67E-05,0.000154004,0,4.22E-06,2.75E-06,0,0,0,0,1.65E-05,1.51E-05,0,0.000291175,3.69E-05,0.000358938,8.96E-05,0.000117644,0,3.26E-06,0,0,0,0,2.00E-05,0,0,0,0,0,0,0,8.79E-05,0,0.045576426,0,0,0,0,0,6.44E-05,0,0
業務用機械,1.09E-05,0,0,0.002863746,6.78E-05,1.74E-05,0,0,0,0,0,0,0,0,0,0,0,0,0,0,0,0,0,0,0,0,0,0,0,0,0,0,0,0,0,0,0,0,0,0,0,0,0,0,1.12E-05,0,0.004317138,0.003664362,0.075969921,0,0,0.001717811,0,0.000781301,0,0.000662084,0,0.000217313,0.000329299,0.000520562,0,0.000465446,0,0.000371489,0,4.12E-05,0,0,0,8.21E-05,3.52E-05,0.001661839,0.000287199,1.40E-05,0,0,0,0,6.03E-06,0,2.65E-05,0,0,8.96E-05,0.00010784,8.05E-05,1.30E-05,1.87E-05,0,0,0.000407664,0.011115524,0,0,0.011627723,0.005160028,0.002395351,0.002961177,0,0.003668426,0,0.031282769,9.38E-05,2.92E-05,0,0,0.005011716,0.0003129,0.026261259,0
電子デバイス,0,0,0,0,0,0,0,0,0,0,0,0,0,0,0,0,0,0,0,0,0,0,0,0,0,0,0,0,0,0,0,0,0,0,0,0,0,0,0,0,0,0,0,0,0,7.46E-05,0.00171315,0.001141478,0.08358112,0.049569354,0.047975994,0.027146096,0.133004926,0.199361938,0.003800389,0.130518742,0.244542448,0,0.006353536,0,0.000167673,0.001041713,0,0,0,0,0,0,0,0,0,0,0,0,0,0,0,0,0,0,0,0,0,0,0,0,0,0,0,0,0,0,0,2.78E-05,0,0,0,0,0,0,0,0.012375872,0,0,0,0,0,0,0,0
その他の電子部品,0,0,0,0,0,0,0,0,0,0,0,0,0,0,0,0,0,0,0,0,0,0,0.000215566,0,0,0,0,0,0,0,0,0,0,0,0,0,0,0,0,0,0,0,0,0.000403778,0,0.000124254,0.004317138,0.009110011,0.041252702,0.218079931,0.210013587,0.014864328,0.02134647,0.137964711,0.005949419,0.118998488,0.103969129,0,0.004714788,0.000260281,8.38E-05,0.000775744,0,0.000332513,0.000129811,4.64E-05,9.45E-06,0,0,0,0,4.22E-06,1.10E-05,1.00E-05,0,0,0,0,0,0,0,0,0,0,9.80E-06,0,7.50E-05,0.000746645,0.000245973,0,0.000430312,0.001978821,8.53E-06,0.000611345,0,0,8.43E-06,0,0,0,0,0.048521722,3.91E-06,0,0,0,0,4.60E-05,0.025626929,0
産業用電気機器,0,0,2.74E-05,0,0,0.000593141,0,0,0,0,0,0,0,0,0,0,0,0,2.10E-05,0.000138332,0,0,0,0,0,0,0,0,0,0,0,0,0,0,0,0,0,0,0,0,0,0,0,2.88E-05,0.003508184,0,0.014664565,0.012454468,0.016196633,0,0.001059834,0.195760395,0.022167488,0.016472427,9.05E-05,0.015393443,0.012017641,0.023076987,0.037338643,0.020562207,0.002012072,6.65E-05,0,0.002244769,0.002366103,0.003054046,0.003272503,0,0,0,0,8.44E-07,0,0,0,0,0,4.94E-05,0,9.49E-06,0,0,0,0,0,0,0,0,0,0,0,9.98E-07,0,0,0,0,0,0,0,0,0,0.019262304,0,0,0,0,0,1.84E-05,0,0.000303338
民生用電気機器,0,0,0,0,0,0,0,0,0,0,0,0,0,0,0,0,0,0,0,0,0,0,0,0,0,0,0,0,0,0,0,0,0,0,0,0,0,0,0,0,0,0,0,0,0,0,0,0,0,0,0,0,0.091133005,0,0,0,0,0,0,0,0.000419182,0,0,0.003355582,0,0,0,0,0,0,0,0,0,0,0,0,0,0,3.32E-05,0,0,0,0,0,0,0,0,0,0,0,0.000294424,0.000607717,0,0,0,0,0,0,0,8.79E-05,0,0.007210168,2.54E-05,0,0,0,0.00013831,9.20E-06,0,0
電子応用装置・電気計測器,0,0,0,0,0,0,0,0,0,0,0,0,0,0,0,0,0,0,0,0,0,0,0,0,0,0,0,0,0,0,0,0,0,0,0,0,0,0,0,0,0,0,0,0,0,0,0.00068526,0.001628605,0.002252915,0,0,0.002933134,0,0.03756755,0,0.00058484,0,1.67E-05,0,0.001301406,8.38E-05,0,0,0.000148596,4.72E-05,0.000171865,0.000148034,0,0,0,0,0,0,0,0,0,0,0,0,0,0,0,0,0,0,0,0,0,0,0,0,0.000669586,0,0,8.93E-05,0,0,0,0,0,0,0.002586371,7.82E-06,0,0,0,0,0,0,0
その他の電気機械,0,0,8.22E-05,0,0,0.000732703,0,0,0.000116203,0,0,0,0,0,0,0,0,0,0,0.000622493,0,0,1.03E-05,0,0,0,0,0,0,0,0,1.75E-05,0,0,0,0,0,0.000240925,0,0,0,0,0,2.88E-05,0,0.000223658,0.000822312,0.002202979,0.002323953,0.050830661,0.010487431,0.004615888,0.010673235,0.002669445,0.064312537,0.011465081,0.00275634,0.016749831,0.002030032,0.001041124,0.000335345,0.002083426,0,0.004730701,0.003056462,0.001008849,0.001448846,0,0,9.24E-05,0,0.000257551,0.00017177,4.00E-06,5.85E-05,1.97E-05,0,0.000131614,1.51E-05,0.000199301,0.000397056,3.69E-05,0,0,0.000470574,0,0,0.000727979,2.52E-05,0,0.000294424,0.000251469,0.00059078,0.000375143,3.46E-05,0.000202354,0,6.18E-06,0,3.24E-05,0,0.005999676,6.84E-05,0.00011697,4.63E-05,1.03E-05,0.000463746,0.000119638,0,0.001226541
通信機械・同関連機器,0,0,0,0,6.78E-05,3.49E-05,0,0,3.87E-05,1.99E-05,7.28E-06,0,5.00E-06,2.93E-05,0,0,0,0,0,0,1.22E-05,0,1.03E-05,0,0,0,0,0,5.51E-05,0,0,0,7.20E-05,0,0,0,0,0,0,0,0,0,0,0,8.94E-05,0,0.000411156,4.36E-05,0.000101483,9.01E-05,2.77E-05,4.67E-05,0,6.51E-05,9.05E-05,0.011707845,0.000330761,0.019115201,1.94E-05,0.001561687,0.001006036,6.65E-05,0.000122249,0.001537112,0.000436637,0.003882437,0.002204766,1.65E-05,0,1.03E-05,8.81E-06,0.000313284,0.000229484,0.000130124,0.00021133,8.39E-05,0,6.58E-05,0.000198982,0,7.94E-05,3.69E-05,0.000358938,2.99E-05,2.94E-05,0,3.26E-06,9.33E-05,0.000529788,0,0.00011324,0.002385961,2.56E-05,0.000187572,2.45E-05,0,7.59E-05,0,7.72E-05,9.25E-05,0.000284908,0.001537747,0.000418375,9.75E-06,0.000201899,1.03E-05,0.000113903,1.84E-05,0,0
電子計算機・同附属装置,0,0,0,0,0,0,0,0,0,0,0,0,0,0,0,0,0,0,0,0,0,0,0,0,0,0,0,0,0,0,0,0,0,0,0,0,0,0,0,0,0,0,0,0,0,0,0,4.36E-05,0,0,0,0,0,0,0,7.72E-05,0.048842337,0,0,0,0,0,0,0,0,0,0,0,0,0,0,0,0,0,0,0,0,0,0,0,0,0,0,0,0,0,6.52E-05,0.000111997,0,0,0,0,0,0,0,0,0,0,0,0,0,0.001270313,0,0,0,0,0,0,0,0
自動車（二輪自動車を含む）,0,0,0,0,0,0,0,0,0,0,0,0,0,0,0,0,0,0,0,0,0,0,0,0,0,0,0,0,0,0,0,0,0,0,0,0,0,0,0,0,0,0,0,0,0,0,0,0,0,0,0,0,0,0,0,0,0,0.001395819,0,0,0,0,0,0,0,0,0,0,0,0,0,0,0,0,0,0,0,0,0,0,0,0,0,0,0,0,0,0,0,0,0,0.000454041,0,0,0,0,0,0,0,0,0,0.006045422,0,0,0,0,0,0,0,0
自動車部品・同附属品,1.09E-05,0,0,0,0,0,0,0,7.75E-05,0,0,0,0,0,0,0,0,0,0,0,0,0,0,0,0,0,0,0,0,0,0,0,0,0,0,1.73E-05,0,0,0,0,0,0,0,0,0,0,0,2.18E-05,0,0,0,0,0,0,0,0,0,0.52868116,0.383331267,0,0.00343729,0,0,2.44E-06,5.90E-06,1.72E-06,3.15E-06,0,0,0,0,6.76E-06,5.50E-06,0,0,0,0,0,0,0.00018032,0,0,0,0,0,0,0,0,0,0,0,2.00E-06,0,0,0,0,0,0,0,0,0,0.141349558,0,0,0,0,0,0,0,0
船舶・同修理,0,0,0,0,0,0.045305467,0,0,3.87E-05,0,0,0,0,0,0,0,0,0,0,0,0,0,0,0,0,0,0,0,0,0,0,0,0,0,0,0,0,0,0,0,0,0,0,0,0,0,0,0,0,0,0,0,0,0,0,0,0,0,0,0.149661635,0,0,0,0,0,0,0,0,0,0,0,0,0,0,0,0,0,0,0,0,0.02384986,0,0,0,0.000205876,0,0,0,0,0,0,0.002586537,5.12E-05,4.86E-05,0,0,0,0,0,4.63E-06,0,0,0,0,0,0,8.14E-06,0,0,0
その他の輸送機械・同修理,0,0,0,0,0,0,0,0,0,0,0,0,0,0,0,0,0,0,0,0,0,0,0,0,0,0,0,0,0,0,0,0,0,0,0,0,0,0,0,0,0,0,0,0,0,0,0,0,0,0,0,0,0,0,0,0,0,0,0,0,0.55767941,0,0,0,0,0,0,0,0,0,0,0,0,0,0,0,0,0.062532903,0,0,0,0.136224282,0,0,0.00153917,0,0,0,0,0,0,0.012755061,0,0,0,0,0,0,0,0,0,0.005517591,5.87E-06,0,0,0,0,0.000358914,0,0
その他の製造工業製品,0.000109385,2.75E-05,2.74E-05,0.000100482,0.000338776,0.006995569,0,0,0.001626835,0.000119553,0.000538683,0,0.000209891,0.002648735,0,0,0,0.022539405,0.001089827,0.009890718,0.000177033,0.000208951,6.16E-05,0,0,0,0,0.000792393,0.000165353,0,0.000348371,0.000227755,0.001019331,0.014167651,0.003777823,0.000345042,0.00459506,0.000883392,0,0.001575516,0.004087745,0,0,0.001023866,1.12E-05,0.000198807,0,0.002064839,0.001380164,0.000324336,0.001682179,0.000595975,0,0.002148577,0.000769126,0.001467619,0.000771775,0.000693731,0.0004339,0.000260281,0,0.02754998,0,0.001211907,0.005393062,0.002247998,0.002787454,8.25E-06,0,0.00036961,0.001048357,0.000308217,0.000335295,0.000232221,4.05E-05,1.48E-05,0,1.65E-05,0.000201997,1.42E-05,0.00063529,0,0,2.99E-05,0.000137251,0,0.001134227,0.002463928,0.004061708,0.000768787,0.004824025,0.001549727,0.002862188,0.007502866,0.000210209,0.000708239,0.002952017,0.002448071,0.004729931,0.006864999,0.001752187,0.001259756,0.005560085,0.001754557,0.001886491,0.004278924,0.006402955,0.008715178,0.13879139,0.000435224
再生資源回収・加工処理,0.00044848,0.000495499,0.001027144,0,0.000813063,0,0,0,0,0,0,0,0,0.010194208,0.001412399,0,0,0,0.008215618,0,0.01435801,0,0,0.025824964,0.003144654,0,0,0,0,6.35E-05,5.81E-05,0.0149442,0.000359764,0,0.00796406,0.00281209,0.023741145,0.005380662,0.082498705,0.009063114,0.025376396,0.000523735,0.076455459,0.017939289,0,0,0,0,0,0.000756784,0,0,0,0,0.00015835,0,0,0,0.000534627,0,0,2.22E-05,0,0,0,1.55E-05,6.30E-06,0.005361532,0.015190752,0,0,0,0,0,0,0,0,0,3.01E-06,0,0,0,0,0,0,0,0,0,0,0,0,0,0,0,0,0,0,0,0,0,0,0,0,0,0.000149321,0,0,0,0,0
建築,0,0,0,0,0,0,0,0,0,0,0,0,0,0,0,0,0,0,0,0,0,0,0,0,0,0,0,0,0,0,0,0,0,0,0,0,0,0,0,0,0,0,0,0,0,0,0,0,0,0,0,0,0,0,0,0,0,0,0,0,0,0,0,0,0,0,0,0,0,0,0,0,0,0,0,0,0,0,0,0,0,0,0,0,0,0,0,0,0,0,0,0,0,0,0,0,0,0,0,0,0,0,0,0,0,0,0,0,0,0
建設補修,0.006935025,0.011286371,0.004889205,0.005375804,0.003591029,0.002110882,0,0,0.012472402,0.003088449,0.001601491,0.000643155,0.00140427,0.001808177,0.000369397,0,0.013888889,0.005082918,0.002032946,0.005256605,0.017025719,0.008232688,0.004085487,0.006456241,0.012893082,0.003787305,0.004098361,0.010301109,0.00466663,0.000435125,0.010160831,0.00828676,0.003046002,0.002361275,0.007147233,0.010558278,0.009190121,0.016141985,0.031795027,0.007612392,0.014327343,0.004094653,0.015665186,0.006748864,0.017060499,0.008275348,0.005756184,0.00363528,0.003014035,0.003819957,0.010961892,0.004919719,0.002463054,0.003385637,0.004298059,0.00382905,0.00275634,0.000760596,0.001437294,0.003123373,0.005449363,0.004366328,0.000855746,0.001798982,0.003192174,0.001330237,0.000998444,0.040780639,0.059695117,0.070646817,0.00751469,0.006155899,0.008826221,0.006702367,0.022571841,0.032178975,0.053712156,0.035815346,0.002535515,0.018848138,0.008417598,0.000184686,0.010768126,0.03024332,0.040508612,0.003139086,0.009947298,0.016407519,0.001469531,0.016144532,0.004869321,0.020717245,0.015870003,0.009093751,0.004842005,0.00374355,0.008290951,0.00587908,0.00448737,0.004255929,0.000755007,0.001921304,0.004211119,0.004776294,0.003261926,0.006237949,0.009462054,0.008540323,0,0.000356092
公共事業,0,0,0,0,0,0,0,0,0,0,0,0,0,0,0,0,0,0,0,0,0,0,0,0,0,0,0,0,0,0,0,0,0,0,0,0,0,0,0,0,0,0,0,0,0,0,0,0,0,0,0,0,0,0,0,0,0,0,0,0,0,0,0,0,0,0,0,0,0,0,0,0,0,0,0,0,0,0,0,0,0,0,0,0,0,0,0,0,0,0,0,0,0,0,0,0,0,0,0,0,0,0,0,0,0,0,0,0,0,0
その他の土木建設,0,0,0,0,0,0,0,0,0,0,0,0,0,0,0,0,0,0,0,0,0,0,0,0,0,0,0,0,0,0,0,0,0,0,0,0,0,0,0,0,0,0,0,0,0,0,0,0,0,0,0,0,0,0,0,0,0,0,0,0,0,0,0,0,0,0,0,0,0,0,0,0,0,0,0,0,0,0,0,0,0,0,0,0,0,0,0,0,0,0,0,0,0,0,0,0,0,0,0,0,0,0,0,0,0,0,0,0,0,0
電力,0.005884927,0.007625182,0.011243803,0.035771704,0.00643675,0.003872859,0,0,0.016500755,0.009305199,0.012360598,0.003580548,0.013567945,0.007301125,0.007670411,0,0.043981481,0.017610515,0.019155803,0.010928206,0.07142988,0.007731205,0.014011784,0.035868006,0.158490566,0.003029844,0.022540984,0.009508716,0.009810946,0.003756322,0.019044301,0.018237881,0.016693049,0.007083825,0.033285685,0.040438893,0.035420257,0.044812078,0.096226904,0.018079431,0.083738061,0.007951245,0.120645312,0.019626505,0.011865259,0.020104374,0.010827109,0.009829796,0.012015547,0.029406465,0.021757415,0.005936383,0.006568144,0.004036721,0.012984663,0.005605641,0.00463065,0.004864472,0.010355488,0.008589276,0.004946345,0.006649231,0.028973105,0.003668607,0.002177287,0.002974988,0.005152853,0.097423165,0.0088368,0.040010267,0.044145501,0.003368433,0.031692221,0.003695511,0.026263371,0.005243945,1.29E-06,0.03614438,0.005282072,0.001124625,0.001402933,0.003213534,0.003589375,0.054037916,0.011352607,0.006519639,0.010543744,0.00591716,0.002573256,0.00480492,0.003442497,0.007992121,0.018768449,0.009392476,0.005885851,0.008060436,0.019314626,0.010385757,0.002590988,0.004806425,0.004544289,0.003518872,0.006668583,0.02839458,0.014351632,0.019384041,0.02972045,0.028087354,0,0.010616831
ガス・熱供給,1.09E-05,0,0,0.001105305,0,1.74E-05,0,0,7.75E-05,0.000767131,0.000698832,4.80E-05,0.006136809,0.003518614,0.001064731,0,0.023148148,0.001437593,6.29E-05,0.00082999,0.000988945,0.000376113,0.000862264,0.016021043,0.002672956,0,0.00102459,0,0.002627276,5.78E-06,0.000232248,0.005290913,0.008454454,0,0.008066163,0.00074184,0.028719127,0.004015419,0.003108271,0.004430163,0.017119961,0.000142837,0.000467617,0.003273488,0.002524999,0.004970179,0.00205578,0.000988796,0.001765798,0.006522758,0.003780282,0.001636011,0,0.000716192,0.004773108,0.000750361,0.000882029,0.002047759,0.004904619,0.001821968,0.0009222,0.0008644,0.003178484,0.001042606,0.001304012,0.000732146,0.000781117,0.000882591,0.007582027,0.001652977,0.004237475,0.000786165,0.009591628,0.000562534,0.002999087,5.92E-05,0,0.000427744,0.000823063,0.000223027,0.001482344,0.000627932,0.000717875,0.000179131,0.001313687,0.001046362,0.001170079,0.000839975,0.000107219,0.001153181,0.000883272,0.002591527,0.003610794,0.007447289,0.001920676,0.001821186,0.006359488,0.0050136,0.00160972,0.000148032,0.000270663,0.002853805,0.00168132,0.019738766,0.014793285,0.006423541,0.001301744,0.006331619,0,0
水道,0.000273463,0.000688193,0.002615793,0.002913987,0.000338776,0.000348906,0,0,0.003950885,0.002709865,0.002817168,0.000499165,0.003078399,0.003147205,0.000152104,0,0.006944444,0.000667454,0.000985036,0.000622493,0.003418574,0.000919387,0.000626168,0.003586801,0.002987421,0.000605969,0.00204918,0.000792393,0.002608903,0.000207936,0.000696743,0.001313968,0.000455701,0,0.00122524,0.001932234,0.000574383,0.001044009,0.000215852,0.00131033,0.000809454,4.76E-05,0.00187047,0.000648929,0.000592146,0.00082008,0.00102789,0.00052348,0.000679934,0.001189232,0.001235447,0.000479117,0.000821018,0.000325542,0.00099534,0.000408285,0.000220507,0.000376119,0.000313803,0.001041124,0.000586854,0.00075358,0.002444988,0.000879394,0.001416121,0.000666837,0.000900804,0.00044542,0.001708626,0.092238193,0.011188343,0.00120838,0.005118741,0.001669586,0.003012576,0.000310789,6.45E-06,0.005659384,0.001594872,0.011265226,0.001429403,0.00025856,0.00143575,0.002030154,0.006470398,0.000804894,0.004836759,0.000559984,0.00037842,0.001729771,0.001064456,0.003774029,0.010028323,0.008850603,0.004258891,0.004148258,0.006975195,0.009198813,0.00253586,0.000448723,0.000227927,0.001023992,0.001214069,0.012837509,0.010919354,0.015651582,0.005963616,0.005549369,0,0.003547736
廃棄物処理,0,0,0.000657372,0.002009646,0,0,0,0,0.001471898,0.002151952,0.000211106,0,0.000594691,0.000244348,0.00028248,0,0,0.00020537,0.000523955,0.000276663,9.77E-05,0.000459693,0.000626168,0.005499761,0.006761006,0.002423875,0,0,0.002461923,0,0,5.26E-05,0.000323788,0,0.00183786,0.003933476,0.000382922,0.005862512,0,0,8.09E-05,0,0,0.000634509,0.000100553,0,0.00034263,1.45E-05,4.06E-05,0.000846877,0.001139938,0.000116858,0,0.000130217,0.00015835,0.000110347,0.000441014,3.34E-05,3.87E-05,0.000520562,0.003353454,4.43E-05,0,0.000349565,1.18E-05,0.004064614,0.005162302,0.013321345,0.001815415,0.002330595,0,0.00130549,0.001999401,0.00329513,9.44E-05,0,0,0.020334298,0.002390801,0,0.002805866,0.000812618,0.004307251,0.001642036,0.008725234,0.001529298,0.007450695,0.008213092,0.000163982,0.002690755,0.000747384,0.029264194,0.006001638,0.002862204,0.003467008,0.004418063,0.005229287,0.004871414,4.41E-05,0.000494983,0.000128209,0.000921944,0.000211142,0.050501998,0.016717632,0.011970676,0.012594376,0.015948684,0,0.003626868
卸売,0.022675563,0.042062378,0.026705744,0.032254823,0.012941256,0.04038589,0,0,0.022698222,0.075238608,0.126852634,0.04787183,0.085410586,0.032058487,0.068903327,0,0.06712963,0.095445911,0.082135222,0.090607276,0.060777359,0.096995278,0.085805498,0.036585366,0.037893082,0.011210423,0.032786885,0.045166403,0.058149148,0.005683579,0.04627533,0.074878677,0.10478726,0.097992916,0.043700225,0.045873301,0.04307869,0.049871507,0.024995683,0.010389043,0.065363445,0.138361186,0.023147066,0.069291225,0.074643875,0.062201789,0.056191325,0.046742426,0.05185764,0.048632383,0.046561854,0.060228574,0.066502463,0.035874731,0.070126227,0.051234234,0.03969129,0.026746237,0.058150346,0.065590838,0.023725687,0.083824638,0.003789731,0.063429636,0.077556247,0.047598096,0.043518933,0.015160763,0.017166351,0.017453799,0.012051695,0.022483808,0.008811105,0.004848606,0.001564741,0.001603276,0.000399711,0.002040011,0.007889945,0.034512212,0.017973424,0.004727958,0.005384063,0.007881773,0.00609786,0.002978107,0.003634088,0.003154574,0.01080389,0.004036133,0.058160076,0.007836449,0.005201846,0.018903053,0.057469113,0.01871775,0.024434267,0.017068497,0.025656292,0.006730845,0.006837802,0.05557706,0.008400733,0.045043377,0.068540399,0.020982193,0.015319904,0.019123697,0.223326426,0.014401962
小売,0.022500547,0.027390096,0.013024186,0.00823955,0.006165729,0.009926381,0,0,0.010729364,0.001225417,0.001550534,0.000364774,0.00976992,0.001700664,0.000738793,0,0.002314815,0.019150793,0.002074863,0.008092406,0.001233128,0.001211919,0.001406311,0.00263032,0.002201258,0.000454477,0,0.001584786,0.001524922,6.74E-05,0.001335424,0.000683264,0.001978702,0.014167651,0.002654687,0.003036367,0.00459506,0.002891102,0.00045329,0.000873553,0.002711672,0.000571347,0.002104279,0.001312279,0.001687057,0.001814115,0.00239841,0.003969725,0.003714265,0.001747811,0.002489379,0.002535817,0.001642036,0.002083469,0.001719224,0.003144897,0.003748622,0.002139699,0.000751577,0.001821968,0.001928236,0.012256749,0.00207824,0.004216706,0.004690902,0.00511643,0.003732354,0.000593893,0.000560643,0.002053388,0.005047969,0.004562458,0.004755963,0.0023162,0.001937941,0.002002861,0.000332663,0.001612266,0.005876004,0.06375245,0.003308804,0.001292801,0.004307251,0.002268995,0.001852887,0.005070831,0.001776303,0.002277267,0.005468169,0.002306362,0.003125425,0.005270868,0.004180245,0.011796172,0.002398686,0.005126303,0.011082716,0.006688922,0.016427965,0.00618035,0.002094077,0.003251437,0.00556595,0.023150405,0.037504785,0.012713044,0.009600364,0.016270787,0.056497653,0.000672619
金融・保険,0.008707066,0.006551601,0.006080692,0.011756431,0.007114303,0.011147552,0,0,0.042723787,0.005728575,0.004855429,0.001055926,0.005926918,0.011640749,0.004193738,0,0.025462963,0.020228988,0.009808442,0.017637294,0.007771151,0.009695349,0.009916032,0.010999522,0.008647799,0.004090289,0.004098361,0.004754358,0.012438222,0.003049726,0.002554723,0.002995848,0.005480405,0.00472255,0.009393506,0.011938445,0.017040015,0.011484099,0.00397168,0.0037282,0.008863526,0.007141837,0.008183306,0.007008436,0.01618904,0.010760437,0.007880491,0.007045172,0.011893768,0.00771199,0.006238851,0.004989833,0.006568144,0.005924865,0.007940099,0.007216711,0.009261301,0.005232233,0.00418791,0.017178553,0.003353454,0.029190124,0.002567237,0.013841319,0.0081663,0.022899333,0.019017682,0.023928931,0.005900099,0.004466119,0.009303063,0.019692121,0.015577463,0.058921976,0.090125494,0.069646293,0.07942519,0.051822848,0.015430163,0.035973749,0.036158611,0.011118088,0.025484566,0.006120316,0.012725116,0.001770766,0.009673519,0.005133183,0.004446435,0.003843936,0.004529601,0.041767786,0.001192223,0.004876863,0.005878652,0.024012681,0.00634262,0.008741345,0.063275229,0.061035579,0.004857688,0.008374915,0.004934477,0.020226143,0.006099023,0.003134441,0.012122494,0.006386836,0,0.005578782
不動産仲介及び賃貸,0.000109385,0.001238748,4.11E-05,0.020950563,0.000880818,0.0011165,0,0,0.005345315,0.004901668,0.002649739,0.000671953,0.004242794,0.0029615,0.000738793,0,0.002314815,0.00492889,0.002116779,0.006432425,0.002301433,0.001629822,0.005635509,0.00143472,0.003459119,0.001666414,0.00102459,0.001584786,0.005034081,0.000250293,0.001916043,0.004222218,0.001774836,0.002361275,0.002858893,0.006331516,0.003254834,0.002650177,0.00103609,0.001528718,0.004492472,0.001142694,0.000935235,0.001442065,0.00506117,0.003131213,0.00445419,0.002806436,0.004140493,0.002000072,0.002766661,0.001951527,0.005747126,0.002539228,0.009546215,0.003806981,0.002425579,0.001537909,0.000778696,0.000780843,0.000670691,0.002548872,0.000122249,0.007707486,0.003428194,0.002531576,0.002677216,0.007118465,0.011106068,0.002094456,0.00314507,0.040963326,0.024300622,0.021590511,0.050885563,0.079867791,0.002246119,0.002665175,0.013998095,0.016356881,0.056620255,0.005540575,0.112347452,0.087625019,0.035979334,0.017466194,0.011309673,0.011554328,0.043341701,0.126849894,0.015649771,0.002165427,0.001787268,0.020327208,0.024207145,0.019864423,0.006452266,0.0121909,0.022646336,0.014002933,0.001153879,0.003779268,0.012377249,0.015225656,0.013245395,0.03467475,0.010885837,0.04215864,0,0.043852129
住宅賃貸料,0,0,0,0,0,0,0,0,0,0,0,0,0,0,0,0,0,0,0,0,0,0,0,0,0,0,0,0,0,0,0,0,0,0,0,0,0,0,0,0,0,0,0,0,0,0,0,0,0,0,0,0,0,0,0,0,0,0,0,0,0,0,0,0,0,0,0,0,0,0,0,0,0,0,0,0,0,0,0,0,0,0,0,0,0,0,0,0,0,0,0,0,0,0,0,0,0,0,0,0,0,0,0,0,0,0,0,0,0,0
住宅賃貸料（帰属家賃）,0,0,0,0,0,0,0,0,0,0,0,0,0,0,0,0,0,0,0,0,0,0,0,0,0,0,0,0,0,0,0,0,0,0,0,0,0,0,0,0,0,0,0,0,0,0,0,0,0,0,0,0,0,0,0,0,0,0,0,0,0,0,0,0,0,0,0,0,0,0,0,0,0,0,0,0,0,0,0,0,0,0,0,0,0,0,0,0,0,0,0,0,0,0,0,0,0,0,0,0,0,0,0,0,0,0,0,0,0,0
鉄道輸送,0.000164078,0.000110111,0.000136953,0.00045217,0.000406532,0.001186281,0,0,0.002246582,0.001145715,0.000305739,0.001958262,0.000729621,0.00054734,0.000391126,0,0.002314815,0.002002362,0.001026952,0.001383317,0.001001154,0.001002967,0.003828861,0.00047824,0.000943396,0.000757461,0.00102459,0.002377179,0.00323357,0.000209861,0.000812867,0.002820652,0.001367103,0.001180638,0.001633653,0.001259402,0.002106069,0.006826213,0.00049646,0.000530372,0.000930873,0.000190449,0.001169044,0.00111039,0.002245685,0.001043738,0.001439046,0.001650417,0.004221679,0.002378464,0.004029836,0.001367238,0.001642036,0.004752914,0.001538253,0.007768447,0.00275634,0.000493134,0.000430026,0.006246746,0.000503018,0.001196862,0.001711491,0.001325181,0.001610838,0.001954109,0.00084726,0.000791857,0.00058734,0.001170431,0.011523112,0.007597342,0.002364927,0.010301787,0.000400178,9.87E-05,1.29E-06,0.00087194,0.002068209,0.00028946,0.002223516,0.000738743,0.007178751,0.001582326,0.001372509,0.001851256,0.001936007,0.00408788,0.000649621,0.003267346,0.002491281,0.006253792,0.004274088,0.009600889,0.00169463,0.001989815,0.00107116,0.001230218,0.004939415,0.001905916,0.001324824,0.000816378,0.001460402,0.001120967,0.00195379,0.001453803,0.002310596,0.002291531,0.000592041,0.004180789
道路輸送（自家輸送を除く。）,0.004889521,0.00825832,0.033252075,0.005978698,0.013822075,0.007239803,0,0,0.006739745,0.01247335,0.014355182,0.046115153,0.015651861,0.007506377,0.020447187,0,0.00462963,0.009857781,0.017353397,0.017014801,0.011989427,0.02678758,0.012040896,0.010282162,0.008018868,0.014240267,0.009221311,0.009508716,0.010251888,0.002167924,0.041978749,0.008567074,0.008010745,0.0094451,0.010720849,0.036522669,0.013976642,0.021281722,0.006389225,0.002511465,0.031042577,0.020187592,0.006079027,0.011839354,0.011340149,0.009617296,0.008976907,0.007074254,0.008646323,0.008612923,0.008574184,0.007934653,0.009031199,0.005338889,0.014160974,0.007183607,0.008710033,0.011943866,0.007918675,0.00937012,0.003521127,0.012411898,0.306356968,0.015121434,0.016131983,0.015347572,0.017890102,0.011894353,0.020957364,0.004435318,0.018042304,0.004180776,0.003248511,0.007326961,0.000714925,0.000577179,4.13E-05,0.000789681,0.0031807,0.003032216,0.003891154,0.002954974,0.002512563,0.002030154,0.002970501,0.053042498,0.004093645,0.003583895,0.002926448,0.005765904,0.014177651,0.006911403,0.002512413,0.00751676,0.006623022,0.003237665,0.004681056,0.002664441,0.009371658,0.00249342,0.002350494,0.007498716,0.002721392,0.00625792,0.010885704,0.002412694,0.003164866,0.017016225,0.034042373,0.038181027
自家輸送,0.028615183,0.046384232,0.013818511,0.014017283,0.027102107,0.025051464,0,0,0.235736143,0.009265348,0.009667181,0.00482846,0.007686003,0.005512496,0.004019904,0,0.009259259,0.007033937,0.016074947,0.008230737,0.004309845,0.003552175,0.009248804,0.003825921,0.004874214,0.002120891,0.00102459,0.004754358,0.002517041,0.000348485,0.000232248,0.001594282,0.001451048,0.010625738,0.005615683,0.037989097,0.003637756,0.005220045,0.003367294,0.004196175,0.005099563,0.004475551,0.003273322,0.004081044,0.012166918,0.009766402,0.007126705,0.004871275,0.007387938,0.005387582,0.001238527,0.002863019,0.003284072,0.003515854,0.004524273,0.00018759,0.003858875,0.001362386,0.001305574,0.000520562,0.000754527,0.041313888,0.009413203,0.021955616,0.021654856,0.023671009,0.013524665,0.005130574,0.005259364,0.007330595,0.022729075,0.042832896,0.035923256,0.009266803,0.00538217,0.004503971,0.000919336,0.002862595,0.002140566,0,0.007570544,0.001772984,0.003230438,0.002686968,0.005009657,0.007887959,0.007535436,0.008810408,0.015969323,0.003843936,0.014109707,0.009087807,0.00979585,0.009357741,0.004770016,0.004822772,0.007818628,0.009477003,0.01102548,0.012351447,0.01253597,0.004658986,0.008085974,0.02708841,0.00189911,0.010671533,0.027190185,0.025786621,0,0.012661066
水運,0.002187705,0.002972995,0.005300063,0.000753617,0.000542042,0.002372562,0,0,0.001123291,0.000577839,0.000771627,0.003897326,0.000839563,0.000664627,0.005367115,0,0.002314815,0.000359398,0.002997024,0.001452483,0.002832533,0.002674579,0.001005974,0.00263032,0.002987421,0.002272383,0.00102459,0.002377179,0.001230961,0.006549979,0.003251466,0.000525587,0.001475032,0,0.001735757,0.009178111,0.001914608,0.006103437,0.00194267,0.000733161,0.009753926,0.007379898,0.017068038,0.000922922,0.002960728,0.002460239,0.001576098,0.001068772,0.001167051,0.000720747,0.000828766,0.00111015,0.000821018,0.000520867,0.001379903,0.000673118,0.000661521,0.002908653,0.001634873,0.001301406,0.000503018,0.001329846,0.117848411,0.001103505,0.000949981,0.002070977,0.002500835,0.008017553,0.005232667,0.000564682,0.000643109,0.000330172,0.000340791,0.000360342,0.000157373,0.000192393,2.45E-05,0.000164517,0.003213864,0.006463032,0.134708031,0.00169911,0.000358938,0.000208986,0.000186269,0.001690277,0.000169482,0.000149329,0.000422569,0,0.000996512,0.000295376,0.000328448,0.000611345,0.00027356,0.000269805,0.000320505,0.000333828,0.000507172,0.000226675,0.000199436,0.00127735,0.000279568,0.00063359,0.000532087,0.000329941,0.000618329,0.0006258,0.003002495,0.000923203
航空輸送,1.09E-05,0,0,0.001356511,0.000271021,0.000331461,0,0,0.001123291,0.000368621,5.82E-05,9.60E-06,0.000129932,0.000127061,0.000130375,0,0,0.002259075,0.00035629,0.001383317,0.000390694,0.000668645,0.001406311,0.00023912,0.000157233,0.000151492,0,0,0.002535413,6.35E-05,0.000232248,0.000788381,0.001355111,0.002361275,0.00061262,0.000603823,0.000574383,0.000642467,0.000107926,0.000249587,0.000404727,9.52E-05,0,0.000259572,0.000849115,0.000695825,0.001096416,0.001475924,0.001298978,0.000558579,0.000794876,0.000829691,0.000821018,0.002604336,0.000633398,0.000937952,0.000441014,0.000267462,0.000441648,0.000260281,0.000251509,0.000398954,0,8.40E-05,0.000401234,0.000237174,0.000217327,0.000230958,0.000133486,0.00050308,0.004034851,0.005443199,0.001223001,0.000998949,0.000179855,8.39E-05,0,4.94E-05,0.000434143,0,0.000529409,0.004764895,0.002512563,0.000298552,0.000401949,0.017707663,0.001082078,0.003789222,0.003967103,0.001729771,0.014698555,0.001052777,0.00283233,0.004390566,0.000740051,0.000101177,0.000126515,0.000284372,0.003495077,0.001554339,0.002492949,0.000355406,0.002778087,0.000779803,0.000408004,0.00109293,0.002375683,0.001325222,8.46E-05,0.006409665
貨物利用運送,0.000459418,0.000715721,0.002328193,0.00045217,0.000271021,0.000802484,0,0,0.000309873,0.000816945,0.00176164,0.00340776,0.001189382,0.000527792,0.001521045,0,0,0.000564769,0.001068869,0.001037488,0.000988945,0.001838773,0.001231805,0.00095648,0.000628931,0.00136343,0.00102459,0.000792393,0.00071653,0.000631509,0.002670847,0.000525587,0.000455701,0,0.000816827,0.003053619,0.000957304,0.001766784,0.00045329,0.000155992,0.002185527,0.001285531,0.000467617,0.000778715,0.000681526,0.000571571,0.000548208,0.000378069,0.000507413,0.000450467,0.000480623,0.000432374,0.000821018,0.00039065,0.000814369,0.000452424,0.000441014,0.000819103,0.000507508,0.000260281,0.000251509,0.000775744,0.001344743,0.000848944,0.000885076,0.000855889,0.001080335,0.001121798,0.001628534,0.000205339,0.000140956,8.87E-05,0.000147035,9.01E-05,4.05E-05,6.91E-05,3.87E-06,0.002582917,0.000756735,0.000536213,0.000449997,0.000554058,0.0028715,0.000119421,9.80E-05,0.006922086,5.87E-05,5.60E-05,0.000195517,0,0.001041808,0.000126732,0.000100241,0.000277884,0.000498166,0.00023608,0.000286767,0.000197824,0.000297688,7.86E-05,0.000641044,0.00053135,0.000134897,0.000487377,0.00081811,0.00015466,0.000154582,0.000193262,0.00253732,0.002492647
倉庫,0.000875082,0.00206458,0.005080939,0.001205788,0.000677553,0.002075992,0,0,0.000309873,0.001972622,0.00543051,0.012767101,0.002873506,0.001681116,0.023141609,0,0,0.001899677,0.002011988,0.001867478,0.003162181,0.004429771,0.00225831,0.004782401,0.00172956,0.00136343,0.00102459,0.000792393,0.001469805,0.006259254,0.004528828,0.001874595,0.001487025,0.002361275,0.003165203,0.004054241,0.003829217,0.004818503,0.001079261,0.000499173,0.00461389,0.003047184,0.003974749,0.005148172,0.001955198,0.001863817,0.001439046,0.001134207,0.00146135,0.0013514,0.001377169,0.001530839,0.001642036,0.001302168,0.003212234,0.001500723,0.001433297,0.001395819,0.001119617,0.001301406,0.000503018,0.002039097,0.02799511,0.001213125,0.001262708,0.001472886,0.001631527,0.009782734,0.017646902,0.000420945,0.000167385,0.000188308,0.00038339,0.000258245,0.000139388,0.000256524,5.16E-06,0.000246775,0.000205012,0.000797202,0.000317645,0.000960366,0.000358938,0.000298552,0.000294109,0.000160979,0.000260742,0.000485319,0.000662235,0.000192197,0.002174208,0.006087144,0.000311386,0.000757234,0.000568716,0.000539611,0.000632575,0.000395648,0.000639478,0.000148032,0.000327645,0.000925463,0.000267838,0.000994249,0.001817088,0.000268077,0.0003173,0.000322103,0.003890557,0.000329715
運輸附帯サービス,0.000973529,0.001541553,0.00052042,0.00130627,0.000948574,0.00397753,0,0,0.009993415,0.001265268,0.001215677,0.000537562,0.00090453,0.000723271,0.000630147,0,0,0.000718797,0.001655699,0.00117582,0.001184292,0.000376113,0.001426841,0.0011956,0.000786164,0.000151492,0,0.001584786,0.000661412,4.24E-05,0,0.000630705,0.000251835,0.001180638,0.00275679,0.002346284,0.001340226,0.000562159,0.000366949,0.000826756,0.000566618,0.000523735,0.000233809,0.000865239,0.001262499,0.001341948,0.000890838,0.000596186,0.001014827,0.000720747,0.000455975,0.001998271,0,0.000716192,0.00099534,6.62E-05,0.000771775,0.000150448,0.000402907,0,8.38E-05,0.004499313,0.000488998,0.002683248,0.001935366,0.002777343,0.001171676,0.000602141,0.000614037,0.000800821,0.00188528,0.00513076,0.002748317,0.001065012,0.000624997,0.000522915,0.000107019,0.021502369,0.024610477,0.110440976,0.071258404,0.273704429,0.024766691,0.002537692,0.008303677,0.000643915,0.000821336,0.000970638,0.001715504,0.000384394,0.002106264,0.001408026,0.001138904,0.001167112,0.000512564,0.000539611,0.000860302,0.001038576,0.001223828,0.004834181,0.001282088,0.000496161,0.000877805,0.043035384,0.00350799,0.000824853,0.005695131,0.002751677,0,0.008783614
郵便・信書便,6.56E-05,0.000110111,0.000164343,0.000301447,0.000203266,0.000331461,0,0,0.000309873,0.000159404,0.00015287,0,0.000124935,0.000185705,6.52E-05,0,0,0.001283565,0.000125749,0.000484161,0.000207556,0.000250742,0.000236096,0.00047824,0,0,0,0,0.000569549,2.31E-05,0.000232248,0.000455509,0.00016789,0,0.000102103,0.000207025,0.000191461,0.000160617,4.32E-05,4.68E-05,0.000121418,4.76E-05,0.000233809,0.000115365,0.000312832,0.000422465,0.000137052,0.000159952,0.000162372,5.41E-05,9.55E-05,0.000128544,0,0.000585976,6.79E-05,0.00018759,0,3.34E-05,7.75E-05,0,0.000503018,0.000177313,0.000733496,0.000319115,0.000826071,0.000555125,0.000510246,0.001006318,0.002482847,0.001796715,0.000819304,0.00116447,0.001603643,0.007056704,0.000278776,0.000759706,0,0.000888392,0.000434143,0,0.001032347,0.000701806,0.00143575,0.000895656,0.000950952,0,0.006518544,0.002426595,0.00012614,0.004612723,0.005050505,0.004179174,0.001132505,0.004800445,0.000358507,0.005362382,0.006157064,0.000562562,0.005523765,0.000791048,0.000398872,0.000707293,0.000999017,0.001052734,0.001308135,0.000907338,0.000943765,0.002282328,0,0.000329715
通信,6.56E-05,0.000385388,0.000191734,0.002009646,0.000677553,0.003227382,0,0,0.001239493,0.000747205,0.001579652,0.000105593,0.000994483,0.000332314,0.000260751,0,0,0.001540278,0.000691621,0.001867478,0.000659296,0.001086548,0.001580817,0.0023912,0.000628931,0,0,0,0.007789965,0.000103968,0.001451547,0.001156292,0.002098623,0.002361275,0.000510517,0.001086882,0.001148765,0.000883392,0.000129511,0.000218388,0.000688036,0.000380898,0.001169044,0.000519143,0.001564158,0.00111829,0.001644624,0.000959714,0.001136606,0.000576597,0.000687044,0.000958235,0.000821018,0.004036721,0.000565534,0.001368306,0.000441014,0.000217313,0.000507508,0.000520562,0.000586854,0.000953056,0.000244499,0.000595601,0.01423202,0.005461879,0.004812689,0.000346437,0.000720827,0.005482546,0.00376175,0.013666264,0.012495225,0.011713127,0.003606099,0.004499038,0,0.003750987,0.002526471,0,0.019032241,0.00247479,0.003589375,0.002657113,0.004960638,0.004829363,0.163980483,0.036772255,0.007530557,0.113972708,0.00908185,0.006130053,0.000774199,0.012379728,0.001886121,0.002934134,0.012508118,0.000995302,0.014421328,0.002169599,0.005285051,0.002843248,0.004893422,0.004961497,0.007436602,0.005124398,0.002676712,0.003313056,0,0.03112512
放送,3.28E-05,8.26E-05,2.74E-05,0,0,0,0,0,0,1.99E-05,7.28E-06,0,1.50E-05,0,0,0,0,0,0,0,0,0,3.08E-05,0,0,0,0,0,0,1.73E-05,0,0,0,0,0,1.73E-05,0,0,0,1.56E-05,0,0,0,1.44E-05,2.23E-05,0,0,2.18E-05,0,0,6.16E-06,1.17E-05,0,0,2.26E-05,1.10E-05,0,1.67E-05,0,0,0,0,0,7.31E-05,7.67E-05,7.05E-05,8.19E-05,0,0,1.03E-05,0.000176194,0.000112309,0.000452098,0.000262249,0.000116906,8.39E-05,0,0.000115162,3.32E-05,0,0.000158823,3.69E-05,0,2.99E-05,0.000607825,8.05E-05,4.56E-05,0.036678924,1.89E-05,0,0.000656792,7.98E-06,8.32E-05,3.47E-05,8.21E-05,0.000101177,0.000168687,0.000228734,0.00034179,0.000148032,0.279794296,0.00015483,8.02E-05,0.001013744,0.006176838,0.006114221,0.00261976,9.20E-05,0,3.96E-05
情報サービス,0.000525049,0.001569081,0.002382974,0.00261254,6.78E-05,0.001482851,0,0,0.000503544,0.002560424,0.002555106,0.000518364,0.002353776,0.005043347,0.003085548,0,0.002314815,0.001899677,0.001949113,0.005602435,0.004206067,0.002298466,0.00350038,0.006456241,0.002987421,0.001514922,0.00204918,0.005546751,0.009186279,0.000221413,0.001277362,0.003188563,0.005852161,0,0.004084133,0.002587813,0.008424277,0.006103437,0.002374374,0.00093595,0.004492472,0.00319002,0.004676175,0.002768765,0.00327356,0.002857853,0.003015144,0.009531703,0.002841515,0.005369563,0.008780605,0.011148246,0,0.011524188,0.006492331,0.013352019,0.034288864,0.0015797,0.001824704,0.001821968,0.0018444,0.002837005,0,0.001578524,0.001268609,0.002026292,0.003291401,0.012414009,0.005980191,0.031950719,0.002863159,0.012329531,0.019034846,0.037419549,0.009343483,0.002062059,0,0.00097065,0.004082149,0,0.003282334,0.006205445,0.004307251,0.009911927,0.020597433,0.003139086,0.027488698,0.007895768,0.023380047,0.065539112,0.019046972,0.011808061,0.002392977,0.019813123,0.005995275,0.015682439,0.014464884,0.001026212,0.02504989,0.01014484,0.007763754,0.002107804,0.012324463,0.008655814,0.001838119,0.000185592,0.006191422,0.005098425,0,0.00350817
インターネット附随サービス,1.09E-05,5.51E-05,4.11E-05,0.000100482,0,0.000122117,0,0,7.75E-05,0.0005081,0.000109193,5.76E-05,0.000349818,9.77E-05,0.000152104,0,0,0.000410741,0.00023054,0.000345829,0.000317439,0.000125371,0.00010265,0.00023912,0.000314465,0,0,0,0.001488177,0.000192533,0,0.000297833,0.000515662,0,0.00183786,0.000293285,0.000191461,0.000160617,4.32E-05,9.36E-05,0.000323782,4.76E-05,0.000233809,7.21E-05,0.00039104,0.000223658,0.000616734,0.000189035,0.000426227,0.001297344,0.000671639,0.000338888,0,0.003060095,0,0.005583571,0,0.00032597,0.000278936,0.002082249,8.38E-05,0.000886564,0,0.000104748,0.000389433,1.72E-05,1.57E-05,1.65E-05,5.34E-05,0.000195072,0.000246672,0.001965834,0.007096155,0.002482358,0.000238308,0.001371417,0,0.000526454,0.001130581,0,0.000555879,0.000295497,0.00143575,0.000955366,0.000666647,0.001046362,0.015282726,0.002333265,0.008653203,0.115125889,0.002898945,0.000691539,9.81E-05,0.000833652,3.89E-05,0.00023608,0.000902474,5.56E-05,0.000529223,0.000189666,0.04289296,0.001868521,0.003583557,0.000302174,0.000178764,0.00030932,0.000577649,0.000193262,0,0.002624533
映像・音声・文字情報制作,0.000437541,0.000275277,0.000314991,0.002713023,0.000745308,0.002058546,0,0,0.001045823,0.001185566,0.002373118,8.64E-05,0.001909007,0.000742819,0.001238565,0,0,0.002875186,0.001194618,0.002351639,0.000470054,0.001002967,0.001899033,0.004543281,0.001415094,0.000302984,0,0.000792393,0.001727021,7.51E-05,0.001393485,0.000735822,0.001558977,0.002361275,0.00061262,0.000638327,0.002106069,0.001525859,0.000410119,0.000233987,0.000526145,0.000333286,0.00187047,0.000706612,0.000983185,0.001366799,0.000890838,0.001148748,0.001420757,0.001603661,0.001756121,0.001565896,0.001642036,0.001367277,0.00133466,0.002195911,0.002315325,0.000526567,0.000445522,0.001041124,0.003018109,0.001906113,0.000977995,0.001578524,0.00162854,0.001663656,0.00151184,0.000346437,0.00029367,0.001817248,0.001973377,0.001807926,0.002374546,0.003933737,0.001371397,0.000675842,0,0.001826138,0.002897301,0,0.001455874,0.002068482,0.003589375,0.002866099,0.001784261,0.006761108,0.015002428,0.218804248,0.009965059,0.002690755,0.04812701,0.005853637,0.005306352,0.01127514,0.002473555,0.001315301,0.007540295,0.002015331,0.020970463,0.002474915,0.202883273,0.00049968,0.004627539,0.004327907,0.002229298,0.005330611,0.018167469,0.005264078,0,0.002927871
公務,0,0,0,0,0,0,0,0,0,0,0,0,0,0,0,0,0,0,0,0,0,0,0,0,0,0,0,0,0,0,0,0,0,0,0,0,0,0,0,0,0,0,0,0,0,0,0,0,0,0,0,0,0,0,0,0,0,0,0,0,0,0,0,0,0,0,0,0,0,0,0,0,0,0,0,0,0,0,0,0,0,0,0,0,0,0,0,0,0,0,0,0,0,0,0,0,0,0,0,0,0,0,0,0,0,0,0,0,0,0.227477151
教育,2.19E-05,2.75E-05,1.37E-05,0.000351688,0,0,0,0,0.000193671,0.000278957,0.000160149,2.88E-05,0.0003848,3.91E-05,8.69E-05,0,0,0,0.000188624,0,0.000482263,4.18E-05,3.08E-05,0.00023912,0.000314465,0.000151492,0,0.000792393,0.000569549,1.16E-05,0,1.75E-05,0.000227851,0,0.000510517,0.000241529,0.00229753,0.000401542,0,1.56E-05,0.000971345,0,0,0.000115365,0.00052511,0.000621272,0.000822312,0.000799762,0.000588599,0.001549605,0.002772823,0.001425667,0.003284072,0.001171951,0.002352622,0.002648334,0.000330761,0.00023403,0.000503634,0.000520562,0,0.000288133,0,0.000336167,3.54E-05,0.000175303,0.000255123,0.000874342,0.000747524,0.000195072,0.000237862,0.000272751,0.000410873,0.000360342,1.35E-05,0,0,0.006317452,0.000283399,0.000346403,7.94E-05,0.000110812,0.000717875,0.000328407,0.000411753,0.000402447,0.008382847,0.001082635,0.004301374,0.011339612,0.001608008,8.58E-05,4.27E-06,0,0.000167015,0,0.000286767,3.71E-05,0,0.000402463,0.003062765,3.52E-06,0.001481907,0.000399649,0.000382766,0.00171157,0.000292892,0.000717829,0,0.000448413
研究,0,0.000770777,0,0,0.002913477,0.001779422,0,0,0.000735949,0.008896726,0.002911802,0.000172788,0.005022388,0.004691486,0.001412399,0,0.011574074,0.013400421,0.001613782,0.008507401,0.008869978,0.00426261,0.005296762,0.017694883,0.046540881,0.006665657,0.018442623,0.04437401,0.108545077,0.001775156,0.001161238,0.020147515,0.02827745,0.010625738,0.031958342,0.005796701,0.021826536,0.014455509,0.007252633,0.006551649,0.009956289,0.001333143,0.016366612,0.017924868,0.009798335,0.006734592,0.02521757,0.068415963,0.045788977,0.055677682,0.058753031,0.052445836,0.055829228,0.062634286,0.022530878,0.054379131,0.063506064,0.039275177,0.042735275,0.013534617,0.005197854,0.019127621,0.00403423,0.00104017,0.000643155,0.002342524,0.002160671,0.004718148,0.009877993,1.03E-05,0,0.002489381,0.002228885,0.000352335,0,0,0,0.003257436,0.00127831,0,0.001905871,0.000812618,0.001794688,0.003104941,0.001019578,0,0.01315768,0.003117242,0.013238392,0.024216798,0.005209041,0.000177625,0,0.01192122,0.003811117,0.001416478,8.43E-05,8.65E-05,0,0.00558822,0.001381806,0.001129558,0.000346039,0,0,0,5.70E-05,0.000110435,0,0.021550189
医療,0,0,0,0,0,0,0,0,0,0,0,0,0,0,0,0,0,0,0,0,0,0,0,0,0,0,0,0,0,0,0,0,0,0,0,0,0,0,0,0,0,0,0,0,0,0,0,0,0,0,0,0,0,0,0,0,0,0,0,0,0,0,0,0,0,0,0,0,0,0,0,0,0,0,0,0,0,0,0,0,0,0,0,0,0,0,0,0,0,0,0,0,0,0,0.025779393,0,0,0.000840752,0,0,0,0,0,0,0,0,0,0,0,0
保健衛生,0,0,0,0.007284968,0,0,0,0,0,0,0,0,0,0,0,0,0,0,0,0,0,0,2.05E-05,0,0,0,0,0,9.19E-05,0,0,0,0,0,0,0,0,0,0,0,0,0,0,0,0,0,0,0,0,0,0,0,0,0,0,0,0,0,0,0,0,0,0,0,0,3.44E-06,0,0,0,0.000646817,0,3.55E-05,5.77E-05,0.000262249,4.05E-05,4.44E-05,0,0.000115162,0,0,0.001985282,0,0,0.047469772,0.000686254,0,0.002330379,0.000877308,0,0.000960984,0.000317072,5.29E-05,4.05E-05,3.47E-05,0.015742635,0.11035041,0.004900348,0.002163699,2.21E-05,0,7.12E-05,0,5.87E-05,0,0.000172455,0,8.95E-05,9.20E-05,0,0.007293302
社会保険・社会福祉,0,0,0,0,0,0,0,0,0,0,0,0,0,0,0,0,0,0,0,0,0,0,0,0,0,0,0,0,0,0,0,0,0,0,0,0,0,0,0,0,0,0,0,0,0,0,0,0,0,0,0,0,0,0,0,0,0,0,0,0,0,0,0,0,0,0,0,0,0,0,0,0,0,0,0,0,0,0,0,0,0,0,0,0,0,0,0,0,0,0,0,0,0,0,0,0,0,0,0,0,0,0,0,0,0,0,0,0,0,0
介護,0,0,0,0,0,0,0,0,0,0,0,0,0,0,0,0,0,0,0,0,0,0,0,0,0,0,0,0,0,0,0,0,0,0,0,0,0,0,0,0,0,0,0,0,0,0,0,0,0,0,0,0,0,0,0,0,0,0,0,0,0,0,0,0,0,0,0,0,0,0,0,0,0,0,0,0,0,0,0,0,0,0,0,0,0,0,0,0,0,0,0,0,0,0,0,0,0,0,0,0,0,0,0,0,0,0,0,0,0,0
その他の非営利団体サービス,0,2.75E-05,0,0.000653135,6.78E-05,0.006350092,0,0,0.001510633,0.001434634,0.000800745,0.000441569,0.000524727,0.001896142,0.000412855,0,0,0.001848334,0.000985036,0.000760824,0.000842434,0.001713402,0.000749348,0.0011956,0.006761006,0.000151492,0,0.000792393,0.002186334,0.000119371,0.001103176,0.000473029,0.001750851,0.001180638,0.001735757,0.002156511,0.001148765,0.00048185,0.000107926,0.000670764,0.000768982,0.00085702,0.000233809,0.000403778,0.000502765,0.001143141,0.002535462,0.002217521,0.001796243,0.000864896,0.000748662,0.000397317,0,0.000651084,0.001560874,0.000375181,0.000882029,0.000284179,0.000139468,0.000780843,0.000503018,0.001041713,0.001589242,0.000713746,0.002230391,0.000998537,0.001259866,0.001080555,0.004004592,0.010277207,0.002167191,0.000338617,0.000772277,0.002980832,0.000800356,0.001154358,0,0.000427744,0.001842093,0,0.001535285,0.000110812,0.00143575,0.005463502,0.002656785,0,0.001144004,0.003919885,0.001034348,0.001153181,0.002921593,3.99E-06,0.000560921,0.002959464,0.001336123,0.001450204,5.06E-05,0.00043274,0,0.002299127,0.002564176,0.001689058,0.002375353,0.001491373,0.001535271,0.001433182,0.011658748,0.002144284,0,0.002057423
物品賃貸サービス,0.007646029,0.00619374,0.009257991,0.014017283,0.007114303,0.004570671,0,0,0.040942015,0.003686214,0.004819032,0.001324707,0.006181785,0.005962097,0.001303753,0,0.00462963,0.005442317,0.00819466,0.010651542,0.003327005,0.003844707,0.013878339,0.00215208,0.013050314,0.001969399,0.00102459,0.001584786,0.002314942,0.000119371,0.030308309,0.004835404,0.004401113,0.002361275,0.00275679,0.012248982,0.002488991,0.010279473,0.001100846,0.00131033,0.005099563,0.003475694,0.002338087,0.003576321,0.003854533,0.005442346,0.006715549,0.009975207,0.007195121,0.015910483,0.006895086,0.012340197,0.00410509,0.004752914,0.006039904,0.005064939,0.001984564,0.004881188,0.004009701,0.008068714,0.005449363,0.011303693,0.061246944,0.020405106,0.01482207,0.054036171,0.062854731,0.00587294,0.008169368,0.002823409,0.010474756,0.01535597,0.018402733,0.008880436,0.002522471,0.002121257,5.42E-05,0.002566465,0.007525144,0.124282874,0.004023506,0.100025856,0.01615219,0.007583221,0.007146849,0.00128783,0.014353833,0.018311463,0.012929349,0.080914857,0.01010101,0.014939448,0.00304774,0.005828615,0.008743829,0.020909919,0.012718976,0.024851632,0.006075039,0.004353076,0.002906066,0.011277984,0.013964727,0.013061702,0.002275566,0.005485271,0.009169162,0.006865389,0,0.008770426
広告,0,0.000440444,0,0.001657958,0.000542042,0.001011828,0,0,0.002207848,0.008518142,0.002460472,0.000249582,0.008965338,0.034482422,0.000130375,0,0,0.003799353,0.000796412,0.008438235,0.004273217,0.002131305,0.000851999,0.00263032,0.003301887,0.000151492,0,0.000792393,0.0267137,0.000136699,0.000174186,0.004117101,0.005768216,0.008264463,0.002246273,0.000586571,0.006318208,0.001445551,4.32E-05,0.000436777,0.000566618,0.000238061,0.000701426,0.001124811,0.001061393,0.001167992,0.003837456,0.002355661,0.003379373,0.005982198,0.002079617,0.003353822,0.009852217,0.00449248,0.001198932,0.006344968,0.003528115,0.007898498,0.002979188,0.000520562,0.001006036,0.004122523,0.000122249,0.001764878,0.000389433,0.000773394,0.000828362,0.00310144,0.009103772,0.004240246,0.000704778,0.003279768,0.01279754,0.025824533,0.014347957,0.011721178,0,0.004409055,0.003711319,0,0.00428821,0.011118088,0.003589375,0.000477683,0.009342862,0.000804894,0.01745666,0.018964777,0.015149413,0.026715357,0.032296055,0.001286283,0.003310072,0.00155615,0.001144631,0.008836127,0.001838685,0.001230218,0.003825842,0.006753975,0.000669535,0.00221337,0.011751642,0.002739058,0.009499754,0.009774506,0.009600364,0.007877711,0,0.004048903
自動車整備・機械修理,0.03917086,0.026261458,0.009066258,0.024366961,0.023782099,0.006838561,0,0,0.046364798,0.005439656,0.006966485,0.003378962,0.007945868,0.006030514,0.003911258,0,0.009259259,0.005853057,0.014209666,0.003665791,0.007209528,0.002465627,0.005307027,0.010282162,0.022955975,0.006817149,0.011270492,0.007131537,0.005438277,0.001598025,0.010160831,0.008199163,0.008442462,0.003541913,0.01010823,0.022048168,0.011104729,0.018792162,0.010512001,0.005662496,0.010239599,0.002190163,0.00748188,0.007513159,0.010032959,0.009343936,0.007263757,0.00910274,0.005764215,0.01068507,0.010367276,0.006076612,0.003284072,0.00572954,0.003936117,0.004601481,0.003858875,0.003903279,0.005280408,0.002602811,0.000754527,0.010062503,0.004156479,0.005823244,0.013925193,0.016275644,0.009748216,0.037324513,0.003257068,0.027967146,0.022834791,0.00508685,0.005981713,0.004700465,0.003183439,0.002022594,0.000167621,0.002944854,0.034200815,0.218390696,0.003097041,0.00952979,0.017946877,0.008866995,0.010862426,0.001931745,0.005345206,0.010751685,0.02280611,0.005765904,0.006749105,0.013179166,0.004685714,0.017465004,0.002935726,0.012411049,0.007329437,0.003567013,0.010606512,0.098737562,0.004202399,0.007291102,0.005603095,0.007495857,0.004607917,0.009135245,0.011829602,0.006497271,0,0.019017976
その他の対事業所サービス,9.84E-05,0.000467971,0.000671067,0.011404743,0.000338776,0.00647221,0,0,0.010613162,0.01112838,0.013343331,0.000595158,0.015701835,0.006401924,0.004715239,0,0.00462963,0.021563896,0.006601836,0.01687647,0.004431937,0.011074429,0.025416248,0.006217121,0.022169811,0.002423875,0.004098361,0.010301109,0.015524812,0.001024277,0.006096499,0.01911386,0.008802226,0.017709563,0.037267715,0.033072252,0.009764503,0.025939608,0.001834744,0.00262066,0.008863526,0.004427939,0.003507131,0.00842166,0.014088598,0.01637674,0.02350442,0.02327306,0.019910898,0.020252982,0.018661096,0.018697268,0.020525452,0.017383944,0.026353889,0.027233704,0.027342889,0.012411925,0.012304164,0.004424779,0.010479544,0.012677867,0.013814181,0.073498819,0.021684358,0.106119952,0.025871355,0.024118647,0.019302133,0.088552361,0.024869836,0.036497133,0.057688555,0.06527401,0.091092216,0.040294016,0.001451854,0.02102527,0.013949856,0.000408092,0.012335222,0.012743324,0.035534817,0.099208837,0.120104311,0.007163554,0.083864323,0.083269557,0.124714608,0.123582549,0.04040404,0.047928774,0.025857803,0.089707875,0.036276883,0.035614313,0.037591829,0.021816271,0.059350158,0.048554603,0.051468703,0.025068442,0.093827407,0.009884004,0.012364192,0.020229515,0.020868589,0.025142415,0,0.026640993
宿泊業,0,0,0,0,0,0,0,0,0,0,0,0,0,0,0,0,0,0,0,0,0,0,0,0,0,0,0,0,0,0,0,0,0,0,0,0,0,0,0,0,0,0,0,0,0,0,0,0,0,0,0,0,0,0,0,0,0,0,0,0,0,0,0,0,0,0,0,0,0,0,0,0,0,0,0,0,0,0,0,0,0,0,0,0,0,0,0,0,0,0,0,0,0,0,0,0,0,0,0,0,0,0,0,0,0,0,0,0,0,0
飲食サービス,0,0,0,0,0,0,0,0,0,0,0,0,0.008795426,0,0,0,0,0,0,0,0,0,0,0,0,0,0,0,0,0,0,0,0,0,0,0,0,0,0,0,0,0,0,0,0,0,0,0,0,0,0,0,0,0,0,0,0,0,0,0,0,0,0,0,0,0,0,0,0,0,0,0,0,0,0,0,0,0,0,0,0,0,0,0,0,0,0,0,0,0,0,0,0,0,0.005800903,0,0.00634262,0.020839515,0,0,0,0,0,0.010478604,0.005362934,0,0,0,0,0.000356092
洗濯・理容・美容・浴場業,0,0,0,0.000401929,0,5.23E-05,0,0,3.87E-05,0.000308845,7.28E-05,5.76E-05,7.50E-05,0.000107513,6.52E-05,0,0,5.13E-05,6.29E-05,0,5.49E-05,4.18E-05,4.11E-05,0,0,0,0,0,3.67E-05,5.78E-06,5.81E-05,3.50E-05,3.60E-05,0,0,0,0,0,4.32E-05,1.56E-05,4.05E-05,4.76E-05,0,2.88E-05,2.23E-05,2.49E-05,0,2.18E-05,3.04E-05,0.000144149,9.55E-05,4.67E-05,0,0,9.05E-05,4.41E-05,0,3.34E-05,5.04E-05,0,0,4.43E-05,0,9.74E-06,1.77E-05,8.42E-05,3.46E-05,4.95E-05,0,5.13E-05,6.17E-05,6.08E-05,5.77E-05,7.81E-05,5.40E-05,1.97E-05,0,0.00281324,0.000156774,9.49E-06,0.000185293,0.00025856,0,2.99E-05,3.92E-05,0.000321958,0.00040415,0.000839975,6.94E-05,0.000384394,0.000158536,0.000122741,0.000119436,9.03E-05,0.009502597,0.003541196,0.011023675,0.01268546,6.62E-05,5.55E-05,0.000712271,2.11E-05,7.04E-05,0.008733795,0.003152564,0.019002547,0.00013831,0.000588988,0,0.001648576
娯楽サービス,0,0,0,0,0,0,0,0,0,0,0,0,0,0,0,0,0,0,0,0,0,0,0,0,0,0,0,0,0,0,0,0,0,0,0,0,0,0,0,0,0,0,0,0,0,0,0,0,0,0,0,0,0,0,0,0,0,0,0,0,0,0.001861785,0,0,0,0,0,0,0,0,0,0,3.85E-05,0,0,0,0,0,0,0,0,0,0,0,0,0,0.000146667,0.061971516,0,0.000384394,0.020360556,0,0.000130099,0,0,0,0,0,0,0,0.005014388,0,0,0.002592845,0.000258683,0,0.015319904,0.00191421,0,0.00047479
その他の対個人サービス,0,0,0,0.001105305,0.000271021,0.001133945,0,0,0.000116203,0.000159404,5.82E-05,0,9.99E-05,0.000107513,4.35E-05,0,0,5.13E-05,6.29E-05,0,4.27E-05,0,0.00010265,0,0,0,0,0,5.51E-05,5.78E-06,5.81E-05,3.50E-05,7.20E-05,0,0,3.45E-05,0,0,8.63E-05,1.56E-05,4.05E-05,4.76E-05,0,5.77E-05,6.70E-05,2.49E-05,6.85E-05,6.54E-05,9.13E-05,7.21E-05,0.000120156,7.01E-05,0,0,0.000180971,9.93E-05,0,5.85E-05,5.42E-05,0,0,8.87E-05,0.000122249,0.000224111,0.000141612,0.000297327,0.000349613,3.30E-05,2.67E-05,0.000277207,0,0.000839364,0.000630739,0.000172164,0.001731107,0.000715308,0.000411316,0.000164517,0.000322592,0,0.000264704,0.000147749,0.000358938,0.000268697,0.000333324,0.000241468,0.000335705,0.003285237,0.00170289,0.000384394,0.003963401,0.000448054,0.000356174,0.002111918,0.000283638,0.000303531,0.000202424,0.00027819,0.002557911,0.000966836,0.001994359,0.000432821,0.001139778,0.002144459,0.000410107,0.001670327,0.002912653,0.010031198,0,0.000487979
事務用品,0.000109385,0.000302805,0.000506724,0.00130627,0.001422861,0.001378179,0,0,0.000503544,0.000956423,0.000691553,5.76E-05,0.001164395,0.000410505,4.35E-05,0,0.002314815,0.00138625,0.000649704,0.001244985,0.000787493,0.000626854,0.000985444,0.00095648,0.000943396,0.000151492,0,0.001584786,0.000679785,1.16E-05,0.000348371,0.000122637,0.000347772,0.002361275,0.001021033,0.000603823,0.001148765,0.001044009,6.48E-05,6.24E-05,0.000202364,0.000571347,0.000233809,0.00044704,0.000357522,0.000372763,0.000753786,0.000814303,0.001075716,0.000991027,0.000656235,0.001075093,0.000821018,0.000585976,0.001673981,0.000982091,0.000771775,0.000150448,0.000379662,0.000520562,0.000754527,0.001063877,0.000244499,0.00066259,3.54E-05,0.002352836,0.000340164,4.12E-05,8.01E-05,0.000780287,0.003418171,0.001605262,0.002506465,0.003599419,0.001883984,0.000498249,0,0.001661621,0.001582813,0.000574175,0.005294087,0.001551361,0.006101938,0.001910733,0.002274443,0.003702511,0.002385787,0.002277267,0.000744226,0.001921968,0.002015672,0.002742208,0.001797932,0.007746014,0.001186385,0.002057266,0.003727976,0.00541543,0.004796084,0.000906698,0.001096897,0.001287907,0.001870957,0.002349157,0.000891719,0.004072711,0.001472598,0.002659648,0,0.000197829
分類不明,0.014865456,0.012965563,0.009709935,0.018840434,0.01145064,0.016642825,0,0,0.003331138,0.008378664,0.001383106,0.000902336,0.001184384,0.007379316,0.000369397,0,0,0.00256713,0.007000042,0.002074976,0.001422371,0.001755192,0.001745057,0.00023912,0.003144654,0,0,0.001584786,0.004409414,0.000215637,0.015502526,0.001296449,0.004029357,0.016528926,0.013069226,0.010696294,0.011679112,0.007227755,0.005374719,0.001107541,0.007770763,0.004047041,0.002805705,0.007888096,0.001463605,0.004199801,0.010621531,0.00572193,0.008341875,0.001495549,0.001260094,0.004101713,0.003284072,0.002148577,0.001922816,0.003586286,0.003307607,0.000534925,0.000728332,0.007287871,0.00435949,0.000930892,0.001711491,0.016496553,0.016822342,0.010942664,0.014305782,0.003357144,0.001414956,0.009229979,0.001356697,0.005229558,0.008213346,0.004051849,0.008214891,0.018849588,7.22E-05,0.018870097,0.007072912,0,0.005320557,0.017028035,0.007178751,0.013882669,0.01165652,0.000402447,0.009911446,0.001325294,0.004295067,0.009225447,0.004235177,0.000973943,0.012764678,0.006641426,0.001778137,0.015345182,0.009918777,0.005248516,0.004630702,0.006300626,0.001196615,0.007745037,0.011061519,0.001393898,0.001943275,0.005485271,0.001399375,0.002208704,0.000549753,0
内生部門計,0.408772697,0.505381672,0.788654852,0.388665595,0.307337896,0.471965389,0,0,0.645659837,0.804720346,0.712546953,0.95752299,0.645349418,0.369268812,0.891571239,0,0.604166667,0.636802382,0.658968018,0.666620556,0.696503898,0.650758494,0.501170215,0.702295552,0.721540881,0.919254658,0.890368852,0.854992076,0.655018464,0.809070623,0.644254776,0.702797877,0.661150285,0.603305785,0.506228303,0.586156925,0.553896228,0.554288468,0.756302884,0.805462827,0.635907398,0.793791363,0.782324059,0.780604225,0.660108374,0.514413519,0.584526828,0.540791473,0.644232233,0.703592922,0.751943287,0.698413069,0.733990148,0.658506413,0.706465186,0.708495636,0.751708931,0.846986451,0.768494987,0.598386257,0.715124078,0.63034709,0.62408313,0.542796765,0.556447188,0.551828561,0.506856822,0.860064008,0.769976239,0.511663244,0.296068222,0.306280874,0.356210785,0.341472399,0.352619817,0.289502245,0.140893032,0.333212688,0.282545645,1,0.605008206,0.831123259,0.369346734,0.433288551,0.369498936,0.183757244,0.481850745,0.605435574,0.384808961,0.785508361,0.593015355,0.338798458,0.174638281,0.413081385,0.471540443,0.415466595,0.336099795,0.263266568,0.434095194,0.340862936,0.712342232,0.611671394,0.265212521,0.555853397,0.566285863,0.310443668,0.337363317,0.356300789,1,0.615129974
家計外消費支出,0.001104791,0.002532552,0.001123011,0.008842444,0.009214716,0.032832071,0,0,0.054344037,0.01051069,0.018468101,0.00340776,0.009929836,0.007633439,0.003346298,0,0.013888889,0.015864866,0.006643752,0.012934016,0.015505674,0.018220569,0.021587386,0.034911526,0.006132075,0.001211938,0.017418033,0.01822504,0.015194106,0.001341956,0.013238112,0.017064069,0.010277258,0.015348288,0.012558709,0.013508385,0.012827877,0.02088018,0.010943706,0.003681403,0.00817549,0.004285102,0.007949497,0.009286899,0.012513267,0.015705765,0.014390461,0.019681404,0.015171658,0.019640347,0.014039725,0.014735784,0.009031199,0.022657725,0.013731168,0.009787802,0.033958104,0.007756409,0.007488649,0.015877147,0.005617036,0.022341416,0.006968215,0.025227156,0.016161485,0.017739937,0.011864791,0.008322748,0.015270844,0.013008214,0.024684832,0.024240224,0.017259433,0.029546069,0.011038619,0.009821913,0,0.01753751,0.01767022,0,0.020302822,0.009677539,0.03661163,0.017465293,0.030106958,0.03219575,0.007101953,0.016986168,0.023001627,0.001729771,0.042465009,0.010372094,0.005483373,0.017513634,0.005914647,0.015547536,0.028170677,0.013445846,0.030750063,0.012194163,0.019088863,0.017126349,0.02065677,0.023569549,0.016206576,0.039747595,0.025327063,0.021019501,0,0.003178455
雇用者所得,0.045373004,0.080766372,0.059355227,0.350834003,0.238363033,0.189194376,0,0,0.198164,0.09616036,0.116712285,0.011144815,0.165398993,0.049524498,0.033919298,0,0.275462963,0.294809262,0.134530746,0.224512381,0.076081582,0.175268503,0.239226837,0.06097561,0.094025157,0.014240267,0.043032787,0.080824089,0.081923239,0.006155286,0.074435348,0.160216542,0.129383125,0.258559622,0.156320196,0.165430267,0.221137277,0.172422101,0.033349162,0.044176832,0.118908855,0.083988002,0.093289689,0.108847069,0.226166136,0.283846918,0.227437813,0.200391156,0.224002679,0.138815813,0.171717825,0.16288826,0.132183908,0.183866137,0.170949645,0.152014389,0.098676957,0.067559322,0.137112396,0.198854763,0.108484239,0.190589122,0.205256724,0.203580912,0.210276321,0.197555732,0.252020511,0.064701321,0.086072029,0.139168378,0.493634978,0.343355598,0.469229839,0.315902107,0.15172144,0.152335849,0,0.253833246,0.574099756,0,0.186828313,0.093635726,0.324479541,0.238572921,0.256796369,0.803203477,0.115498815,0.215929666,0.416722378,0.199115895,0.279951986,0.303458097,0.710558532,0.449275765,0.412840312,0.521061684,0.586886297,0.586993076,0.493368174,0.137253723,0.153836292,0.242379883,0.508118232,0.266244273,0.306158331,0.296400549,0.228301549,0.265394208,0,0.036624771
営業余剰,0.316539051,0.306741542,0.075830617,0.140323553,0.377938885,0.113080493,0,0,0.011116706,0.042899556,0.10284483,0.021032119,0.100517731,0.094113163,0.040916104,0,-0.203703704,-0.05981414,0.106237163,0.003942454,0.081172815,0.074177776,0.08754029,0.118842659,0.091194969,0.013634298,-0.030737705,-0.00792393,0.130757501,-0.010878125,0.18945596,-0.011843235,0.0385667,0.007083825,0.177047172,0.129494169,0.050737124,0.152746547,0.101169919,0.128693102,0.163509794,0.075132124,0.045125088,0.058879515,-0.02081448,0.005591451,0.069211266,0.151889255,0.000192817,-0.04812786,-0.03572936,-0.018849183,-0.032840722,-0.057946481,-0.029950685,0.003067654,-0.032194046,0.04812651,-0.003021803,0.041384695,0.072853789,0.014827785,0.04193154,0.089497211,0.059146669,0.056189643,0.101453886,-0.161778049,0.000667432,0.117258727,0.037132965,0.23359567,0.060331062,0.226647315,0.17994973,0.311094667,0.501783228,0.03188339,0.02619932,0,0.041823283,0.004136963,0.075735822,0.040901627,0.229346196,-0.032759176,0.249771036,0.10283165,0.106827958,0.014799154,0.049350002,0,0.0033314,0.002063288,0.049253686,0.033152339,0.01109115,0.047848665,-0.00919525,0.105579431,0.017350922,0.062101048,0.081639795,0.030714495,0.032566679,0.194355945,0.245980864,0.140749671,0,0.279994197
資本減耗引当,0.296007438,0.165414155,0.079199649,0.091941318,0.109424758,0.145179861,0,0,0.043304799,0.055004284,0.034614041,0.00411811,0.056100828,0.060891578,0.02009952,0,0.25462963,0.061713816,0.07268307,0.044957809,0.094663973,0.036023235,0.109404833,0.058584409,0.075471698,0.039842448,0.06352459,0.037242472,0.090301126,0.011473052,0.053591128,0.091662433,0.136098719,0.060212515,0.116806208,0.062090263,0.125981237,0.073964022,0.068187705,0.014788007,0.035089849,0.015093082,0.053542202,0.028740356,0.080330708,0.136058648,0.085451929,0.078056725,0.101168065,0.169663772,0.075023338,0.133778952,0.148604269,0.18458233,0.127765462,0.114970813,0.140132304,0.042008308,0.072596891,0.123893805,0.06916499,0.107141274,0.043031785,0.041488636,0.052732819,0.078346518,0.054697097,0.187216457,0.098059108,0.238429158,0.102087022,0.054144887,0.061951195,0.097600721,0.210286824,0.189048394,0.308289494,0.329231377,0.052766455,0,0.124516915,0.110626824,0.124910266,0.142110763,0.078213386,0.008612363,0.127147453,0.046067982,0.049503639,-0.008648856,0.024142773,0.343086402,0.096073129,0.106686582,0.063765303,-0.007622003,0.03352648,0.070357319,0.056130718,0.388496963,0.074047694,0.047554032,0.074310415,0.094570621,0.051479959,0.109097095,0.123088063,0.137629876,0,0.055669124
間接税（関税・輸入品商品税を除く。）,0.060599431,0.054091998,0.021241338,0.01954381,0.028660478,0.048061826,0,0,0.047449355,0.005051109,0.014835629,0.002994989,0.023132971,0.418607606,0.011364377,0,0.055555556,0.050623813,0.020958209,0.047032785,0.036084268,0.045551423,0.041101234,0.024390244,0.01163522,0.011816391,0.016393443,0.016640254,0.026805563,0.185124502,0.025024676,0.040119834,0.024535904,0.055489965,0.031039412,0.043337244,0.035420257,0.025698683,0.030046624,0.003213428,0.038408613,0.027710327,0.017769465,0.013641935,0.041729512,0.044383698,0.018981704,0.009204528,0.015242696,0.016433025,0.023029832,0.009044803,0.009031199,0.008333876,0.011061847,0.011685775,0.007717751,-0.012428642,0.017348251,0.021603332,0.028755869,0.034775478,0.078728606,0.097551826,0.105359429,0.106623517,0.106562644,0.04149826,0.033905545,0.037320329,0.046409599,0.039261799,0.035145482,0.017118262,0.094392561,0.051600809,0.049034246,0.041754409,0.049790767,0,0.033114511,-0.049163373,0.068916009,0.127720555,0.055498368,0.004990341,0.018652813,0.012767625,0.019230042,0.007495676,0.01112017,0.00428495,0.009921684,0.014866789,0.01550363,0.022393848,0.004250905,0.022162463,0.023958368,0.015626662,0.023376734,0.019191926,0.050343791,0.029096403,0.027311004,0.049996391,0.039963551,0.078933564,0,0.009403479
（控除）経常補助金,-0.128396412,-0.11492829,-0.025404695,-0.000150723,-0.070939766,-0.000314016,0,0,-3.87E-05,-0.014346345,-2.18E-05,-0.000220784,-0.000429777,-3.91E-05,-0.001216836,0,0,0,-2.10E-05,0,-1.22E-05,0,-3.08E-05,0,0,0,0,0,0,-0.002287294,0,-1.75E-05,-1.20E-05,0,0,-1.73E-05,0,0,0,-1.56E-05,0,0,0,0,-3.35E-05,0,0,-1.45E-05,-1.01E-05,-1.80E-05,-2.46E-05,-1.17E-05,0,0,-2.26E-05,-2.21E-05,0,-8.36E-06,-1.94E-05,0,0,-2.22E-05,0,-0.000142506,-0.000123911,-0.008283908,-0.03345575,-2.47E-05,-0.003951197,-0.056848049,-1.76E-05,-0.000879052,-0.000127797,-0.028286873,-8.99E-06,-0.003403877,0,-0.007452619,-0.003072164,0,-0.011594049,-3.69E-05,0,-5.97E-05,-0.019460212,0,-2.28E-05,-1.87E-05,-9.46E-05,0,-4.53E-05,0,-6.40E-06,-0.003487443,-0.018818021,0,-2.53E-05,-0.004073937,-0.029107267,-1.39E-05,-4.27E-05,-2.46E-05,-0.000281523,-4.87E-05,-8.41E-06,-4.12E-05,-2.44E-05,-2.76E-05,0,0
粗付加価値部門計,0.591227303,0.494618328,0.211345148,0.611334405,0.692662104,0.528034611,0,0,0.354340163,0.195279654,0.287453047,0.04247701,0.354650582,0.630731188,0.108428761,0,0.395833333,0.363197618,0.341031982,0.333379444,0.303496102,0.349241506,0.498829785,0.297704448,0.278459119,0.080745342,0.109631148,0.145007924,0.344981536,0.190929377,0.355745224,0.297202123,0.338849715,0.396694215,0.493771697,0.413843075,0.446103772,0.445711532,0.243697116,0.194537173,0.364092602,0.206208637,0.217675941,0.219395775,0.339891626,0.485586481,0.415473172,0.459208527,0.355767767,0.296407078,0.248056713,0.301586931,0.266009852,0.341493587,0.293534814,0.291504364,0.248291069,0.153013549,0.231505013,0.401613743,0.284875922,0.36965291,0.37591687,0.457203235,0.443552812,0.448171439,0.493143178,0.139935992,0.230023761,0.488336756,0.703931778,0.693719126,0.643789215,0.658527601,0.647380183,0.710497755,0.859106968,0.666787312,0.717454355,0,0.394991794,0.168876741,0.630653266,0.566711449,0.630501064,0.816242756,0.518149255,0.394564426,0.615191039,0.214491639,0.406984645,0.661201542,0.825361719,0.586918615,0.528459557,0.584533405,0.663900205,0.736733432,0.565904806,0.659137064,0.287657768,0.388328606,0.734787479,0.444146603,0.433714137,0.689556332,0.662636683,0.643699211,0,0.384870026
県内生産額,1,1,1,1,1,1,0,0,1,1,1,1,1,1,1,0,1,1,1,1,1,1,1,1,1,1,1,1,1,1,1,1,1,1,1,1,1,1,1,1,1,1,1,1,1,1,1,1,1,1,1,1,1,1,1,1,1,1,1,1,1,1,1,1,1,1,1,1,1,1,1,1,1,1,1,1,1,1,1,1,1,1,1,1,1,1,1,1,1,1,1,1,1,1,1,1,1,1,1,1,1,1,1,1,1,1,1,1,1,1