部門名,耕種農業,畜産,農業サービス,林業,水産業,金属鉱物,石炭・石油・ガス,非金属鉱物,食肉・畜産食料品,水産食料品,精穀・製粉,めん・パン・菓子類,その他の食料品,飲料・たばこ,飼料・有機質肥料（別掲を除く。）,繊維工業製品,衣服・その他の繊維製品,木材・木製品,家具・装備品,パルプ・紙・板紙・加工紙,紙加工品,印刷・製版・製本,化学肥料,無機化学工業製品,有機化学工業製品,合成樹脂・化学繊維,医薬品,化学最終製品（医薬品を除く。）,石油・石炭製品,プラスチック製品,ゴム製品,なめし革・毛皮・同製品,ガラス・ガラス製品,セメント・セメント製品,陶磁器・その他の窯業・土石製品,銑鉄・粗鋼,鉄屑,鋼材,鋳鍛造品・その他の鉄鋼製品,非鉄金属精錬・精製,非鉄金属屑,非鉄金属加工製品,建設・建築用金属製品,その他の金属製品,はん用機械,生産用機械,業務用機械,電子デバイス,その他の電子部品,産業用電気機械,民生用電気機器,電子応用装置・電気計測器,その他の電気機械,通信機械・同関連機器,電子計算機・同附属装置,自動車,船舶・同修理,その他の輸送機械・同修理,その他の製造工業製品,再生資源回収・加工処理,建築,建設補修,土木,電力,ガス・熱供給,水道,廃棄物処理,卸売,小売,金融・保険,不動産仲介及び賃借,住宅賃貸料,住宅賃貸料（帰属家賃）,鉄道輸送,道路輸送（自家輸送を除く。）,自家輸送,水運,航空輸送,貨物利用運送,倉庫,運輸附帯サービス,郵便・信書便,通信,放送,情報サービス,公務,教育,研究,医療・保健衛生,社会保険・社会福祉,介護,その他の非営利団体サービス,物品賃借サービス,広告,自動車整備・機械修理,その他の対事業所サービス,宿泊業,飲食サービス,洗濯・理容・美容・浴場業,娯楽サービス,その他の対個人サービス,事務用品,分類不明
耕種農業,0.015959,0.067308,0.008914,0.001708,0,0,0,0,0.000301,0.000155,0.785429,0.012,0.060491,0.003311,0.255713,0.009101,0.000452,0.000029,0,0.000532,0.000045,0,0,0,0,0,0.003716,0.001643,0,0,0.02581,0,0,0,0.000136,0,0,0,0,0,0,0.000011,0,0,0,0,0,0,0,0,0,0,0,0,0,0,0,0,0.003835,0,0.000637,0.000007,0.001903,0,0,0,0,0,0.00022,0,0.000001,0,0.000003,0,0,0,0,0,0,0,0.000086,0,0,0,0,0.000003,0.000307,0,0.000395,0.005459,0.00376,0.001885,0.000072,0,0,0.000001,0.017896,0.020873,0.000061,0.001641,0.006309,0,0
畜産,0.009681,0.048537,0.024042,0.000183,0,0,0,0,0.577656,0.000001,0,0.002701,0.012757,0,0.006872,0.00139,0.000079,0,0,0,0,0,0.000539,0,0,0,0.000015,0,0,0,0,0.002218,0,0,0,0,0,0,0,0,0,0,0,0,0,0,0,0,0,0,0,0,0,0,0,0,0,0,0.000027,0,0,0,0,0,0,0,0,0,0,0,0,0,0,0,0,0,0,0,0,0,0.000011,0,0,0,0,0,0.000005,0.001241,0.000052,0.000797,0.000655,0,0,0,0,0,0.002868,0.005408,0,0.000001,0.000234,0,0
農業サービス,0.051324,0.090738,0,0.000188,0,0,0,0,0,0,0,0,0,0,0,0,0,0,0,0,0,0,0,0,0,0,0,0,0,0,0,0,0,0,0,0,0,0,0,0,0,0,0,0,0,0,0,0,0,0,0,0,0,0,0,0,0,0,0,0,0,0,0,0,0,0,0,0,0,0,0,0,0,0,0,0,0,0,0,0,0,0,0,0,0,0,0.001133,0,0,0,0,0,0,0,0,0,0,0,0,0.000898,0,0,0
林業,0.000151,0,0,0.1652,0.00007,0,0,0.000023,0,0.000052,0,0.000107,0.001342,0,0.001076,0.000006,0,0.20087,0.000013,0.000438,0.000003,0,0,0.000083,0,0,0,0.000334,0,0,0,0.000505,0,0,0,0,0,0,0.000001,0,0,0,0,0,0,0,0,0,0,0,0,0,0,0,0,0,0.000051,0,0.000126,0,0.00001,0.000032,0.000055,0,0,0,0,0,0,0,0,0,0,0,0,0,0,0,0,0,0,0,0,0,0,0,0,0,0.000004,0.000221,0.000183,0,0,0,0,0,0.001729,0.00195,0,0,0.000146,0,0
水産業,0,0,0,0,0.020041,0,0,0,0,0.341378,0,0.000129,0.001566,0,0.001258,0.000001,0,0,0,0,0,0,0.000036,0,0,0,0.00012,0,0,0,0,0,0,0,0,0,0,0,0,0,0,0,0,0,0,0,0,0,0,0,0,0,0,0,0,0,0,0,0.002073,0,0,0,0,0,0,0,0,0,0,0,0,0,0,0,0,0,0,0,0,0,0.000009,0,0,0,0,0.000001,0,0,0.000093,0.001466,0.001231,0,0,0,0,0,0.005947,0.009204,0,0.000015,0.000486,0,0
金属鉱物,0,0,0,0,0,0,0,0,0,0,0,0,0,0,0,0,0,0,0,0,0,0,0.000306,0.004958,0,0,0,0,0,0,0,0,0.000003,0.000068,0.000538,0,0,0,0,0.23213,0,0,0,0,0,0,0,0,0,0,0,0,0,0,0,0,0,0,0,0,0,0,0,0,0,0,0,0,0,0,0,0,0,0,0,0,0,0,0,0,0,0,0,0,0,0,0,0,0,0,0,0,0,0,0,0,0,0,0,0,0,0,0
石炭・石油・ガス,0,0,0,0,0,0,0,0,0.000003,0,0,0.000268,0.000027,0,0,0.000007,0,0.000005,0,0.012173,0.000381,0,0.068924,0.000969,0.002173,0.001234,0.000036,0.00013,0.002512,0.000002,0.000245,0,0.000118,0.046346,0.00706,0,0,0.005271,0.000116,0.000193,0,0.000154,0.000088,0.000218,0.000139,0.000031,0,0,0.000122,0.000053,0,0,0.000212,0,0.00007,0.000062,0,0,0,0.00007,0,0,0,0.030118,0.302301,0,0,0,0,0,0,0,0,0.000004,0,0,0,0,0.000208,0,0,0,0,0,0,0,0,0.000127,0,0,0,0,0,0,0.000001,0,0,0,0,0,0,0,0
非金属鉱物,0,0,0,0.002161,0,0,0,0.00225,0,0,0,0,0,0,0,0.000001,0,0.000001,0,0.002879,0.000043,0,0.004583,0.0009,0.003083,0,0.000097,0.000056,0.053316,0,0.000181,0,0.043312,0.081718,0.074402,0,0,0,0.000172,0.000169,0,0.00006,0.000041,0.000009,0.000011,0.000064,0.000045,0,0,0,0,0,0,0,0,0,0,0,0.000562,0,0.001703,0.000236,0.013158,-0.000001,0,0,0,0,0,0,0,0,0,0,0,0,0,0,0,0,0,0,0,0,0,0.000001,0,0,0,0,0,0,0,0,0,0,-0.000048,-0.000027,0,0.00002,0.000068,0,0.000106
食肉・畜産食料品,0,0.000388,0,0,0,0,0,0,0.05772,0.000002,0,0.028049,0.036141,0.012489,0.013982,0,0.000669,0,0,0.00096,0,0,0,0,0,0,0.002761,0.003767,0,0,0,0.007985,0,0,0,0,0,0,0,0,0,0,0,0,0,0,0,0,0,0,0,0,0,0,0,0,0,0,0.0013,0,0,0,0,0,0,0,0,0,0,0,0,0,0,0,0,0,0,0,0,0,0.000064,0,0,0,0,0.000041,0.000036,0,0.000338,0.004615,0.003494,0,0,0,0,0,0.023756,0.051063,0,0.000013,0.002135,0,0
水産食料品,0,0,0,0,0.026354,0,0,0,0.000119,0.033878,0,0.002622,0.011626,0,0.008656,0.000002,0,0,0,0,0,0,0,0,0,0,0.00002,0,0,0,0,0,0,0,0,0,0,0,0,0,0,0,0,0,0,0,0,0,0,0,0,0,0,0,0,0,0,0,0,0,0,0,0,0,0,0,0,0,0,0,0,0,0,0,0,0,0,0,0,0,0.000014,0,0,0,0,0.000009,0.000011,0,0.00021,0.004136,0.003138,0,0,0,0,0,0.01308,0.022976,0,0.000006,0.000977,0,0
精穀・製粉,0,0.000978,0,0.004373,0,0,0,0,0.000001,0.000031,0.000593,0.065205,0.036112,0.024815,0.025829,0.000002,0,0.00142,0,0,0,0,0,0,0,0,0,0.00001,0,0,0,0,0,0,0.000006,0,0,0,0,0,0,0,0,0,0,0,0,0,0,0,0,0,0,0,0,0,0,0,0.000002,0,0,0,0,0,0,0,0,0,0,0,0,0,0,0,0,0,0,0,0,0,0.000035,0,0,0,0,0.000003,0,0,0.000166,0.002993,0.002474,0.000721,0,0,0,0,0.011303,0.013274,0,0,0.000883,0,0
めん・パン・菓子類,0,0,0,0,0,0,0,0,0,0,0,0.015389,0.001891,0,0,0,0,0,0,0,0,0,0,0,0,0,0,0,0,0,0,0,0,0,0,0,0,0,0,0,0,0,0,0,0,0,0,0,0,0,0,0,0,0,0,0,0,0,0,0,0,0,0,0,0,0,0,0,0,0,0,0,0,0,0,0,0,0,0,0,0.000042,0,0,0,0,0.000042,0,0,0.000088,0.001586,0.001314,0.000712,0,0,0,0,0.006641,0.020374,0,0,0.000532,0,0
その他の食料品,0,0.009376,0,0.005742,0.000982,0,0,0,0.008656,0.01645,0.000086,0.111592,0.14586,0.024187,0.218451,0.000027,0,0,0,0.002575,0.000024,0,0.000125,0.0001,0,0.000567,0.006843,0.009005,0,0.000015,0.000004,0.000169,0.000021,0,0.002835,0,0,0,0.000013,0,0,0,0,0,0,0,0,0,0,0,0,0,0,0,0,0,0,0,0.000003,0,0,0,0,0,0,0,0,0,0,0,0,0,0,0,0,0,0,0,0,0,0.000057,0,0,0,0,0.000127,0,0,0.000711,0.00775,0.006038,0,0,0,0,0,0.026465,0.048998,0,0,0.002282,0,0
飲料・たばこ,0,0.000042,0.000006,0,0.012552,0,0,0,0.00156,0.000423,0,0.001144,0.001659,0.025894,0,0,0,0,0,0,0,0,0,0,0,0,0.000044,0.000006,0,0,0,0,0,0,0,0,0,0,0,0,0,0,0,0,0,0,0,0,0,0,0,0,0,0,0,0,0,0,0,0,0,0,0,0,0,0,0,0.000185,0.000065,0,0,0,0,0,0,0,0,0,0,0,0.000237,0,0,0,0,0.000025,0,0,0.000205,0.002287,0.001818,0,0,0,0,0.000011,0.025808,0.067611,0,0,0.001597,0,0.001298
飼料・有機質肥料（別掲を除く。）,0.006848,0.357224,0.015783,0.000129,0.017499,0,0,0,-0.000012,0,0,0,0,0,0.005653,-0.000003,0,0,0,0,0,0,0.000289,0,0,0,0,0,0,0,0,0,0,0,0,0,0,0,0,0,0,0,0,0,0,0,0,0,0,0,0,0,0,0,0,0,0,0,0,0,0,0,0.000037,0,0,0,0,0,0.00007,0,0,0,0,0,0,0,0,0,0,0,0,0,0,0,0,0,0.000612,0.003405,0.00001,0.00007,0.000017,0,0,0,0,0,0,0,0,0.000563,0,0,0
繊維工業製品,0.000187,0.000018,0.00024,0.002829,0.011864,0,0,0.000016,0.000003,0,0,0,0,0,0,0.0847,0.19597,0.000423,0.005602,0.003075,0.003716,0.000626,0.000944,0,0,0,0,0.000155,0,0.000762,0.024425,0.019649,0.004221,0.000006,0.001203,0,0,0,0.000022,0,0,0.000204,0.000075,0.000273,0.00003,0.001465,0.000278,0.002277,0.000064,0,0.00298,0,0,0.000084,0,0.000868,0.003641,0.000819,0.001386,0.000034,0.000339,0.001861,0.000118,0,0,0.000073,0.000071,0.000236,0.000285,0.000006,0.000002,0,0,0.000258,0.00006,0.000012,0.003828,0.000047,0.001111,0.000372,0.000494,0.00005,0.000001,0.000006,0.00027,0.000045,0.000004,0,0.00012,0.000064,0.000059,0.000124,0.000157,0,0.00001,0.000426,0.000584,0.000001,0.000174,0.001854,0.000867,0.013631,0.000285
衣服・その他の繊維製品,0.003555,0.000762,0.000876,0.000872,0.006829,0,0,0.003775,0.000417,0.000666,0.000176,0.001235,0.000979,0.000544,0.000059,0.001424,0.002887,0.002039,0.001565,0.001559,0.002294,0.000307,0.003275,0.000147,0.00398,0.00202,0.001,0.000918,0.000259,0.000218,0.00189,0.001352,0.005798,0.000992,0.001973,0,0,0.000303,0.000891,0.000061,0,0.000549,0.001044,0.000989,0.001344,0.000951,0.001019,0.003941,0.003557,0.002291,0.006725,0.001013,0.00224,0.004256,0.001458,0.001912,0.001371,0.000308,0.002954,0.001564,0.002628,0.00152,0.001195,0.000116,0.000225,0.000434,0.003239,0.003565,0.003893,0.001394,0.000228,0.000018,0,0.001187,0.001279,0.000351,0.005239,0.001444,0.000589,0.001113,0.002255,0.002305,0.0005,0.001019,0.001283,0.006229,0.000199,0.000432,0.001688,0.005469,0.002669,0.022941,0.002529,0.000081,0.000815,0.002272,0.009014,0.000643,0.005397,0.003763,0.005076,0.002646,0.00045
木材・木製品,0.000039,0.000995,0.000087,0.006903,0.001541,0,0,0.000513,0.000109,0.000361,0,0.000157,0.000229,0.000798,0.010282,0.000037,0.000096,0.181715,0.092873,0.060531,0.005033,0.000066,0.000409,0,0,0,0.000008,0.000606,0,0.000116,0.000055,0.005139,0.010519,0.000191,0.004337,0,0,0.000019,0.000082,0,0,0.000773,0.000897,0.000589,0.000219,0.000151,0.001006,0.000075,0.000202,0.0002,0.000513,0.000079,0.00012,0.000075,0.000052,0.000105,0.006378,0.00265,0.013915,0,0.057158,0.013854,0.002436,0.000385,0.000005,0,0.000013,0.001027,0.000336,0.000072,0,0.000001,0.000003,0.000004,0.000001,0,0.000209,0.000004,0.000002,0.000614,0.007788,0.000048,0.000035,0.000141,0.000052,0.000011,0.000031,0.000074,0.000016,0.000028,0.000022,0.000118,0.000037,0,0.000077,0.000385,0.000235,0.000871,0.000304,0.000448,0.000775,0,0.00002
家具・装備品,0,0,0.000023,0.000544,0.000368,0,0,0.000952,0.000148,0.000191,0.000031,0.000242,0.000277,0.000284,0.000015,0.000254,0.000185,0.0003,0.020059,0.001106,0.00126,0.000302,0.000227,0.001034,0.000468,0.000896,0.001547,0.000909,0.000084,0.000686,0.001159,0.000493,0.001014,0.000506,0.001959,0,0,0.000126,0.000747,0.000075,0,0.00042,0.000256,0.000209,0.00034,0.000489,0.000562,0.001392,0.001039,0.000999,0.001639,0.000978,0.001131,0.002789,0.00227,0.00031,0.008581,0.001337,0.003198,0.00014,0.011774,0.020284,0.000073,0.00045,0.000696,0.001374,0.005924,0.001409,0.001021,0.002721,0.000331,0.001222,0.000166,0.00032,0.00046,0,0.002161,0.000572,0.000499,0.002971,0.003477,0.000415,0.002714,0.000751,0.003756,0.001586,0.00207,0.002819,0.001698,0.008005,0.003199,0.013717,0.001423,0.000095,0.000205,0.00209,0.003308,0.002731,0.000934,0.005884,0.003388,0,0.000174
パルプ・紙・板紙・加工紙,0.000023,0,0.000162,0,0.000078,0,0,0,0.000019,0.000076,0,0.000443,0,0.000002,0.000029,0.000434,0.00072,0.008039,0.011122,0.334711,0.344036,0.115797,0,0.00069,0,0,0.002212,0.000549,0,0.003053,0.004074,0.000855,0.000974,0,0.001345,0,0,0.000003,0.000014,0,0,0.000885,0.000092,0.000575,0.000187,0.000302,0.000372,0.001244,0.00396,0.002237,0.00226,0.000171,0.000136,0.00208,0.00209,0.000107,0.000001,0.000001,0.004745,0.000119,0.003471,0.002161,0.000001,0,0,0,0.000276,0.000002,-0.001073,0.000394,0,0,0.000069,0,0.000301,0,0.000076,0.000083,0.006031,0.005581,0.006188,0,0.000126,0.000001,0.034494,0.000211,0.001945,0.003335,0.000081,0.001176,0.000947,0.001813,0,0,0.00017,0.004416,0.001136,0,0.000591,0.000612,0.000089,0.136054,0.001222
紙加工品,0.018214,0.001626,0.046754,0.003261,0.000541,0,0,0,0.005466,0.006959,0.00057,0.01403,0.011403,0.021895,0.001299,0.00169,0.001064,0.000478,0.009157,0.002142,0.007479,0.001149,0.003884,0.000371,0,0.002942,0.019787,0.003509,0.000058,0.001857,0.001257,0.014067,0.001616,0.006363,0.009418,0,0,0,0.000032,0,0,0.000081,0.000087,0.003206,0.000802,0.000332,0.003779,0.000864,0.00269,0.003686,0.007645,0.000574,0.000479,0.001141,0.000847,0.000115,0.000027,0.000214,0.003893,0.001171,0.000015,0.001887,0,0,0,0.000147,0.000694,0.006776,0.006261,0.001414,0.000024,0,0,0.000222,0.000499,0,0.0013,0.000386,0.00032,0.00588,0.009507,0.000421,0.00025,0.000302,0.000871,0.000235,0.000713,0.000945,0.000863,0.006156,0.00515,0.001702,0.00001,0.000088,0.000003,0.002057,0.000708,0.002747,0.000421,0.00054,0.001185,0.265119,0.000744
印刷・製版・製本,0.000075,0,0.000109,0.000205,0.000336,0,0,0.000291,0.004111,0.002789,0.005679,0.010751,0.009171,0.001827,0.000056,0.000098,0.000993,0.00103,0.003271,0.000382,0.040725,0.051336,0.000732,0.000884,0.000202,0.000173,0.002369,0.003337,0.000241,0.00028,0.000976,0.000122,0.005944,0.000122,0.000268,0,0,0.000024,0.001338,0.000174,0,0.000838,0.000318,0.003304,0.001517,0.000932,0.007756,0.005833,0.001879,0.001659,0.015531,0.001914,0.000026,0.006503,0.004131,0.001363,0.001077,0.003045,0.004278,0.002883,0.000464,0.00084,0.000503,0.000856,0.003375,0.001659,0.005842,0.004431,0.007537,0.017694,0.000217,0.000034,0,0.001571,0.001892,0,0.001832,0.000503,0.005279,0.001364,0.006816,0.009334,0.007615,0.002835,0.020443,0.010471,0.008381,0.026258,0.002265,0.009496,0.001607,0.039151,0.001128,0.007814,0.001136,0.005959,0.000542,0.000518,0.002017,0.012353,0.00376,0,0.000092
化学肥料,0.047179,0,0.000308,0.000833,0,0,0,0,0,0.000052,0,0,0,0.000099,0.000008,0.000004,0.000001,0.000008,0,0.000002,0.000001,0.000003,0.180818,0.002251,0.002932,0.021008,0.00107,0.006467,0,0,0.000071,0.000004,0.000009,0,0.000367,0,0,0.000015,0,0.000009,0,0,0,0,0,0.00001,0,0,0.000005,0,0,0,0.000097,0,0,0,0,0,0.00001,0,0,0,0.000381,0.000015,0.000069,0,0,0,0,0,0.000003,0,0,0,0,0,0,0,0,0.000012,0,0,0,0,0,0.000007,0,0,0,0,0,0,0,0,0,0,0,0,0,0.000153,0.000632,0,0.000352
無機化学工業製品,0.000875,0.000342,0.000481,0.000282,0.000491,0,0,0.000091,0.001339,0.000991,0,0.005165,0.001589,0.00181,0.00046,0.005947,0.000138,0.000223,0.000376,0.013264,0.003251,0.000011,0.074366,0.150549,0.232613,0.012637,0.027131,0.059895,0.000291,0.004058,0.019361,0.000435,0.017911,0.000404,0.003025,0,0,0.000945,0.000936,0.001087,0,0.000213,0.006693,0.000938,0.000834,0.00075,0.000468,0.007415,0.002264,0.000848,0.000923,0.002435,0.001712,0.004296,0.001342,0.00012,0.001692,0.000307,0.001606,0.00046,0.000106,0.000254,0.000676,0.000001,0.000006,0.008724,0.010899,0,0,0,0,0,0,0.000012,0.000052,0,0,0,0,0.000727,0.000263,0,0,0,0.000008,0.000242,0.000008,0.003598,0.00052,0.000267,0.000225,0,0,0.000046,0.000361,0,0.000077,0.000159,0.001721,0.000044,0.000057,0,0.00182
有機化学工業製品,0,0,0.000125,0.000054,0,0,0,0.000045,0.001933,0.000967,0,0.002726,0.001442,0.002159,0.00095,0.009284,0.000017,0.001797,0.001127,0.022608,0.001388,0.000732,0.024227,0.002859,0.215529,0.618782,0.059518,0.214584,0.00128,0.027884,0.092271,0.000061,0.020949,0.000197,0.004574,0,0,0,0.000017,0.000527,0,0.000749,0.00013,0.000117,0.000299,0.00002,0.000561,0.004292,0.001288,0.001744,0.005537,0.000488,0.000195,0.00042,0.000023,0.000091,0.000204,0.000003,0.000328,0,0.000052,0.000182,0,0,0.000206,0.000052,0,0,0,0,0,0,0,0,0,0,0,0,0,0.000051,0.000436,0.000003,0,0,0.000035,0.000003,0.000353,0.00515,0.000425,0.000012,0.00007,0,0.000001,0,0.000304,0,0,0,0.000693,0,0.000093,0,0.001159
合成樹脂・化学繊維,0,0,0,0,0,0,0,0,0,0,0,0.000122,0,0,0,0.062591,0.008354,0.000234,0.002293,0.010957,0.00798,0.000511,0,0,0,0.00481,0,0.023493,0.000775,0.137758,0.000777,0.00735,0.00023,0,0.001514,0,0,0.000005,0,0,0,0.000716,0.000015,0.000201,0.000004,0.000175,0.002667,0.00262,0.002345,0.00632,0.007437,0,0.004408,0.002116,0.001114,0.000699,0.005271,0.000111,0.003231,0,0,0,0,0,0,0,0,0,0,0,0,0,0,0,0,0,0,0,0,0,0,0,0,0,0.000002,0,0,0,0.000106,0,0.000015,0,0,0,0,0,0,0,0,0,0,0,0.003273
医薬品,0,0.011825,0.012476,0,0.002941,0,0,0,0.000014,0.000005,0,0.000507,0.000268,0,0.001497,0,0.00001,0,0,0,0,0,0,0,0,0,0.037138,0.000031,0,0,0,0,0,0,0,0,0,0,0,0,0,0,0,0,0,0,0,0,0,0,0,0,0,0,0,0,0,0,0,0.000035,0,0,0,0,0,0.000026,0.010902,0,0,0,0,0,0,0,0.000015,0,0.000056,0.000002,0,0,0,0.000965,0,0,0.000001,0.000289,0.000064,0.000449,0.165553,0.009266,0.003873,0,0,0,0,0,0.000018,0,0,0.000018,0.000003,0,0.003124
化学最終製品（医薬品を除く。）,0.034207,0.002044,0.00703,0.004406,0.002276,0,0,0.011983,0.000504,0.000173,0.000022,0.004031,0.001229,0.001438,0.000009,0.009107,0.001583,0.028587,0.021958,0.025231,0.014161,0.031036,0.004394,0.004617,0.020584,0.015874,0.013564,0.167514,0.034194,0.006008,0.013998,0.008191,0.001465,0.004558,0.026482,0,0,0.000559,0.003804,0.000056,0,0.003407,0.009711,0.005517,0.003049,0.004256,0.013282,0.002011,0.004097,0.00388,0.004065,0.003589,0.006262,0.007498,0.00357,0.006508,0.015496,0.003994,0.011142,0.000219,0.004659,0.006581,0.001724,0.00004,0.001869,0.000526,0.005065,0.00001,0.000015,0.00002,0.00001,0.000025,0.000029,0.000065,0.000408,0.000108,0.000262,0.000172,0.000149,0.000283,0.000687,0.000009,0,0.000626,0.004175,0.000745,0.000031,0.006635,0.001793,0.00299,0.002856,0.002251,0.002766,0.000983,0.006281,0.003074,0.003137,0.002183,0.019838,0.001858,0.007683,0.011434,0.003171
石油・石炭製品,0.027268,0.008469,0.012713,0.079392,0.088918,0,0,0.134763,0.001598,0.00606,0.001266,0.004625,0.012377,0.007535,0.018831,0.010248,0.00125,0.011682,0.00575,0.016879,0.009967,0.007952,0.098111,0.021248,0.015251,0.001934,0.004539,0.016729,0.328232,0.001554,0.006588,0.007808,0.043258,0.032789,0.05378,0,0,0.019407,0.016854,0.014838,0,0.005987,0.008076,0.010375,0.00449,0.003406,0.004398,0.00744,0.002641,0.003413,0.002375,0.001325,0.008606,0.00165,0.002021,0.002417,0.003104,0.004599,0.00614,0.017454,0.008388,0.010853,0.039696,0.037382,0.103751,0.017168,0.041292,0.009328,0.009114,0.002722,0.0048,0.001855,0.000009,0.00785,0.115324,0.34638,0.138686,0.162098,0.047522,0.003687,0.005071,0.010979,0.001099,0.001698,0.004258,0.016448,0.006396,0.009943,0.005541,0.006484,0.010667,0.008036,0.004859,0.001338,0.006569,0.00457,0.009491,0.014745,0.021659,0.020684,0.011573,0,0.050879
プラスチック製品,0.005908,0.001264,0.00536,0.014075,0.01491,0,0,0.000218,0.002485,0.011992,0.001358,0.012501,0.016038,0.019853,0.000072,0.002353,0.002845,0.007425,0.02936,0.013085,0.080776,0.05008,0.00909,0.001906,0,0.006527,0.035316,0.014403,0,0.185065,0.061142,0.021999,0.041616,0.000325,0.00374,0,0,0,0.00029,0.000614,0,0.001798,0.001564,0.003257,0.004134,0.013503,0.037926,0.025566,0.012068,0.026338,0.043421,0.004687,0.037105,0.042509,0.038072,0.028882,0.007001,0.005133,0.038587,0.002476,0.008961,0.014232,0.009804,0,0,0.021743,0.003652,0.001403,0.008787,0.003332,0.000678,0.001265,0.000433,0,0.000424,0.00003,0.000428,0.000581,0.002362,0.004826,0.003527,0,0.000029,0.001046,0.007683,0.001394,0.000176,0.010198,0.001155,0.000132,0.00027,0.002401,0.000348,0.000818,0.006298,0.001258,0.001894,0.00079,0.003309,0.005158,0.000993,0.040003,0.007661
ゴム製品,0.001006,0.000404,0.002998,0.00274,0.00126,0,0,0.003177,0.00012,0.000211,0.000014,0.000182,0.000428,0.000172,0.000027,0.000173,0.001091,0.000421,0.001392,0.000784,0.000785,0.000558,0.001074,0.000029,0.002161,0.000725,0.00126,0.00011,0.000753,0.000534,0.064899,0.100805,0.000595,0.003781,0.002281,0,0,0.000438,0.000152,0.000028,0,0.000133,0.002636,0.000849,0.010743,0.008989,0.00894,0.006572,0.000759,0.010263,0.0095,0.000753,0.005156,0.017776,0.00225,0.015378,0.00744,0.017451,0.003642,0.004659,0.000183,0.000197,0.003016,0,0,0.000608,0.020654,0.000088,0.000119,0.000008,0,0,0,0.000086,0.002119,0.007716,0.003827,0,0.001057,0.000742,0.000068,0.000417,0.00023,0.000011,0.000055,0.000776,0.000075,0.000218,0.000997,0.001308,0.001326,0.004873,0.000444,0.000002,0.041266,0.000073,0.001386,0.000147,0.000445,0.000986,0.000962,0.010051,0.000601
なめし革・毛皮・同製品,0.000055,0.000006,0.000006,0.000178,0.000315,0,0,0.002239,0.000007,0.000014,0.000004,0.000038,0.000034,0.000006,0.000001,0.000076,0.001078,0.000363,0.000794,0.000085,0.000065,0.000073,0.000099,0.000025,0.000013,0.000009,0.000008,0.000539,0.000691,0.000053,0.000558,0.288905,0.000002,0.000127,0.000246,0,0,0.000003,0.000157,0.000002,0,0.000055,0.000436,0.000039,0.00003,0.000492,0.001474,0.000308,0.000183,0.000076,0.000017,0.000227,0.000001,0.000873,0.000022,0.000105,0.000101,0.000121,0.002245,0.000065,0.000003,0.000012,0.00002,0.000012,0.002047,0.000058,0.000223,0.000065,0.000094,0.000135,0.000001,0,0,0.000097,0.000029,0,0.000029,0.000003,0.000007,0.000022,0.000036,0.000712,0.002654,0.000308,0.000217,0.000406,0.000058,0.000337,0.000033,0.000077,0.000039,0.001367,0.000579,0.000002,0.00001,0.000062,0.000523,0.000017,0.000383,0.000186,0.001302,0,0.001484
ガラス・ガラス製品,0,0,0,0.000493,0,0,0,0,0.00023,0.001174,0,0.000012,0.001303,0.010788,0,0.000249,0.000185,0.000064,0.017642,0.000283,0,0.000006,0.000007,0.000404,0,0.000017,0.00739,0.001246,0,0.004137,0.001057,0,0.041781,0.000015,0.000981,0,0,0,0,0,0,0.000009,0.000263,0.000902,0.00009,0.000226,0.011456,0.001509,0.00799,0.000235,0.002473,0.001143,0.008662,0.00055,0.000145,0.010486,0.001034,0.009226,0.005871,0.000021,0.003292,0.001704,0.000054,0,0,0.000016,0.000077,0.000018,0.000132,0.000004,0,0,0,0.000003,0.000018,0,0.000133,0.00003,0.000002,0,0,0,0,0,0.000003,0.000147,0.00039,0.001623,0.000392,0.000194,0.000209,0.000241,0,0.000004,0.004109,0.000005,0.000763,0.000354,0.000091,0.000539,0.000105,0,0.001704
セメント・セメント製品,0,0,0,0.000525,0,0,0,0.000035,0,0,0,0,0,0,0,0,0,0.000008,0,0,0,0,0,0,0,0,0,0.000027,0.000239,0,0,0,0,0.093965,0.001801,0,0,0,0,0,0,0,0.000006,0.000119,0.000001,0,0,0,0,0,0,0,0,0,0,0,0,0.00001,0.000226,0,0.020655,0.030122,0.052277,0,0.000007,0,0.000174,0,0,0,0.000001,0.000043,0.000107,0,0,0,0,0,0,0,0,0,0,0,0,0,0,0.000044,0,0,0,0,0,0,0,0,0,0,0,0,0,0,0.001505
陶磁器・その他の窯業・土石製品,0.003477,0.001421,0.003751,0.00022,0.000062,0,0,0,0.000001,0,0,0.000137,0.000174,0.00064,0.001865,0,0,0.000175,0.002362,0.003285,0.000087,0.000016,0.004156,0.004976,0.00206,0.000171,0.001136,0.000691,0.011509,0.000156,0.000335,0.000004,0.006191,0.01482,0.026671,0,0,0.00027,0.010833,0.001198,0,0.002294,0.003649,0.002781,0.008056,0.004335,0.002643,0.020105,0.068861,0.006582,0.001804,0.001331,0.007541,0.004657,0.001314,0.001917,0.001594,0.001548,0.001062,0.000073,0.011928,0.015355,0.007912,0.00006,0.000043,0.003124,0.00067,0.000122,0.000141,0.000005,0,0,0,0,0.00002,0,0.000149,0,0.000012,0.000001,0.000011,0,0,0,0.00002,0.000192,0.001158,0.000013,0.000206,0.001004,0.000691,0.000161,0,0,0.000159,0.000015,0.001261,0.00133,0.000038,0.000737,0.000783,0.005658,0.004115
銑鉄・粗鋼,0,0,0,0,0,0,0,0,0,0,0,0,0,0,0,0,0,0,0,0,0,0,0,0,0,0,0,0.000007,0,0,0,0,0,0,0,0,0,0.588895,0.091116,0,0,0.000007,0,0.000003,0,0,0,0,0,0,0,0,0,0,0,0,0,0,0,0,0,0,0,0,0,0,0,0,0,0,0,0,0,0,0,0,0,0,0,0,0,0,0,0,0,0,0,0,0,0,0,0,0,0,0,0,0,0,0,0,0.000004,0,0.000089
鉄屑,0,0,0,0,0,0,0,-0.000003,0,0,0,0,0,0,0,0,0,0,0,0,0,0,-0.000005,0.00001,0,0,0,0,0,0,0,0,0,-0.000004,-0.000003,0,0,-0.006995,0.002188,0,0,0,-0.00094,-0.003339,-0.001024,-0.001215,-0.000673,0,-0.000006,-0.001295,-0.000971,-0.000002,-0.00021,-0.000162,-0.000008,-0.000299,-0.004365,-0.000848,-0.000324,0,0,-0.000726,-0.000147,0,0,0,0,0,0,0,0,0,0,0,0,0,0,0,0,0,0,0,0,0,0,0,0,0,0,0,0,0,0,0,0,0,0,0,0,0,0,0,0
鋼材,0.000028,0.000009,0.000002,0.000005,0.000076,0,0,0.000409,0,0,0,0,0,0,0,0.000063,0.000053,0.000541,0.021917,0,0,0,0,0,0,0,0,0,0,0.001098,0.006182,0,0,0.008146,0.004697,0,0,0.041923,0.119134,0.000133,0,0.000112,0.190207,0.098158,0.063778,0.055735,0.010768,0.000004,0.005286,0.039805,0.040624,0.004503,0.019924,0.006528,0.00228,0.032888,0.135799,0.048502,0.006507,0,0.014393,0.012182,0.024352,0,0,0.000001,0,0,0,0,0,0,0,0,0,0,0,0,0,0,0.001631,0,0,0,0,0,0,0,0,0,0,0,0,0,0.000261,0,0,0,0,0,0.00013,0,0.005367
鋳鍛造品・その他の鉄鋼製品,0,0,0,0,0.00008,0,0,0.000025,0,0,0,0,0,0,0,0,0,0.000044,0.038363,0,0,0,0,0,0,0,0,0.000021,0,0.000044,0,0,0.000085,0.002692,0.005084,0,0,0,0.006705,0,0,0.000697,0.121946,0.078046,0.066164,0.045362,0.007548,0.000226,0.004937,0.016721,0.030786,0.00152,0.012752,0.004793,0.002051,0.011108,0.054557,0.065029,0.001268,0,0.000489,0.000922,0.003311,0,0,0.000354,0,0,0,0,0,0,0,0,0,0,0.000007,0,0,0,0,0,0,0,0,0.000004,0,0,0.000001,0.000007,0.000008,0.000004,0,0,0.000422,0,0.000025,0.000028,0,0.000002,0.000031,0.000027,0.004891
非鉄金属精錬・精製,0,0,0,0,0,0,0,0,0,0,0,0,0,0,0,0.000004,0,0.000027,0.000564,0.000386,0,0.000022,0,0.008039,0,0,0,0.008988,0,0.00041,0,0,0.000262,0,0.008235,0,0,0.001413,0.00159,0.039866,0,0.423964,0.001899,0.020772,0.001737,0.002506,0.011902,0.041345,0.020987,0.020211,0.001113,0.000871,0.039144,0.001976,0.000042,0.001382,0.000353,0.000081,0.008345,0,0.000054,0,0,0,0,0.000014,0,0,0,0,0,0,0,0,0,0,0,0,0,0,0,0,0,0,0.000074,0,0,0.000066,0,0,0,0,0,0,0,0,0,0,0,0,0.000013,0,0.002782
非鉄金属屑,0,0,0,0,0,0,0,0,0,0,0,0,0,0,0,0,0,0,-0.000001,0,0,-0.000473,0,0.000037,-0.000038,0,0,0,0,-0.000007,-0.000029,0,0,0,-0.000001,0,0,-0.000001,-0.000001,0.065778,0,0.00186,-0.000986,-0.004058,-0.001615,-0.000077,-0.000209,-0.020028,-0.000543,-0.001283,-0.000181,-0.000059,-0.001619,-0.000038,-0.00006,-0.000012,-0.000001,-0.000007,-0.00006,0,0,0,-0.000005,0,0,0,0,0,0,0,0,0,0,0,0,0,0,0,0,0,0,0,0,0,0,0,0,0,0,0,0,0,0,0,0,0,0,0,0,0,0,0,0
非鉄金属加工製品,0,0,0,0,0,0,0,0.000102,0.000193,0.000089,0,0.003238,0.00223,0.005454,0,0.000008,0,0.001005,0.011914,0.000002,0.000149,0.002527,0,0.000007,0,0,0.001131,0.005681,0,0.001326,0.001139,0.000091,0.000813,0.000341,0.002573,0,0,0.000361,0.00013,0.002616,0,0.066862,0.039751,0.036252,0.047455,0.023958,0.018254,0.016844,0.053725,0.076304,0.050507,0.022954,0.070552,0.071407,0.017543,0.012438,0.015609,0.014527,0.013022,0,0.006321,0.009041,0.013364,0.000177,0,0.000117,0.000021,0.000019,0.00001,0,0,0,0,0,0,0,0.000189,0,0,0,0.000026,0,0,0,0.000163,0.000059,0,0.000134,0.00121,0.000129,0.000306,0.000215,0,0,0.002472,0.000033,0.000738,0.000365,0.000608,0,0.000406,0.000949,0.005328
建設・建築用金属製品,0,0,0,0.000305,0.000237,0,0,0,0,0,0,0,0,0,0,0,0,0.000068,0.001445,0,0,0,0,0,0,0,0,0,0,0,0,0,0,0.000122,0,0,0,0,0.00004,0,0,0,0.02753,0.001653,0.000417,0.000191,0,0,0.000053,0,0,0,0,0.000166,0,0,0.007937,0.008925,0.00412,0,0.05063,0.086893,0.036386,0,0,0,0,0,0,0,0,0.000119,0.000007,0.000034,0,0,0.001333,0,0,0,0.000002,0,0,0,0,0,0,0,0,0,0,0,0.000118,0,0.000188,0,0,0,0,0,0,0,0.001163
その他の金属製品,0.001326,0.001305,0.00004,0.002729,0.001029,0,0,0.018856,0.001496,0.022364,0.000013,0.0023,0.005351,0.026022,0.001062,0.000083,0.000943,0.010312,0.056609,0.00211,0.004097,0.000612,0.000022,0.015494,0.006331,0.002058,0.012476,0.012062,0.000068,0.001407,0.032248,0.003579,0.015709,0.005756,0.015206,0,0,0.000031,0.008948,0.000024,0,0.001653,0.049045,0.080296,0.054128,0.037076,0.031875,0.011903,0.026095,0.039898,0.029588,0.01912,0.006181,0.039331,0.032586,0.005745,0.034572,0.012548,0.016064,0.000169,0.017493,0.064779,0.007412,0.000348,0.000785,0.000719,0.00025,0.004439,0.001788,0.000102,0.000026,0.000372,0.000346,0.00028,0.00145,0,0.003658,0.000064,0.000645,0.003203,0.003817,0.000035,0.000529,0.000056,0.000272,0.0025,0.000147,0.000162,0.00023,0.000509,0.00045,0.002336,0.00076,0.000001,0.004603,0.000214,0.000941,0.002734,0.003094,0.000155,0.004752,0.000352,0.003196
はん用機械,0,0,0,0.000008,0,0,0,0.001625,0,0,0,0,0,0,0,0,0,0.000123,0.005026,0,0,0,0,0,0,0,0,0.000231,0,0.000343,0,0,0.001912,0.000686,0.001416,0,0,0,0.001714,0,0,0,0.001538,0.000574,0.157247,0.049519,0.010871,0.001757,0.002318,0.012611,0.023848,0.002592,0.001421,0.003209,0.001161,0.002958,0.030125,0.021429,0.008128,0,0.007133,0.000654,0.005652,0,0,0.004371,0,0.000004,0.000004,0,0,0,0,0.00011,0.000002,0,0.000004,0.000059,0.000021,0.000155,0.000523,0.000061,0,0.000003,0.000008,0.000102,0,0,0,0.000001,0,0,0.000005,0,0.036473,0.000065,0,0,0,0,0.000106,0,0
生産用機械,0,0,0,0.000333,0,0,0,0.001674,0,0,0,0,0,0,0,0,0,0.000038,0.000506,0,0,0,0,0,0,0,0,0,0.000097,0.002888,0,0,0.000534,0.00153,0.001335,0,0,0.000001,0.00156,0.000002,0,0.000207,0.000049,0.000354,0.003764,0.129234,0.001678,0.004076,0.002925,0.002749,0.001597,0.002461,0.00036,0.001701,0.000788,0.000533,0.005218,0.002757,0.001554,0,0.000019,0.000108,0.000105,0,0.000024,0.000142,0,0.000005,0.000003,0,0,0,0,0.000016,0.000017,0,0.000302,0.00004,0.00043,0.000099,0.000165,0.000048,0.000004,0,0.000003,0.000011,0,0,0,0,0,0,0.000082,0,0.052916,0.000002,0,0,0,0.000001,0.00008,0,0
業務用機械,0.000003,0,0.00157,0.000286,0.000004,0,0,0,0,0,0,0,0,0,0,0,0,0,0,0,0,0,0,0.000006,0,0,0,0,0,0,0,0,0,0,0,0,0,0,0,0,0,0,0.000055,0.000007,0.00263,0.005011,0.106165,0.000001,0,0.000906,0,0.000781,0,0.000363,0.000007,0.000256,0.003158,0.000067,0.000146,0.000027,0.000259,0,0.00003,0,0,0.000056,0.00006,0.002033,0.000286,0.00001,0,0,0,0,0.000008,0,0.00003,0.000013,0.000165,0.000126,0.000025,0.000074,0.000015,0.000025,0.000231,0.00119,0,0,0.011472,0.002532,0.002829,0,0.00362,0,0.02265,0.000107,0.000029,0,0.000009,0.005327,0.000353,0.026309,0
電子デバイス,0,0,0,0,0,0,0,0,0,0,0,0,0,0,0,0,0,0,0,0,0,0,0,0,0,0,0,0,0,0,0,0,0,0,0,0,0,0,0,0,0,0,0,0.000731,0.000688,0.001826,0.115153,0.056666,0.053453,0.032352,0.157914,0.253191,0.399012,0.134646,0.227307,0.00192,0,0.001627,0.031317,0,0,0,0,0,0,0,0,0,0,0,0,0,0,0,0,0,0,0,0,0,0,0,0,0,0,0,0,0.000036,0,0,0,0,0,0,0.012173,0,0,0,0,0,0,0,0
その他の電子部品,0,0,0,0,0.000003,0,0,0.000015,0,0.000001,0,0.000001,0,0,0,0,0,0.000002,0.00001,0.000001,0.000089,0.000193,0,0,0,0,0.000003,0.000001,0,0,0.000001,0,0,0.000001,0,0,0,0,0.000001,0,0,0.00003,0.000001,0.003456,0.001006,0.007088,0.058471,0.191355,0.234025,0.020269,0.024834,0.182785,0.003021,0.105584,0.094015,0.001159,0.00112,0.000295,0.00745,0,0.000299,0.000127,0.000037,0.000001,0.000001,0.000003,0,0.000005,0.000011,0.000009,0,0,0,0.000004,0,0,0.000001,0.000001,0,0.000001,0.000002,0.000002,0.000087,0.000789,0.000428,0.000237,0.000008,0.000777,0,0.000007,0,0,0.000002,0,0.047719,0.000006,0,0,0.000001,0,0.00008,0.02567,0
産業用電気機械,0,0.000101,0,0,0.000532,0,0,0.000061,0,0,0,0,0,0,0,0,0,0.000022,0.000183,0,0,0,0,0,0,0,0,0,0,0.000003,0,0,0,0.000013,0,0,0,0,0,0,0,0.000003,0.001029,0.000121,0.024031,0.019568,0.013371,0,0.001184,0.182301,0.025878,0.022154,0.003036,0.01027,0.016164,0.025282,0.016076,0.009976,0.003592,0,0.001766,0.002272,0.002382,0,0,0,0,0,0,0,0,0,0,0.000049,0,0.000011,0,0,0,0.000022,0,0,0.000001,0,0,0,0,0,0,0,0,0,0,0,0.018541,0,0,0,0,0,0.000021,0,0.000313
民生用電気機器,0,0,0,0,0,0,0,0,0,0,0,0,0,0,0,0,0,0,0,0,0,0,0,0,0,0,0,0,0,0.000005,0,0,0,0,0,0,0,0,0,0,0,0,0,0,0,0,0,0,0,0,0.1076,0,0.000001,0,0,0,0.000649,0.002749,0.000003,0,0.003457,0,0,0,0,0,0,0,0,0,0,0,0,0,0.000058,0,0,0,0,0,0.000001,0,0,0,0.000143,0.000785,0,0,0,0,0,0,0.000088,0,0.007093,0.000026,0,0,0,0.000141,0.000009,0,0
電子応用装置・電気計測器,0,0,0,0,0,0,0,0,0,0,0,0,0,0,0,0,0,0,0,0,0,0,0,0,0,0,0,0,0,0,0,0,0,0,0,0,0,0,0,0,0,0,0,0,0.001802,0.003268,0.002919,0.000001,0,0.003626,0,0.049442,0,0.000375,0.000057,0.000011,0.005844,0.000179,0,0,0.000101,0.000043,0.000119,0,0,0,0,0,0,0,0,0,0,0.000003,0,0,0,0,0,0,0,0,0,0,0.000002,0.000058,0,0,0.000088,0,0,0,0,0,0.002542,0.000011,0,0,0,0,0,0,0
その他の電気機械,0.000003,0.000078,0.000005,0,0.000649,0,0,0.000155,0,0,0,0,0,0,0,0,0,0.000002,0.000471,0,0,0.000015,0,0.000007,0,0,0.000006,0,0,0.000017,0,0,0,0,0.000366,0,0,0,0,0,0,0,0.000003,0.000347,0.000595,0.001937,0.00375,0.034831,0.01077,0.007746,0.01194,0.002862,0.022459,0.013662,0.002086,0.014601,0.001474,0.007147,0.008646,0,0.004067,0.002932,0.001208,0.000002,0,0.000085,0,0.000314,0.000169,0.000003,0.000067,0.00002,0,0.000145,0.00003,0.000218,0.000415,0.000028,0.000026,0.000032,0.000298,0,0,0.000804,0.000167,0.000181,0.000598,0.000093,0.000042,0.000004,0.000008,0,0.000028,0,0.005731,0.000073,0.000116,0.000044,0.000025,0.000328,0.000106,0,0.001281
通信機械・同関連機器,0.000002,0,0.000014,0.000091,0.000029,0,0,0.000015,0.000007,0.000018,0.000001,0.000004,0.000006,0.000044,0,0.000005,0.000002,0.000013,0.000008,0.000011,0.000007,0.000014,0.000012,0.000003,0.000038,0.000003,0.000095,0.000004,0.000014,0.000002,0.000034,0.000043,0.000005,0.000002,0.000037,0,0,0,0.000001,0.000002,0,0.000001,0.000124,0.000019,0.000175,0.000171,0.000106,0.000111,0.000034,0.000056,0.000002,0.000053,0.000046,0.00517,0.000109,0.016038,0.009957,0.002877,0.000026,0.000081,0.001158,0.000416,0.002571,0.000005,0.00002,0.000007,0.000016,0.000383,0.000228,0.000122,0.000212,0.000096,0,0.00007,0.000205,0,0.000103,0.000031,0.000357,0.000021,0.000037,0,0.000005,0.000073,0.000481,0.000244,0.000025,0.000193,0.000022,0.000061,0.000003,0.000072,0.000083,0.000058,0.001512,0.000471,0.000012,0.000195,0.000013,0.000134,0.000026,0,0
電子計算機・同附属装置,0,0,0,0,0,0,0,0,0,0,0,0,0,0,0,0,0,0,0,0,0,0,0,0,0,0,0,0,0,0,0,0,0,0,0,0,0,0,0,0,0,0,0,0,0,0.000031,0,0,0,0,0,0,0,0.000083,0.057937,0,0,0,0,0,0,0,0,0,0,0,0,0,0,0,0,0,0,0,0,0,0,0,0,0,0,0,0.000062,0.000095,0,0,0,0,0,0,0,0,0,0,0.001249,0,0,0,0,0,0,0,0
自動車,0,0,0,0,0,0,0,0,0,0,0,0,0,0,0,0,0,0,0,0,0,0,0,0,0,0,0,0,0,0,0,0,0,0,0,0,0,0,0,0,0,0,0,0,0,0.00011,0,0,0,0,0,0,0,0,0,0.527099,0,0.10352,0,0,0,0,0,0,0,0,0,0,0,0,0,0,0,0,0.000005,0.00019,0,0,0,0,0,0,0,0,0,0.000036,0,0,0,0,0,0,0,0,0.135686,0,0,0,0,0,0,0,0
船舶・同修理,0,0,0,0,0.039358,0,0,0.000022,0,0,0,0,0,0,0,0,0,0,0,0,0,0,0,0,0,0,0,0,0,0,0,0,0,0,0,0,0,0,0,0,0,0,0,0,0,0,0,0,0,0,0,0,0,0,0,0,0.162901,0,0,0,0,0,0,0,0,0,0,0,0,0,0,0,0,0,0,0,0.026054,0,0,0,0.000091,0,0,0,0,0.000362,0.000051,0.000011,0,0,0,0,0.000005,0,0,0,0,0,0,0.000007,0,0,0
その他の輸送機械・同修理,0,0,0,0,0,0,0,0,0,0,0,0,0,0,0,0,0,0,0,0,0,0,0,0,0,0,0,0,0,0,0,0,0,0,0,0,0,0,0,0,0,0,0,0,0,0,0,0,0,0,0,0,0,0,0,0,0,0.212875,0,0,0,0,0,0,0,0,0,0,0,0,0,0,0,0.064407,0,0,0,0.105069,0,0,0.000106,0,0,0,0,0.001825,0,0,0,0,0,0,0.000001,0,0.005426,0.000007,0,0,0,0.000002,0.00053,0,0
その他の製造工業製品,0.000102,0.000028,0.000108,0.001378,0.006155,0,0,0.002055,0.000064,0.000113,0.000002,0.000329,0.000219,0.001587,0.000002,0.000214,0.005131,0.001934,0.00811,0.000347,0.000183,0.000056,0.000017,0.000053,0.000051,0.000997,0.000072,0.000555,0.000337,0.000191,0.000332,0.034712,0.004831,0.000587,0.00082,0,0,0.001197,0.003106,0.000004,0,0.001058,0.000067,0.000146,0.000079,0.001597,0.002044,0.000298,0.001112,0.001039,0.000252,0.001774,0.000244,0.000875,0.001,0.000697,0.00078,0.000521,0.122425,0.000031,0.001181,0.00517,0.002613,0.000007,0.000001,0.000332,0.002709,0.000377,0.000335,0.000221,0.000045,0.000017,0,0.00003,0.000245,0.000013,0.000641,0.000022,0.000017,0.000063,0.000243,0.000014,0.001192,0.002741,0.00579,0.001732,0.003105,0.008052,0.000234,0.003164,0.002283,0.005027,0.00677,0.000369,0.001185,0.005651,0.001791,0.001815,0.003742,0.005965,0.009025,0.139107,0.000443
再生資源回収・加工処理,0.000861,0.001479,0.000017,0.001692,0.000007,0,0,0,0,0,0,0,0,0.006002,0.025468,0.000309,0,0.034933,0,0.025225,0,0,0.055078,0.002153,0,0,0.000002,0.000011,0.000001,0.024609,0.000055,0,0.011332,0.017094,0.008079,0,0,0.019048,0.039123,0.118282,0,0.005491,0,0.000026,0,0,0,0.000704,0,0,0,0,0,0,0,0.00035,0,0,0.000009,0,0,0,0.000022,0.00244,0.022731,0,0,0,0,0,0,0,0,0,0,0,0,0,0,0,0,0,0,0,0,0,0,0,0,0,0,0,0,0,0,0,0,0.000297,0,0,0,0,0
建築,0,0,0,0,0,0,0,0,0,0,0,0,0,0,0,0,0,0,0,0,0,0,0,0,0,0,0,0,0,0,0,0,0,0,0,0,0,0,0,0,0,0,0,0,0,0,0,0,0,0,0,0,0,0,0,0,0,0,0,0,0,0,0,0,0,0,0,0,0,0,0,0,0,0,0,0,0,0,0,0,0,0,0,0,0,0,0,0,0,0,0,0,0,0,0,0,0,0,0,0,0,0,0
建設補修,0.006923,0.004181,0.005707,0.007054,0.00152,0,0,0.013427,0.001192,0.000665,0.000641,0.000964,0.00119,0.002281,0.000327,0.003858,0.001284,0.003013,0.004142,0.017712,0.010167,0.003711,0.006111,0.010119,0.014645,0.010585,0.003209,0.007867,0.009996,0.006406,0.005673,0.001996,0.00915,0.016918,0.015402,0,0,0.006715,0.010942,0.01068,0,0.005457,0.009449,0.007527,0.00471,0.004875,0.003311,0.003428,0.011177,0.005896,0.003048,0.004377,0.009222,0.004259,0.002805,0.000894,0.003434,0.003569,0.003756,0.001043,0.001549,0.00304,0.001285,0.016712,0.039644,0.048494,0.011166,0.007452,0.008717,0.007515,0.025204,0.035895,0.048866,0.033329,0.003185,0.019949,0.009512,0.000134,0.013219,0.037299,0.057482,0.003867,0.011346,0.010189,0.005167,0.039236,0.015819,0.00958,0.004763,0.008503,0.005631,0.004297,0.004069,0.00016,0.001792,0.004283,0.004833,0.003125,0.005839,0.009323,0.007861,0,0
土木,0,0,0,0,0,0,0,0,0,0,0,0,0,0,0,0,0,0,0,0,0,0,0,0,0,0,0,0,0,0,0,0,0,0,0,0,0,0,0,0,0,0,0,0,0,0,0,0,0,0,0,0,0,0,0,0,0,0,0,0,0,0,0,0,0,0,0,0,0,0,0,0,0,0,0,0,0,0,0,0,0,0,0,0,0,0,0,0,0,0,0,0,0,0,0,0,0,0,0,0,0,0,0
電力,0.005715,0.011215,0.038094,0.008066,0.003388,0,0,0.023282,0.00397,0.010097,0.003528,0.00846,0.014939,0.011362,0.007399,0.010838,0.004404,0.020172,0.008483,0.113216,0.017261,0.01318,0.039708,0.314852,0.036821,0.010408,0.005658,0.014089,0.018863,0.014383,0.018237,0.006843,0.018198,0.090963,0.033025,0,0,0.020796,0.075514,0.077989,0,0.018826,0.010246,0.020688,0.01197,0.010921,0.011262,0.031465,0.024022,0.008804,0.00844,0.004465,0.012844,0.005642,0.006455,0.006635,0.014996,0.010667,0.008138,0.03502,0.003691,0.002087,0.003606,0.090045,0.028307,0.033566,0.085657,0.004205,0.031992,0.00407,0.030098,0.005906,0,0.035607,0.005802,0.00121,0.001638,0.002468,0.004506,0.06722,0.015506,0.008211,0.011883,0.006165,0.00383,0.009842,0.024058,0.005715,0.00613,0.017435,0.00989,0.002787,0.004537,0.000953,0.003361,0.007206,0.028968,0.013829,0.022076,0.029493,0.02477,0,0.011008
ガス・熱供給,0,0,0.000195,0,0.000004,0,0,0.000033,0.000272,0.000245,0.000027,0.001511,0.001635,0.001143,0.001073,0.002255,0.00026,0.000079,0.000333,0.001817,0.001133,0.000368,0.00675,0.002454,0.001428,0.000182,0.001222,0.001147,0.00012,0.002411,0.001469,0.000355,0.000756,0.000236,0.00187,0,0,0.001458,0.005128,0.000292,0,0.00132,0.001125,0.001753,0.000939,0.000779,0.001098,0.00265,0.0012,0.000846,0.000091,0.000336,0.001936,0.000403,0.000496,0.001084,0.000633,0.001548,0.001111,0.001342,0.00037,0.000506,0.000291,0.015223,0.015567,0.000416,0.002699,0.000542,0.003944,0.000661,0.001761,0.000145,0,0.000436,0.000433,0.000091,0.000787,0.000306,0.000518,0.000111,0.000641,0.000617,0.000803,0.000843,0.000343,0.002443,0.001618,0.000848,0.000854,0.002643,0.002155,0.000775,0.000052,0.000125,0.001181,0.000844,0.00965,0.005917,0.002845,0.000897,0.002178,0,0.000173
水道,0.000133,0.002474,0.002665,0.000743,0.000165,0,0,0.004503,0.001221,0.002959,0.000489,0.001544,0.002769,0.003757,0.000168,0.001276,0.000239,0.000877,0.000657,0.008424,0.001967,0.00074,0.006929,0.004092,0.009553,0.0027,0.004007,0.002095,0.000684,0.00175,0.001223,0.002508,0.002175,0.002933,0.001079,0,0,0.002474,0.000717,0.002469,0,0.001301,0.000933,0.001096,0.001198,0.000874,0.000632,0.001666,0.001689,0.000637,0.000896,0.000422,0.002015,0.000538,0.000523,0.00043,0.0012,0.000798,0.001009,0.004603,0.000857,0.001358,0.000738,0.000415,0.006552,0.056387,0.019958,0.001478,0.005106,0.001803,0.003442,0.000354,0,0.005345,0.00177,0.011058,0.001408,0.000186,0.001454,0.002518,0.008314,0.001003,0.00449,0.000543,0.000845,0.00535,0.011188,0.005701,0.004217,0.006956,0.008722,0.002783,0.000428,0.000047,0.00096,0.00125,0.013072,0.010521,0.016583,0.005903,0.005269,0,0.003681
廃棄物処理,0,0.000532,0.001197,0,0.000005,0,0,0.000801,0.000413,0.000019,0.000004,0.001035,0.000191,0.00014,0.001109,0.000013,0.000035,0.000313,0.000142,0.000709,0.000515,0.000388,0.003056,0.007055,0.000114,0.000072,0.002181,0.000413,0.000008,0.000025,0.000086,0.000104,0.001188,0.001685,0.004736,0,0,0.000008,0.000025,0,0,0.00003,0.000075,0.000046,0.000194,0.000016,0.000069,0.000514,0.000333,0.000164,0.000004,0.000071,0.001323,0.000046,0.000161,0.000022,0.000736,0.004569,0.000026,0,0.000215,0.000005,0.003064,0.000854,0.000647,0.000803,0,0.001066,0.001227,0.002038,0.000099,0,0,0.011812,0.00167,0,0.001708,0.000371,0.003066,0.001194,0.007005,0.001099,0.004043,0.007006,0.00051,0.032746,0.003597,0.001564,0.001981,0.00271,0.002653,0.000024,0.000256,0.000018,0.000504,0.000152,0.029425,0.009351,0.007398,0.006577,0.009485,0,0.003748
卸売,0.028126,0.021944,0.0286,0.026859,0.033463,0,0,0.02516,0.028433,0.124879,0.046566,0.055935,0.073871,0.033488,0.048882,0.035939,0.021765,0.096675,0.07647,0.099448,0.153173,0.07835,0.034641,0.016636,0.117627,0.045556,0.04478,0.089468,0.045707,0.05828,0.07512,0.103525,0.047589,0.038639,0.042054,0,0,0.011677,0.058136,0.014392,0,0.055715,0.08331,0.057051,0.060311,0.05412,0.065514,0.047824,0.040926,0.069152,0.078385,0.043035,0.063165,0.055285,0.03878,0.034426,0.085434,0.058291,0.05874,0.004569,0.058024,0.074301,0.046975,0.002208,0.013221,0.01359,0.021625,0.027505,0.008789,0.005216,0.00174,0.001807,0.000369,0.001991,0.008257,0.034102,0.018417,0.00364,0.006658,0.009809,0.011807,0.003766,0.003854,0.003442,0.024509,0.008209,0.006045,0.018526,0.0517,0.024878,0.0163,0.026851,0.006571,0.001434,0.052959,0.008746,0.045838,0.066045,0.01851,0.013798,0.018157,0.223862,0.014943
小売,0.022918,0.013801,0.00839,0.014244,0.008272,0,0,0.012526,0.000468,0.001324,0.000358,0.001476,0.004338,0.001864,0.000894,0.001102,0.004521,0.003136,0.006462,0.001708,0.002106,0.001275,0.002447,0.001851,0.00671,0.001624,0.001545,0.001285,0.001319,0.000533,0.003471,0.027437,0.002804,0.002794,0.002589,0,0,0.000709,0.002005,0.001332,0,0.001259,0.001712,0.001694,0.002605,0.004432,0.004765,0.001705,0.002382,0.002761,0.00201,0.002113,0.002713,0.003163,0.003846,0.001975,0.004637,0.002372,0.037442,0.002526,0.003596,0.004492,0.005005,0.000293,0.000648,0.001702,0.009308,0.005581,0.004745,0.002449,0.002162,0.002257,0.000305,0.001577,0.007308,0.061054,0.00358,0.000997,0.005483,0.00281,0.002095,0.006407,0.001933,0.002627,0.005783,0.007845,0.005344,0.010642,0.002492,0.011408,0.006368,0.017522,0.006043,0.00044,0.003056,0.005996,0.023561,0.036141,0.011776,0.008922,0.015309,0.056624,0.000699
金融・保険,0.006977,0.00428,0.008469,0.029202,0.009218,0,0,0.050562,0.002413,0.00331,0.001078,0.004019,0.005127,0.007192,0.003362,0.007689,0.005055,0.013275,0.013598,0.01175,0.013251,0.009058,0.010249,0.012554,0.005901,0.005087,0.007184,0.007383,0.002547,0.002363,0.005313,0.007489,0.010038,0.012191,0.015017,0,0,0.002955,0.007133,0.006515,0,0.005263,0.015579,0.008796,0.00765,0.009211,0.011912,0.00805,0.006227,0.005827,0.007112,0.007597,0.01462,0.008049,0.009944,0.005243,0.012798,0.012236,0.017146,0.003155,0.012125,0.007827,0.021837,0.0134,0.006884,0.002998,0.011288,0.02409,0.015538,0.049951,0.097796,0.078397,0.073131,0.049718,0.017314,0.034554,0.03925,0.008563,0.031705,0.007581,0.017122,0.002247,0.008975,0.004886,0.005481,0.050032,0.001115,0.005678,0.006319,0.00584,0.008554,0.072462,0.0587,0.001019,0.007903,0.005057,0.02057,0.005874,0.003069,0.011463,0.00667,0,0.005778
不動産仲介及び賃借,0.000258,0,0.00615,0.001114,0.000484,0,0,0.003532,0.002287,0.000983,0.000355,0.001941,0.001203,0.001513,0.000274,0.000999,0.001252,0.00148,0.00286,0.002441,0.002489,0.003087,0.000803,0.002882,0.003285,0.001295,0.002606,0.00116,0.001168,0.001683,0.002305,0.001592,0.00124,0.002849,0.001339,0,0,0.000776,0.001889,0.000281,0,0.000751,0.005621,0.001694,0.002774,0.002566,0.001975,0.001205,0.00102,0.001969,0.003021,0.001684,0.003549,0.002044,0.001671,0.000742,0.003038,0.001426,0.001583,0.000118,0.003909,0.001842,0.001184,0.003321,0.007414,0.000676,0.003049,0.022838,0.011637,0.010166,0.024264,0.04502,0.000764,0.001245,0.008098,0.008651,0.039241,0.002469,0.06807,0.051972,0.021212,0.011613,0.006709,0.005485,0.025069,0.000862,0.000959,0.012863,0.013397,0.003085,0.005274,0.011535,0.006872,0.000614,0.001994,0.006449,0.007663,0.006465,0.01684,0.004754,0.019191,0,0.024685
住宅賃貸料,0,0,0,0,0,0,0,0,0,0,0,0,0,0,0,0,0,0,0,0,0,0,0,0,0,0,0,0,0,0,0,0,0,0,0,0,0,0,0,0,0,0,0,0,0,0,0,0,0,0,0,0,0,0,0,0,0,0,0,0,0,0,0,0,0,0,0,0,0,0,0,0,0,0,0,0,0,0,0,0,0,0,0,0,0,0,0,0,0,0,0,0,0,0,0,0,0,0,0,0,0,0,0
住宅賃貸料（帰属家賃）,0,0,0,0,0,0,0,0,0,0,0,0,0,0,0,0,0,0,0,0,0,0,0,0,0,0,0,0,0,0,0,0,0,0,0,0,0,0,0,0,0,0,0,0,0,0,0,0,0,0,0,0,0,0,0,0,0,0,0,0,0,0,0,0,0,0,0,0,0,0,0,0,0,0,0,0,0,0,0,0,0,0,0,0,0,0,0,0,0,0,0,0,0,0,0,0,0,0,0,0,0,0,0
鉄道輸送,0.00014,0.000132,0.000152,0.000504,0.000491,0,0,0.001563,0.000238,0.000047,0.001865,0.000603,0.000283,0.000482,0.000227,0.000877,0.000372,0.000544,0.000513,0.000899,0.001975,0.001768,0.000383,0.000477,0.001188,0.001087,0.001761,0.000987,0.00046,0.000931,0.00113,0.000221,0.000733,0.000846,0.004439,0,0,0.000178,0.000359,0.000368,0,0.000439,0.002261,0.000344,0.001135,0.001237,0.00213,0.001089,0.001279,0.000762,0.000949,0.002597,0.000518,0.003883,0.001567,0.00026,0.000422,0.000761,0.000499,0.001771,0.000484,0.00067,0.00061,0.000094,0.000244,0.000423,0.005854,0.003331,0.0009,0.004412,0.00015,0.000064,0.000001,0.000839,0.001585,0.000297,0.00108,0.000407,0.007646,0.00069,0.000438,0.001568,0.000869,0.001745,0.000666,0.002786,0.002042,0.001487,0.000756,0.00047,0.000506,0.001956,0.000743,0.000543,0.000356,0.000578,0.000512,0.000855,0.000594,0.00066,0.001042,0.000612,0.001769
道路輸送（自家輸送を除く。）,0.00599,0.035966,0.005611,0.023712,0.005953,0,0,0.010412,0.005218,0.012987,0.044676,0.013842,0.0115,0.007338,0.016885,0.003632,0.00215,0.019627,0.0143,0.018106,0.025953,0.010981,0.009661,0.003362,0.015618,0.010088,0.00852,0.015207,0.041534,0.006671,0.009706,0.01633,0.011455,0.028234,0.026142,0,0,0.001947,0.024416,0.004621,0,0.007579,0.0155,0.009236,0.009842,0.008955,0.010341,0.008811,0.007942,0.009264,0.00964,0.006365,0.00789,0.007603,0.009253,0.011615,0.012582,0.009481,0.009841,0.370312,0.013393,0.015454,0.016771,0.001198,0.013604,0.003663,0.02928,0.005115,0.00324,0.008208,0.000733,0.000651,0.000038,0.000765,0.00327,0.00316,0.004181,0.002266,0.002821,0.002501,0.00397,0.067169,0.004418,0.004076,0.006862,0.008787,0.002948,0.005684,0.006012,0.004479,0.002547,0.009992,0.002439,0.000493,0.007095,0.00286,0.006369,0.010489,0.002325,0.002863,0.014716,0.034138,0.039615
自家輸送,0.02981,0.01002,0.009681,0.069041,0.01679,0,0,0.233632,0.002711,0.008942,0.003508,0.006217,0.00406,0.005041,0.002646,0.005216,0.001551,0.018644,0.004684,0.004405,0.00475,0.006306,0.002583,0.003318,0.003551,0.004185,0.002117,0.000179,0.000226,0.000927,0.001428,0.014541,0.004685,0.026506,0.004334,0,0,0.002852,0.003187,0.001754,0,0.003281,0.011139,0.006657,0.00511,0.004888,0.00833,0.004334,0.000571,0.002652,0.003469,0.003377,0.003894,0.0001,0.003404,0.001096,0.000812,0.000469,0.012954,0.009931,0.013881,0.016412,0.01617,0.001983,0.003461,0.003531,0.025689,0.040015,0.027899,0.006426,0.004292,0.003692,0.000618,0.002067,0.001605,0,0.006066,0.001006,0.003199,0.00255,0.004655,0.008372,0.005671,0.006943,0.013203,0.010275,0.007835,0.004333,0.003565,0.006069,0.006576,0.008842,0.009042,0.002043,0.003327,0.006223,0.020282,0.001343,0.009011,0.019076,0.019937,0,0.011275
水運,0.001327,0.003528,0.000464,0.0007,0.001294,0,0,0.001047,0.000327,0.000403,0.002184,0.00032,0.000554,0.000351,0.002337,0.000321,0.000098,0.002615,0.00085,0.001995,0.001411,0.000552,0.001591,0.000626,0.001971,0.001344,0.000601,0.001475,0.002041,0.000261,0.000633,0.000749,0.001115,0.006386,0.005692,0,0,0.000361,0.004262,0.007106,0,0.00041,0.002211,0.001289,0.001075,0.000942,0.000564,0.000513,0.000489,0.000748,0.000738,0.000352,0.000614,0.000456,0.000394,0.00152,0.001412,0.001201,0.000449,0.069039,0.000561,0.000534,0.001197,0.000613,0.002428,0.000297,0.00074,0.000276,0.000211,0.000317,0.000104,0.000118,0.000015,0.0001,0.002323,0.003988,0.101237,0.001062,0.000178,0.000148,0.000185,0.001932,0.000115,0.00013,0.000421,0.000213,0.000257,0.000238,0.000158,0.000204,0.000198,0.000382,0.000139,0.000121,0.000684,0.000201,0.000399,0.000329,0.000219,0.000377,0.000433,0.001695,0.000682
航空輸送,0.000003,0.000002,0.00077,0.001201,0.000228,0,0,0.001962,0.00014,0.000014,0.000013,0.000156,0.000085,0.000183,0.000097,0.000431,0.00065,0.000388,0.000946,0.000351,0.000901,0.001097,0.00019,0.000222,0.000872,0.000303,0.003315,0.000507,0.000195,0.000502,0.000916,0.000108,0.000518,0.000697,0.000509,0,0,0.000141,0.000275,0.000123,0,0.000168,0.001948,0.000592,0.00123,0.001547,0.001075,0.00043,0.000477,0.000771,0.001176,0.002843,0.000823,0.000721,0.000586,0.000243,0.000259,0.00046,0.000359,0.000001,0.00005,0.000244,0.000147,0.000433,0.000151,0.000342,0.004855,0.005249,0.000844,0.000909,0.000111,0.00006,0,0.000036,0.000351,0.000001,0.0004,0.003508,0.002656,0.000266,0.000225,0.015351,0.001089,0.004445,0.005492,0.000519,0.002119,0.001701,0.00052,0.000099,0.000205,0.002541,0.001103,0.001111,0.000231,0.002012,0.000562,0.000241,0.000698,0.001343,0.001039,0.000044,0.004899
貨物利用運送,0.000325,0.001596,0.000261,0.000284,0.000412,0,0,0.000248,0.000457,0.001087,0.002038,0.000591,0.000559,0.000319,0.000777,0.000214,0.000148,0.000747,0.000498,0.000949,0.001412,0.000701,0.000575,0.000166,0.000885,0.000506,0.000304,0.000763,0.001726,0.00025,0.000349,0.00058,0.000536,0.001612,0.001596,0,0,0.000075,0.001024,0.000221,0,0.000293,0.000514,0.00035,0.000367,0.00031,0.00036,0.000281,0.000277,0.000333,0.000376,0.000259,0.000311,0.000309,0.000241,0.000486,0.000469,0.000394,0.00032,0.000806,0.000438,0.00051,0.000524,0.000064,0.00073,0.000095,0.000144,0.000058,0.000082,0.000053,0.000026,0.000041,0.000002,0.002293,0.000494,0.00034,0.000277,0.000346,0.001845,0.000071,0.000114,0.005082,0.000038,0.000031,0.000261,0.000078,0.000071,0.000156,0.000277,0.000178,0.000117,0.000182,0.000042,0.000404,0.000311,0.000078,0.000292,0.000482,0.000089,0.000092,0.000109,0.001565,0.001563
倉庫,0.001167,0.005415,0.001181,0.001247,0.001672,0,0,0.000546,0.000717,0.004626,0.012735,0.001612,0.003203,0.00127,0.014869,0.000774,0.000428,0.002439,0.001705,0.003865,0.004342,0.002052,0.004544,0.000589,0.002502,0.001202,0.00109,0.002193,0.004521,0.001465,0.001438,0.002273,0.003317,0.004421,0.007352,0,0,0.00042,0.003641,0.003061,0,0.003397,0.00193,0.00181,0.001562,0.001363,0.001937,0.00133,0.001222,0.002019,0.001841,0.001535,0.002657,0.001721,0.00147,0.001382,0.001762,0.001406,0.001373,0.033868,0.001086,0.001209,0.001511,0.000724,0.011338,0.000315,0.000305,0.00023,0.000382,0.000284,0.00015,0.00029,0.000005,0.000241,0.000227,0.000768,0.000347,0.000729,0.000319,0.000387,0.000548,0.000182,0.000284,0.000584,0.001147,0.000709,0.000362,0.000741,0.000528,0.000642,0.000375,0.00069,0.00014,0.000069,0.000873,0.000287,0.001011,0.001751,0.000233,0.000299,0.000295,0.003907,0.000336
運輸附帯サービス,0.000012,0,0.000036,0,0.001784,0,0,0.000504,0.000451,0.000041,0.000027,0.000584,0.000137,0.000881,0.000678,0.000127,0.000073,0.000749,0.001212,0.003957,0.00016,0.001324,0.002923,0.000527,0.00067,0.002078,0.000859,0.000402,0.000004,0.001471,0.001899,0.001001,0.011004,0.000484,0.000666,0,0,0.001304,0.00027,0.000007,0,0.000245,0.000069,0.000436,0.000563,0.000503,0.000635,0.00055,0.000544,0.006376,0.00023,0.002096,0.002285,0.000319,0.002016,0.000427,0.000665,0.000403,0.001386,0.000359,0,0,0.000019,0,0,0,0,0.007636,0.000585,0.000006,0,0,0,0.013606,0.029682,0.102485,0.06468,0.243214,0.04696,0.011641,0.003539,0,0,0,0.000301,0.000049,0.000001,0.000025,0,0,0,0,0.002142,0,0.000001,0,0.027838,0.002258,0,0.000886,0,0,0.009807
郵便・信書便,0.00012,0.000237,0.000254,0.001904,0.000485,0,0,0.000796,0.000152,0.000112,0.000006,0.000487,0.000087,0.000256,0.000097,0.000144,0.001001,0.000312,0.000712,0.000352,0.000593,0.000368,0.000632,0.000265,0.000531,0.000416,0.001661,0.000257,0.000425,0.000573,0.000276,0.000471,0.00016,0.000373,0.000333,0,0,0.000056,0.000186,0.000314,0,0.000257,0.001137,0.000646,0.000383,0.000468,0.000335,0.000102,0.000168,0.000287,0.000194,0.001336,0.000187,0.000326,0.000177,0.000081,0.000303,0.000151,0.000526,0.001221,0.000466,0.001301,0.000804,0.000574,0.003016,0.001883,0.001337,0.00208,0.002428,0.010704,0.000405,0.001278,0,0.0016,0.000753,0,0.001865,0.001148,0.002529,0.001527,0.001044,0,0.01188,0.004493,0.002377,0.007322,0.002413,0.008678,0.000881,0.008,0.000908,0.010175,0.001227,0.000672,0.001125,0.001587,0.00171,0.0021,0.001431,0.001328,0.003381,0,0.000548
通信,0.000221,0.000227,0.001505,0.002597,0.003105,0,0,0.002069,0.000433,0.001662,0.000113,0.000974,0.000914,0.000638,0.00024,0.000621,0.000631,0.001273,0.001641,0.000748,0.001623,0.00151,0.002403,0.000638,0.001036,0.00085,0.015182,0.000872,0.001569,0.000944,0.001237,0.001067,0.000518,0.001008,0.001049,0,0,0.000173,0.000597,0.000925,0,0.000551,0.003751,0.000994,0.001754,0.001873,0.001298,0.000609,0.00077,0.001156,0.001027,0.005775,0.000822,0.001483,0.000805,0.000317,0.000945,0.000645,0.000869,0.000276,0.000585,0.014002,0.00521,0.00017,0.000646,0.004532,0.005979,0.016712,0.012699,0.011936,0.003718,0.005064,0,0.004011,0.003833,0,0.040177,0.002563,0.005052,0.003133,0.004173,0.011,0.166812,0.038229,0.024411,0.006962,0.001007,0.015191,0.002118,0.010076,0.000988,0.015743,0.002189,0.002169,0.002949,0.005196,0.005221,0.007311,0.005037,0.002695,0.003516,0,0.033704
放送,0.000054,0.00002,0.00001,0.000023,0.000003,0,0,0.000039,0.000006,0.000005,0.000002,0.000024,0.000014,0.000009,0.000007,0.000009,0.000005,0.00001,0.000009,0.000003,0.000032,0.000024,0.000017,0.000002,0.000013,0.000009,0.000004,0.000002,0.000016,0.000001,0.000027,0.000021,0.000021,0.00002,0.000003,0,0,0.000018,0.000002,0.000015,0,0.000013,0.000024,0.000001,0.000015,0.00002,0.000008,0.000005,0.000001,0.000029,0.000041,0.000002,0.000029,0.000009,0.000011,0.000011,0.000037,0.000014,0.000013,0.000051,0.000062,0.000073,0.000069,0.000002,0.000004,0.000008,0.000284,0.000137,0.000451,0.000264,0.000126,0.000091,0,0.000092,0.000033,0,0.00015,0.000021,0.000035,0.000035,0.000373,0.000061,0.000056,0.035069,0.000351,0.000009,0.000088,0.000007,0.000088,0.000181,0.000216,0.000335,0.000141,0.422397,0.000147,0.000081,0.001032,0.005952,0.005147,0.002507,0.000088,0,0.000049
情報サービス,0.001244,0.002147,0.005056,0.003938,0.003028,0,0,0.002797,0.001592,0.002406,0.000628,0.004691,0.002684,0.004055,0.003282,0.001545,0.0013,0.004014,0.006939,0.004887,0.004851,0.004913,0.010392,0.005274,0.00882,0.00644,0.016684,0.006061,0.002608,0.003077,0.008698,0.007113,0.005607,0.004052,0.009414,0,0,0.000969,0.004108,0.00403,0,0.003273,0.005163,0.005069,0.006893,0.011057,0.005318,0.007863,0.008978,0.014571,0.001811,0.01387,0.01246,0.014624,0.032765,0.002318,0.005298,0.004154,0.004015,0.001385,0.002911,0.002824,0.004078,0.006586,0.005334,0.027361,0.008233,0.01756,0.022167,0.045263,0.012235,0.003253,0,0.002849,0.007565,0,0.006228,0.0064,0.010297,0.016015,0.025751,0.012616,0.048067,0.233462,0.064114,0.024871,0.010133,0.031585,0.008822,0.01885,0.00288,0.048413,0.012412,0.186351,0.002743,0.019729,0.013245,0.003938,0.004789,0.020835,0.009746,0,0.007009
公務,0,0,0,0,0,0,0,0,0,0,0,0,0,0,0,0,0,0,0,0,0,0,0,0,0,0,0,0,0,0,0,0,0,0,0,0,0,0,0,0,0,0,0,0,0,0,0,0,0,0,0,0,0,0,0,0,0,0,0,0,0,0,0,0,0,0,0,0,0,0,0,0,0,0,0,0,0,0,0,0,0,0,0,0,0,0,0,0,0,0,0,0,0,0,0,0,0,0,0,0,0,0,0.235975
教育,0,0,0.000157,0.000012,0,0,0,0.000187,0.000129,0.000189,0.000034,0.00058,0.000226,0.000058,0.00006,0.000003,0,0.000187,0.000002,0.000464,0.000272,0.000026,0.000132,0.000285,0.00096,0.000815,0.000453,0.000555,0,0.000018,0.001336,0,0.000692,0.000823,0.000399,0,0,0.000021,0.000718,0,0,0.000261,0.001826,0.000413,0.001092,0.000904,0.000484,0.001722,0.002809,0.001986,0.003613,0.001477,0.001635,0.003455,0.000587,0.000267,0.00064,0.000273,0.000593,0.000056,0.000323,0.000033,0.000228,0.000598,0.000471,0.000116,0.000373,0.000334,0.00041,0.000392,0.000009,0.000001,0,0.006225,0.000213,0.000408,0.000136,0.000079,0.000925,0.000388,0.000266,0.000494,0.009037,0.000998,0.00557,0.000013,0.000003,0.000001,0.000172,0.000209,0.000035,0,0.000388,0.000641,0.000004,0.001507,0.00041,0.000367,0.00145,0.000253,0.000685,0,0.000466
研究,0.000123,0.000001,0,0.00341,0.001759,0,0,0.001563,0.004413,0.002235,0.000236,0.003981,0.004799,0.003765,0.001073,0.007318,0.003125,0.002296,0.008189,0.010167,0.015811,0.005592,0.01887,0.076795,0.077015,0.052343,0.202133,0.027619,0.001338,0.018086,0.027267,0.015389,0.041821,0.017773,0.007734,0,0,0.007071,0.008658,0.014487,0,0.015926,0.010941,0.006907,0.028026,0.060693,0.063156,0.06594,0.07134,0.088268,0.075676,0.089719,0.02642,0.075371,0.070731,0.048585,0.011684,0.02629,0.029445,0.005453,0.000999,0.000624,0.002441,0.004145,0.007496,0.000007,0,0.00348,0.002554,0.000333,0,0,0,0.003201,0.001592,0,0.00236,0.000697,0.002516,0.004448,0.001485,0,0.015173,0.0049,0.015976,0.000014,0,0.002479,0.003907,0.000089,0.000075,0,0.006267,0.000332,0.001214,0.000388,0,0,0,0.000107,0.000129,0,0.025437
医療・保健衛生,0,0,0.001361,0,0,0,0,0,0,0,0,0,0,0,0,0,0,0,0,0.000004,0.000001,0.000017,0,0,0,0,0.000056,0,0,0.000001,0.000001,0,0,0,0,0,0,0.000003,0,0,0,0,0,0,0,0,0,0,0,0,0,0,0,0,0,0,0,0,0,0,0.000001,0.000001,0.000002,0,0.000004,0.000165,0,0.000019,0.000025,0.00012,0.000023,0.00002,0,0.000046,0,0,0.000805,0,0,0.0252,0.000263,0.000041,0.001014,0.000406,0.000112,0.000021,0.000039,0.000021,0.037948,0.00201,0.002277,0.000011,0,0.000006,0,0.000029,0.000003,0.00007,0.000003,0.000012,0.000036,0,0.003229
社会保険・社会福祉,0,0,0,0,0,0,0,0,0,0,0,0,0,0,0,0,0,0,0,0,0,0,0,0,0,0,0,0,0,0,0,0,0,0,0,0,0,0,0,0,0,0,0,0,0,0,0,0,0,0,0,0,0,0,0,0,0,0,0,0,0,0,0,0,0,0,0,0,0,0,0,0,0,0,0,0,0,0,0,0,0,0,0,0,0,0,0,0,0,0,0,0,0,0,0,0,0,0,0,0,0,0,0
介護,0,0,0,0,0,0,0,0,0,0,0,0,0,0,0,0,0,0,0,0,0,0,0,0,0,0,0,0,0,0,0,0,0,0,0,0,0,0,0,0,0,0,0,0,0,0,0,0,0,0,0,0,0,0,0,0,0,0,0,0,0,0,0,0,0,0,0,0,0,0,0,0,0,0,0,0,0,0,0,0,0,0,0,0,0,0,0,0,0,0,0,0,0,0,0,0,0,0,0,0,0,0,0
その他の非営利団体サービス,0,0,0.000292,0.000151,0.004796,0,0,0.002113,0.000566,0.000927,0.000431,0.000836,0.000358,0.000938,0.000273,0.000402,0.000402,0.000754,0.000539,0.001226,0.001186,0.000686,0.001223,0.002683,0.001744,0.001162,0.003491,0.00055,0.001071,0.000369,0.00068,0.000056,0.002129,0.001988,0.000573,0,0,0.000606,0.000634,0.000279,0,0.000371,0.001228,0.000976,0.003256,0.002624,0.001318,0.0009,0.000695,0.000783,0.000143,0.000849,0.000491,0.000595,0.001172,0.000264,0.000977,0.001079,0.000626,0.001887,0.000671,0.002136,0.001217,0.000746,0.00278,0.006161,0.003587,0.000415,0.00077,0.003704,0.000862,0.001298,0,0.000401,0.00189,0,0.001748,0.000085,0.001958,0.006816,0.003405,0.000027,0.001131,0.00455,0.001945,0,0.00051,0.003267,0.001413,0.000038,0.000443,0,0.002166,0.000535,0.001598,0.002735,0.001518,0.001479,0.001438,0.012634,0.002405,0,0.002132
物品賃借サービス,0.006814,0.033034,0.020549,0.026234,0.001531,0,0,0.012187,0.003675,0.003499,0.001986,0.003734,0.013475,0.012904,0.004123,0.001641,0.004801,0.01557,0.015165,0.00668,0.012657,0.02435,0.00365,0.049081,0.006154,0.002194,0.002494,0.006666,0.065589,0.005909,0.018935,0.004883,0.004813,0.013831,0.028794,0,0,0.001068,0.007042,0.002415,0,0.005478,0.004848,0.009849,0.021467,0.023068,0.007945,0.032969,0.010812,0.045373,0.00951,0.009296,0.007247,0.009867,0.004325,0.009747,0.020329,0.043606,0.007294,0.023871,0.007344,0.002733,0.015901,0.009268,0.009629,0.002216,0.024835,0.006945,0.011953,0.005077,0.003868,0.004461,0,0.00481,0.042552,0.144346,0.007395,0.202955,0.021167,0.014347,0.008137,0.000255,0.014976,0.024881,0.029222,0.017797,0.003684,0.005877,0.015511,0.01584,0.028208,0.004725,0.003459,0.002265,0.01923,0.020736,0.018635,0.0033,0.005575,0.010067,0.007115,0,0.009467
広告,0.000068,0,0.001197,0.000614,0.000878,0,0,0.00262,0.003777,0.000926,0.000332,0.014161,0.005536,0.022196,0.000094,0.000366,0.000874,0.001256,0.006566,0.009481,0.008017,0.000775,0.002562,0.003455,0.001579,0.001084,0.041569,0.003337,0.000159,0.003205,0.003796,0.005551,0.002674,0.000681,0.001898,0,0,0.000399,0.000444,0.000465,0,0.000709,0.001958,0.001193,0.003707,0.003078,0.004892,0.006719,0.002354,0.004621,0.011022,0.00519,0.002905,0.007513,0.005345,0.00721,0.001513,0.005349,0.004673,0.000122,0.001773,0.000375,0.000788,0.002143,0.005887,0.003844,0.000749,0.004012,0.012764,0.024838,0.015795,0.013201,0,0.004321,0.003718,0,0.004383,0.008559,0.004608,0.000582,0.009641,0.000928,0.016316,0.018143,0.022765,0.002315,0.003796,0.001495,0.001427,0.001402,0.001124,0.00413,0.006592,0.000139,0.002049,0.012632,0.002791,0.009155,0.007229,0.00838,0.008179,0,0.004197
自動車整備・機械修理,0.021623,0.005444,0.024663,0.045503,0.00109,0,0,0.006751,0.001442,0.004811,0.002294,0.004865,0.004626,0.007229,0.002157,0.003395,0.000947,0.014354,0.001952,0.00676,0.004842,0.003153,0.008891,0.028791,0.010513,0.006064,0.00645,0.003513,0.009749,0.006012,0.014074,0.001746,0.006044,0.019102,0.018549,0,0,0.00448,0.006796,0.004271,0,0.006027,0.009562,0.006583,0.008417,0.00712,0.007126,0.01007,0.010265,0.006685,0.003161,0.004972,0.006004,0.004741,0.004608,0.004099,0.002259,0.002738,0.002557,0.002613,0.004726,0.013143,0.011458,0.036709,0.008783,0.021782,0.03829,0.000495,0.000724,0.002888,0.003582,0.002272,0,0.002225,0.039293,0.217456,0.001897,0.006933,0.02251,0.010088,0.013626,0.000501,0.004702,0.012335,0.017801,0.022679,0.002582,0.01402,0.00316,0.006256,0.003429,0.008862,0.091362,0.000354,0.00643,0.005332,0.007599,0.004364,0.007935,0.006676,0.002931,0,0.019729
その他の対事業所サービス,0.0002,0.000509,0.007517,0.001732,0.004958,0,0,0.01123,0.005951,0.004187,0.000425,0.013825,0.008307,0.011235,0.002521,0.003447,0.008496,0.005566,0.0108,0.005314,0.00919,0.018589,0.005137,0.038038,0.005775,0.008911,0.014164,0.009301,0.005415,0.0105,0.014305,0.004364,0.032565,0.024336,0.022196,0,0,0.001491,0.005065,0.002213,0,0.006038,0.008632,0.012227,0.02117,0.014517,0.013366,0.016326,0.014196,0.016375,0.015815,0.017299,0.0168,0.022711,0.022122,0.009966,0.00747,0.01424,0.006233,0.010714,0.040212,0.014481,0.052844,0.025462,0.013563,0.059359,0.030454,0.035767,0.04785,0.057722,0.095772,0.040592,0.001403,0.018675,0.011362,0.000485,0.012294,0.009651,0.029379,0.073217,0.116821,0.008827,0.081541,0.070296,0.087889,0.060491,0.034521,0.055608,0.034566,0.028639,0.017618,0.049682,0.039007,0.034295,0.020332,0.077272,0.008006,0.01006,0.016709,0.016078,0.017109,0,0.022227
宿泊業,0,0,0,0,0,0,0,0,0,0,0,0,0,0,0,0,0,0,0,0,0,0,0,0,0,0,0,0,0,0,0,0,0,0,0,0,0,0,0,0,0,0,0,0,0,0,0,0,0,0,0,0,0,0,0,0,0,0,0,0,0,0,0,0,0,0,0,0,0,0,0,0,0,0,0,0,0,0,0,0,0,0,0,0,0,0,0,0,0,0,0,0,0,0,0,0,0,0,0,0,0,0,0
飲食サービス,0,0,0,0,0,0,0,0,0,0,0,0,0.00831,0,0,0,0,0,0,0,0,0,0,0,0,0,0,0,0,0,0,0,0,0,0,0,0,0,0,0,0,0,0,0,0,0,0,0,0,0,0,0,0,0,0,0,0,0,0,0,0,0,0,0,0,0,0,0,0,0,0,0,0,0,0,0,0,0,0,0,0,0,0,0,0,0,0,0,0.005746,0.006888,0.021088,0,0,0,0,0,0.010668,0.005168,0,0,0,0,0.000368
洗濯・理容・美容・浴場業,0,0,0.000176,0.000002,0.000045,0,0,0.000037,0.000111,0.000063,0.000056,0.000119,0.000034,0.000201,0.000042,0.000033,0.000018,0.000061,0.000023,0.000065,0.000059,0.000041,0.000026,0.000075,0.000038,0.000023,0.000077,0.00001,0.000032,0.00003,0.000051,0.000051,0.000002,0.000002,0.000004,0,0,0.000025,0.000035,0.000005,0,0.000016,0.000046,0.000035,0.000048,0.000039,0.000041,0.000157,0.000078,0.000054,0.000083,0.000035,0.000003,0.000029,0.000059,0.000043,0.000043,0.000042,0.000042,0.000003,0.000009,0.000016,0.000068,0.000017,0.00001,0.00003,0.000098,0.000075,0.000058,0.000082,0.000057,0.000024,0,0.002547,0.000123,0.000011,0.000186,0.000194,0.000191,0.000034,0.000063,0.000382,0.000393,0.001137,0.000186,0.000127,0.000121,0.000024,0.009459,0.011869,0.012005,0.000068,0.000053,0.000149,0.000019,0.00008,0.008889,0.003038,0.021149,0.000072,0.000498,0,0.001708
娯楽サービス,0,0,0,0,0,0,0,0,0,0,0,0,0,0,0,0,0,0,0,0,0,0,0,0,0,0,0,0,0,0,0,0,0,0,0,0,0,0,0,0,0,0,0,0,0,0,0,0,0,0,0,0,0,0,0,0,0,0,0,0,0,0,0,0,0,0,0,0,0.000039,0,0,0,0,0,0,0,0,0,0,0,0,0,0.000133,0.070304,0.010012,0,0.000142,0,0,0,0,0,0,0.001054,0,0,0.002645,0.000249,0,0.006009,0.001796,0,0.000502
その他の対個人サービス,0,0,0.000908,0.000507,0.000946,0,0,0.000122,0.000057,0.000041,0.000004,0.00012,0.000052,0.000198,0.000055,0.000025,0.000027,0.000046,0.000044,0.000049,0.000062,0.000088,0.000082,0.000058,0.000076,0.000064,0.000109,0.000062,0.00008,0.000035,0.000057,0.000124,0.000054,0.000057,0.000062,0,0,0.000024,0.000047,0.000066,0,0.000067,0.000064,0.000044,0.000115,0.000098,0.000164,0.000106,0.000102,0.000149,0.000133,0.000077,0.000098,0.000123,0.000094,0.000057,0.000056,0.000113,0.000096,0.000086,0.000181,0.000129,0.000314,0.000043,0.000168,0.000211,0,0.001028,0.00063,0.000186,0.001805,0.000802,0.00038,0.00017,0.000338,0,0.000289,0.000118,0.000265,0.000339,0.000466,0.000296,0.000336,0.00418,0.002537,0.000414,0.000351,0.001766,0.000313,0.000192,0.000258,0.00279,0.000917,0.000419,0.000417,0.001182,0.002167,0.000395,0.001599,0.002703,0.008869,0,0.000511
事務用品,0.000174,0.000414,0.001005,0.007414,0.001121,0,0,0.000901,0.000357,0.000629,0.000051,0.000442,0.000752,0.000548,0.000055,0.000402,0.000294,0.000826,0.001036,0.000722,0.001172,0.000864,0.000957,0.000861,0.001504,0.001439,0.000522,0.000807,0.000359,0.000091,0.000409,0.001231,0.001027,0.000837,0.00062,0,0,0.000061,0.000193,0.000161,0,0.000261,0.000425,0.000508,0.000805,0.001485,0.001274,0.000746,0.000636,0.001441,0.000948,0.000579,0.001442,0.000976,0.000997,0.00019,0.000725,0.002087,0.003499,0.000263,0.000714,0.000035,0.001778,0.000051,0.000281,0.000632,0.005247,0.001884,0.0024,0.003535,0.002032,0.000535,0,0.001542,0.001655,0.000558,0.005318,0.001155,0.007333,0.002281,0.001843,0.004479,0.002252,0.002487,0.001465,0.004207,0.002069,0.007202,0.001195,0.003614,0.004826,0.004875,0.000823,0.000223,0.001153,0.001912,0.002302,0.000828,0.003598,0.001191,0.002541,0,0.000193
分類不明,0.012493,0.011117,0.015921,0.049533,0.013538,0,0,0.004064,0.002772,0.001002,0.000837,0.00056,0.001162,0.007096,0.000615,0.00101,0.000599,0.006034,0.001376,0.001847,0.003459,0.001541,0.000241,0.004892,0.003071,0.001766,0.002179,0.001165,0.014861,0.000984,0.007251,0.024878,0.012951,0.008466,0.003036,0,0,0.000861,0.005876,0.001975,0,0.001215,0.000847,0.002811,0.01126,0.007536,0.005281,0.001159,0.000848,0.007705,0.003628,0.002229,0.003328,0.00347,0.001779,0.000501,0.008089,0.008677,0.001501,0.00202,0.012993,0.015603,0.01174,0.001158,0.004013,0.00675,0.002756,0.006176,0.007829,0.00469,0.008425,0.020514,0.000064,0.017342,0.007366,0,0.006835,0.012744,0.008684,0.01669,0.015855,0.000471,0.009549,0.001069,0.006197,0.000292,0.01288,0.00327,0.002158,0.00922,0.004701,0.004322,0.00567,0.000243,0.007043,0.011765,0.001375,0.001816,0.00486,0.001181,0.002005,0.000546,0
内生部門計,0.381314,0.775005,0.342194,0.631866,0.380817,0,0,0.616598,0.742633,0.642958,0.922772,0.452191,0.551201,0.349582,0.716181,0.295809,0.292603,0.73373,0.56469,0.898125,0.834817,0.461005,0.724095,0.817781,0.849596,0.875267,0.640616,0.765618,0.66934,0.556676,0.589888,0.781137,0.520607,0.656003,0.541293,0,0,0.745432,0.551148,0.6407,0,0.667482,0.68147,0.517343,0.681019,0.665896,0.730543,0.694793,0.758195,0.833307,0.868408,0.823935,0.870664,0.739045,0.745044,0.877735,0.751485,0.785158,0.56674,0.620236,0.433441,0.504987,0.464326,0.307666,0.651085,0.36429,0.466563,0.290029,0.291442,0.306605,0.347497,0.273189,0.127133,0.307889,0.340584,1,0.576826,0.796226,0.384557,0.405878,0.412216,0.204755,0.467035,0.599406,0.478209,0.376528,0.187811,0.32234,0.431576,0.308895,0.241055,0.427625,0.301905,0.673534,0.579658,0.247726,0.50224,0.529023,0.271621,0.280491,0.288137,1,0.612202
家計外消費支出（行）,0.001501,0.001161,0.006198,0.008238,0.034356,0,0,0.049922,0.007611,0.023678,0.003945,0.008397,0.008136,0.015008,0.006148,0.016234,0.015646,0.007501,0.014697,0.01867,0.021905,0.021407,0.034729,0.005635,0.00954,0.017655,0.016369,0.009068,0.013167,0.017114,0.01884,0.026004,0.011731,0.014411,0.02189,0,0,0.00328,0.006982,0.006932,0,0.00698,0.029217,0.01357,0.016119,0.018307,0.01423,0.021931,0.014363,0.017217,0.008649,0.024587,0.016426,0.007718,0.028193,0.007609,0.014945,0.008616,0.014072,0.007075,0.022196,0.015954,0.014744,0.023645,0.01344,0.008972,0.038975,0.019072,0.015884,0.030494,0.011301,0.010389,0,0.014916,0.01845,0,0.020347,0.008639,0.034511,0.015975,0.030116,0.033296,0.007336,0.018315,0.027918,0.010557,0.00615,0.016683,0.006738,0.029744,0.013068,0.03214,0.011687,0.020278,0.017304,0.020333,0.023481,0.016474,0.038164,0.021327,0.01975,0,0.003144
雇用者所得,0.055697,0.072802,0.335284,0.068912,0.218337,0,0,0.218155,0.18837,0.200563,0.026192,0.256778,0.258532,0.173655,0.148851,0.694126,0.710808,0.147288,0.371737,0.042787,0.09595,0.334305,0.074237,0.097837,0.087111,0.097373,0.087865,0.127199,0.088999,0.320663,0.299738,0.124748,0.185804,0.160634,0.223831,0,0,0.076155,0.201847,0.150363,0,0.264138,0.31567,0.359865,0.191993,0.218857,0.175592,0.190314,0.234499,0.10867,0.083758,0.119231,0.057176,0.187464,0.175299,0.079185,0.174223,0.161014,0.370753,0.267572,0.187054,0.217011,0.216618,0.126467,0.056366,0.091316,0.207509,0.292545,0.467662,0.382987,0.103117,0.106916,0,0.174239,0.440635,0,0.144184,0.066135,0.243391,0.172741,0.179098,0.658048,0.107123,0.208146,0.316984,0.387513,0.64798,0.523743,0.437639,0.621595,0.58254,0.536569,0.131126,0.165053,0.24318,0.481289,0.267957,0.314369,0.280878,0.188024,0.265059,0,0.036185
営業余剰,0.311123,0.078167,0.142222,0.033554,0.212448,0,0,0.004628,0.043364,0.086473,0.032081,0.201042,0.103111,0.124408,0.079219,-0.41883,-0.180885,0.05558,-0.015119,0.010661,0.014748,0.067108,0.095434,0.00318,-0.021367,-0.02552,0.120502,0.04306,0.161112,-0.042365,-0.014975,0.036971,0.154908,0.084589,0.130506,0,0,0.151997,0.159823,0.137489,0,0.018165,-0.098089,-0.003388,0.060122,0.048278,0.005375,-0.078667,-0.070485,-0.022741,-0.024493,-0.050221,0.008468,-0.002343,-0.078438,0.019684,0.014651,-0.015148,-0.091126,0.0269,0.317861,0.218979,0.249004,0.205995,0.098884,0.171697,0.08298,0.278178,0.084198,0.172321,0.21214,0.348946,0.52232,0.019044,0.026121,0,0.030061,0.002399,0.057688,0.02872,0.19585,-0.013656,0.261484,0.101106,0.100731,0,0.003519,0.000135,0.062659,0.015255,0.062255,-0.010394,0.126411,0.023609,0.082772,0.109416,0.038962,0.042125,0.228608,0.296764,0.170108,0,0.277245
資本減耗引当,0.324164,0.093845,0.159016,0.215047,0.133839,0,0,0.061075,0.04599,0.034832,0.008637,0.065207,0.057721,0.074776,0.033852,0.30327,0.09588,0.042183,0.028202,0.018922,0.01871,0.084699,0.050561,0.066805,0.061296,0.024355,0.110235,0.039137,0.045577,0.102887,0.06773,0.020336,0.102195,0.054685,0.057742,0,0,0.019336,0.038001,0.04695,0,0.024962,0.041484,0.080021,0.043012,0.042776,0.06263,0.155928,0.049199,0.059351,0.059974,0.078814,0.042646,0.06085,0.12368,0.02746,0.03165,0.039168,0.117197,0.027613,0.016828,0.019492,0.029535,0.261658,0.139139,0.355722,0.148,0.050379,0.067226,0.094531,0.258528,0.22501,0.319097,0.45884,0.120918,0,0.213399,0.162243,0.217076,0.269611,0.156596,0.096472,0.137018,0.05807,0.056624,0.225173,0.148881,0.123675,0.087284,0.021753,0.08584,0.053569,0.413785,0.090669,0.055988,0.089061,0.135989,0.067877,0.12943,0.144071,0.15661,0,0.061934
間接税（関税・輸入品商品税を除く。）,0.043163,0.015081,0.01529,0.042382,0.020205,0,0,0.049622,0.005552,0.011518,0.006739,0.016409,0.02159,0.262609,0.017096,0.109529,0.066018,0.013758,0.035817,0.010839,0.013877,0.031507,0.020952,0.00877,0.013836,0.01088,0.024422,0.01593,0.021819,0.04505,0.038806,0.010944,0.024764,0.029694,0.024761,0,0,0.003816,0.042226,0.017579,0,0.018298,0.030283,0.032622,0.007753,0.005903,0.01165,0.015722,0.014253,0.004205,0.003713,0.003662,0.004628,0.007285,0.006237,-0.011666,0.013067,0.021208,0.022411,0.05062,0.022621,0.023578,0.026061,0.074569,0.041086,0.024882,0.055981,0.07037,0.073685,0.021386,0.067418,0.035678,0.03145,0.032657,0.059271,0,0.028451,-0.035619,0.06284,0.107146,0.054798,0.021085,0.020024,0.014977,0.019608,0.000229,0.005672,0.013916,0.017921,0.002823,0.02485,0.021562,0.015117,0.026973,0.021152,0.052844,0.031485,0.03015,0.051392,0.06937,0.100405,0,0.009295
（控除）経常補助金,-0.116963,-0.03606,-0.000204,0,0,0,0,0,-0.033519,-0.000023,-0.000366,-0.000025,-0.00029,-0.000037,-0.001347,-0.000138,-0.000069,-0.00004,-0.000024,-0.000004,-0.000007,-0.000031,-0.000007,-0.000009,-0.000013,-0.000009,-0.000011,-0.000013,-0.000015,-0.000024,-0.000027,-0.000141,-0.000009,-0.000018,-0.000023,0,0,-0.000015,-0.000026,-0.000013,0,-0.000026,-0.000034,-0.000032,-0.000018,-0.000017,-0.000021,-0.000022,-0.000025,-0.000009,-0.000009,-0.000007,-0.000008,-0.000019,-0.000015,-0.000007,-0.000022,-0.000018,-0.000047,-0.000016,-0.000001,-0.000001,-0.000288,0,-0.000001,-0.016878,-0.000008,-0.000573,-0.000097,-0.008324,0,-0.000129,0,-0.007586,-0.00598,0,-0.013269,-0.000022,-0.000062,-0.000069,-0.028673,0,-0.00002,-0.00002,-0.000074,0,-0.000013,-0.000491,-0.043817,-0.000065,-0.009608,-0.06107,-0.000031,-0.000116,-0.000054,-0.000668,-0.000114,-0.000018,-0.000093,-0.000047,-0.00007,0,-0.000005
粗付加価値部門計,0.618686,0.224995,0.657806,0.368134,0.619183,0,0,0.383402,0.257367,0.357042,0.077228,0.547809,0.448799,0.650418,0.283819,0.704191,0.707397,0.26627,0.43531,0.101875,0.165183,0.538995,0.275905,0.182219,0.150404,0.124733,0.359384,0.234382,0.33066,0.443324,0.410112,0.218863,0.479393,0.343997,0.458707,0,0,0.254568,0.448852,0.3593,0,0.332518,0.31853,0.482657,0.318981,0.334104,0.269457,0.305207,0.241805,0.166693,0.131592,0.176065,0.129336,0.260955,0.254956,0.122265,0.248515,0.214842,0.43326,0.379764,0.566559,0.495013,0.535674,0.692334,0.348915,0.63571,0.533437,0.709971,0.708558,0.693395,0.652503,0.726811,0.872867,0.692111,0.659416,0,0.423174,0.203774,0.615443,0.594122,0.587784,0.795245,0.532965,0.400594,0.521791,0.623472,0.812189,0.67766,0.568424,0.691105,0.758945,0.572375,0.698095,0.326466,0.420342,0.752274,0.49776,0.470977,0.728379,0.719509,0.711863,0,0.387798
県内生産額,1,1,1,1,1,0,0,1,1,1,1,1,1,1,1,1,1,1,1,1,1,1,1,1,1,1,1,1,1,1,1,1,1,1,1,0,0,1,1,1,0,1,1,1,1,1,1,1,1,1,1,1,1,1,1,1,1,1,1,1,1,1,1,1,1,1,1,1,1,1,1,1,1,1,1,1,1,1,1,1,1,1,1,1,1,1,1,1,1,1,1,1,1,1,1,1,1,1,1,1,1,1,1